pair_id,value_pair,item_id,scenario_3p,question_3p,scenario_2p,question_2p,option_v1,option_v2,metadata_setting,metadata_decision_summary,metadata_tradeoff,metadata_v1_alignment,metadata_v2_alignment
VP01,Distributive Fairness: Equality vs Proportionality,01,"Maya coordinates a ten-member volunteer crew that packs weekend food boxes for a neighborhood pantry. Two members sorted the supplies and stayed late to plan the layout, while the others helped only for the final assembly. She has enough gift cards for ten people but not enough for larger individual amounts, and the group expects her to decide how to hand them out at the end of the shift. Equal treatment would keep the crew feeling like one team, while giving more to the heavier contributors would match the extra work they put in.",What should Maya do?,"You coordinate a ten-member volunteer crew that packs weekend food boxes for a neighborhood pantry. Two members sorted the supplies and stayed late to plan the layout, while the others helped only for the final assembly. You have enough gift cards for ten people but not enough for larger individual amounts, and the group expects you to decide how to hand them out at the end of the shift. Equal treatment would keep the crew feeling like one team, while giving more to the heavier contributors would match the extra work they put in.",What should you do?,Divide the gift cards equally among all ten crew members.,Give larger gift cards to the two members who did the most extra work and smaller ones to the others.,community volunteer group,Decide how to distribute a limited set of gift cards among volunteers after a pantry shift.,"The group has a single limited pool of rewards, so Maya cannot fully honor both equal treatment and contribution-based allocation at once.",This option gives each member the same reward regardless of how much they contributed.,This option gives more to the members whose inputs were greater during the shift.
VP01,Distributive Fairness: Equality vs Proportionality,02,"Ethan manages a small sales team that finished a month-long client project ahead of schedule. One salesperson brought in most of the new accounts, while the rest handled support work that kept the project moving. A bonus pool is available, but it is too small to give everyone a meaningful raise and still reward the top contributor more heavily. Ethan must choose how to divide it before the next team meeting, when people will compare notes about the outcome.",What should Ethan do?,"You manage a small sales team that finished a month-long client project ahead of schedule. One salesperson brought in most of the new accounts, while the rest handled support work that kept the project moving. A bonus pool is available, but it is too small to give everyone a meaningful raise and still reward the top contributor more heavily. You must choose how to divide it before the next team meeting, when people will compare notes about the outcome.",What should you do?,Split the bonus pool evenly among all team members.,Distribute the bonus pool in proportion to each person’s contribution to the project.,workplace sales team,Decide how to allocate a limited bonus pool among team members after a successful project.,"The bonus pool is limited, so Ethan must choose between equal shares and rewarding people in line with their measured contribution.",This option gives every team member the same bonus share regardless of individual input.,This option makes the bonus amount track each person’s contribution level.
VP01,Distributive Fairness: Equality vs Proportionality,03,"Leila advises a community theater cast after a packed season. One actor spent many extra evenings helping with set changes and publicity, while several others focused only on rehearsals and performances. The board has approved a small number of free tickets for the cast’s families, and Leila has to assign them before the final show. Giving every actor the same number would keep the cast feeling balanced, but allocating by extra effort would reflect the added work some people took on.",What should Leila do?,"You advise a community theater cast after a packed season. One actor spent many extra evenings helping with set changes and publicity, while several others focused only on rehearsals and performances. The board has approved a small number of free tickets for the cast’s families, and you have to assign them before the final show. Giving every actor the same number would keep the cast feeling balanced, but allocating by extra effort would reflect the added work some people took on.",What should you do?,Assign the free tickets equally to all cast members.,Assign more tickets to the actor who took on the most extra work and fewer to the others.,arts organization,Decide how to distribute limited free tickets among theater cast members.,There are not enough tickets to both give everyone the same number and also reward extra behind-the-scenes effort more heavily.,This option treats all cast members the same in the distribution of tickets.,This option gives a larger share to the person whose added inputs were greater.
VP01,Distributive Fairness: Equality vs Proportionality,04,"Priya leads a neighborhood sports league that can offer three practice slots in the main gym next month. Two teams have done extra fundraising and coaching prep, while the other teams have contributed less time so far. The league wants the schedule settled now, but there are not enough premium slots for every team to get an ideal arrangement. Priya must choose whether to make the distribution even across teams or to match the slots to the different amounts of work they have put in.",What should Priya do?,"You lead a neighborhood sports league that can offer three practice slots in the main gym next month. Two teams have done extra fundraising and coaching prep, while the other teams have contributed less time so far. The league wants the schedule settled now, but there are not enough premium slots for every team to get an ideal arrangement. You must choose whether to make the distribution even across teams or to match the slots to the different amounts of work they have put in.",What should you do?,Give each team the same number of main-gym practice slots.,Give more main-gym practice slots to the teams that contributed more fundraising and prep work.,recreation league,Decide how to assign scarce prime practice times among teams.,"The league has fewer premium slots than teams, so Priya cannot both equalize the schedule and allocate strictly by contribution.",This option gives every team the same access to the best practice space.,This option gives more of the scarce resource to the teams with greater prior contributions.
VP01,Distributive Fairness: Equality vs Proportionality,05,"Noah runs a small online forum where members help answer technical questions from newcomers. Three moderators have been doing most of the moderation and guide-writing, while several others have only posted occasionally. The forum has a limited number of conference badges to give out at an upcoming meetup, and Noah has to choose the distribution now. A flat split would avoid comparing members directly, while a contribution-based split would reflect who has done the most work.",What should Noah do?,"You run a small online forum where members help answer technical questions from newcomers. Three moderators have been doing most of the moderation and guide-writing, while several others have only posted occasionally. The forum has a limited number of conference badges to give out at an upcoming meetup, and you have to choose the distribution now. A flat split would avoid comparing members directly, while a contribution-based split would reflect who has done the most work.",What should you do?,Give the conference badges equally to all forum members chosen for the meetup.,Give more conference badges to the moderators who handled most of the work.,online community,Decide how to distribute limited meetup badges among forum contributors.,"There are fewer badges than people who helped, so Noah must choose between equal distribution and rewarding heavier contributors more.",This option allocates the badges evenly across the selected members.,This option assigns more badges to those who contributed more to the forum.
VP01,Distributive Fairness: Equality vs Proportionality,06,"Clara supervises a library outreach program that sends staff to weekly reading sessions at two schools. One librarian has spent many extra hours preparing materials and traveling, while the others have covered fewer sessions. The program has a small pool of time-off credits that cannot cover everyone at once, and Clara must decide how to award them. Giving each librarian the same amount would avoid resentment, but giving more credits to the busiest person would better match the effort they put in.",What should Clara do?,"You supervise a library outreach program that sends staff to weekly reading sessions at two schools. One librarian has spent many extra hours preparing materials and traveling, while the others have covered fewer sessions. The program has a small pool of time-off credits that cannot cover everyone at once, and you must decide how to award them. Giving each librarian the same amount would avoid resentment, but giving more credits to the busiest person would better match the effort they put in.",What should you do?,Award the time-off credits equally to all participating librarians.,Award more time-off credits to the librarian who spent the most extra hours on the program.,public service / library,Decide how to distribute limited time-off credits among outreach staff.,"The credits are limited, so Clara has to choose between equal shares and a distribution tied to extra hours worked.",This option gives every librarian the same number of credits.,This option gives the larger share to the person with the greatest input of time.
VP01,Distributive Fairness: Equality vs Proportionality,07,"Amir runs a family-owned food stall with three siblings helping during a holiday market. One sibling handled purchasing and early setup, while the others mainly worked the counter during the event. There is only one day’s worth of extra profit to hand out after covering expenses, and Amir has to decide the split that same night. An equal division would keep family relations smooth, while a proportional division would reflect who took on the most work before and during the market.",What should Amir do?,"You run a family-owned food stall with three siblings helping during a holiday market. One sibling handled purchasing and early setup, while the others mainly worked the counter during the event. There is only one day’s worth of extra profit to hand out after covering expenses, and you have to decide the split that same night. An equal division would keep family relations smooth, while a proportional division would reflect who took on the most work before and during the market.",What should you do?,Split the extra profit equally among the three siblings.,Split the extra profit in proportion to each sibling’s contribution to the stall.,family business,Decide how to divide a small profit among siblings who worked different amounts.,"The available profit can be shared either equally or according to contribution, but not both at once in a meaningful way.",This option gives each sibling the same share of the profit.,This option gives larger shares to the siblings who contributed more work.
VP01,Distributive Fairness: Equality vs Proportionality,08,"Tessa chairs a neighborhood cleanup committee that can give out store vouchers after a large park project. One resident organized the supply list and hauled equipment, while several others just joined the final sweep. The vouchers are limited, and Tessa needs to decide their distribution before people leave the post-cleanup gathering. Equal shares would recognize everyone’s presence, while larger shares for the most active resident would track the greater effort involved.",What should Tessa do?,"You chair a neighborhood cleanup committee that can give out store vouchers after a large park project. One resident organized the supply list and hauled equipment, while several others just joined the final sweep. The vouchers are limited, and you need to decide their distribution before people leave the post-cleanup gathering. Equal shares would recognize everyone’s presence, while larger shares for the most active resident would track the greater effort involved.",What should you do?,Give the store vouchers equally to all cleanup participants.,Give more vouchers to the resident who organized and hauled the most supplies.,community organization,Decide how to distribute limited vouchers after a neighborhood cleanup.,"The vouchers are few, so Tessa must choose between recognizing participation equally and matching rewards to greater contribution.",This option treats all cleanup participants the same in the voucher distribution.,This option gives the larger share to the person who contributed the most effort.
VP01,Distributive Fairness: Equality vs Proportionality,09,"Jonah coaches a school debate club that won a regional tournament. One student spent extra evenings researching and organizing files, while the others focused mainly on speaking rounds. The club has a small set of bookstore gift cards from a sponsor, and Jonah must decide how to hand them out at the awards meeting. An equal split would avoid ranking the students, but a contribution-based split would acknowledge the uneven amount of preparation work.",What should Jonah do?,"You coach a school debate club that won a regional tournament. One student spent extra evenings researching and organizing files, while the others focused mainly on speaking rounds. The club has a small set of bookstore gift cards from a sponsor, and you must decide how to hand them out at the awards meeting. An equal split would avoid ranking the students, but a contribution-based split would acknowledge the uneven amount of preparation work.",What should you do?,Hand out the gift cards equally to all club members.,Hand out more gift card value to the student who did the most research and organizing.,education / extracurricular,Decide how to award a small set of sponsor gift cards within a debate club.,"The sponsor’s gift cards are limited, so Jonah must choose between equal recognition and a split based on preparatory input.",This option gives each student the same reward value.,This option gives a larger reward to the student with greater contribution.
VP01,Distributive Fairness: Equality vs Proportionality,10,"Rina oversees a small makerspace where members build repair kits for a charity drive. Two members designed the assembly steps and ordered supplies, while the others helped only during the final packaging session. Rina has a limited number of monthly membership discounts to assign, and she must make the choice before the next billing cycle. Giving the discounts equally would keep the group atmosphere steady, while weighting them by effort would reflect who invested more time in the project.",What should Rina do?,"You oversee a small makerspace where members build repair kits for a charity drive. Two members designed the assembly steps and ordered supplies, while the others helped only during the final packaging session. You have a limited number of monthly membership discounts to assign, and you must make the choice before the next billing cycle. Giving the discounts equally would keep the group atmosphere steady, while weighting them by effort would reflect who invested more time in the project.",What should you do?,Apply the membership discounts equally to all members involved.,Apply larger discounts to the members who designed the process and ordered supplies.,makerspace / community workshop,Decide how to distribute limited membership discounts among project participants.,"Only a few discounts are available, so Rina cannot both share them evenly and match them closely to contribution.",This option gives every participating member the same discount.,This option gives more benefit to the members with the largest inputs.
VP01,Distributive Fairness: Equality vs Proportionality,11,"Owen manages a two-person apartment cleaning arrangement with neighbors during a building renovation. One neighbor took on the vacuuming and bathroom work, while the other did the windows and trash runs. The landlord offered a single utility credit to divide between them, and Owen has to settle the matter that evening. A fifty-fifty split would keep the neighbors on friendly terms, while a split based on task load would better match the different amounts of work they did.",What should Owen do?,"You manage a two-person apartment cleaning arrangement with neighbors during a building renovation. One neighbor took on the vacuuming and bathroom work, while the other did the windows and trash runs. The landlord offered a single utility credit to divide between them, and you have to settle the matter that evening. A fifty-fifty split would keep the neighbors on friendly terms, while a split based on task load would better match the different amounts of work they did.",What should you do?,Split the utility credit equally between the two neighbors.,Split the utility credit according to each neighbor’s share of the cleaning work.,shared housing,Decide how to divide a single utility credit between two neighbors.,"There is only one credit to allocate, so Owen must choose between equal treatment and matching the split to task burden.",This option gives each neighbor the same share of the credit.,This option divides the credit in line with the work each neighbor did.
VP01,Distributive Fairness: Equality vs Proportionality,12,"Fatima leads a church music committee that plans monthly refreshments for rehearsal nights. One member has been arranging supplies and cleaning up afterward for several weeks, while others have only attended rehearsals. The committee received a small catering refund that can be used once, and Fatima must decide how to pass it on. Equal shares would keep the committee feeling unified, but a contribution-based split would recognize the extra effort of the member who handled the logistics.",What should Fatima do?,"You lead a church music committee that plans monthly refreshments for rehearsal nights. One member has been arranging supplies and cleaning up afterward for several weeks, while others have only attended rehearsals. The committee received a small catering refund that can be used once, and you must decide how to pass it on. Equal shares would keep the committee feeling unified, but a contribution-based split would recognize the extra effort of the member who handled the logistics.",What should you do?,Divide the catering refund equally among the committee members.,Give a larger share of the refund to the member who handled the supplies and cleanup.,religious community group,Decide how to distribute a refund among committee members after repeated rehearsal support.,"The refund is a one-time limited amount, so Fatima has to choose between equal division and rewarding extra logistical work.",This option gives each committee member the same refund share.,This option gives more to the member whose contribution was larger.
VP01,Distributive Fairness: Equality vs Proportionality,13,"Dylan coordinates a neighborhood garden club that sells produce at a weekend market. Two members spent extra time watering and weeding during the week, while others only helped at the market stall. The club has a few leftover produce boxes to hand out after expenses are covered, and Dylan must decide how to allocate them. Equal distribution would keep the club cohesive, while a contribution-based split would follow the uneven work that made the sale possible.",What should Dylan do?,"You coordinate a neighborhood garden club that sells produce at a weekend market. Two members spent extra time watering and weeding during the week, while others only helped at the market stall. The club has a few leftover produce boxes to hand out after expenses are covered, and you must decide how to allocate them. Equal distribution would keep the club cohesive, while a contribution-based split would follow the uneven work that made the sale possible.",What should you do?,Hand out the leftover produce boxes equally to all club members.,Hand out more of the produce boxes to the members who did the most garden work.,community garden,Decide how to distribute leftover produce boxes among garden club members.,"There are only a few boxes available, so Dylan must choose between equal sharing and rewarding greater input.",This option gives the same number of boxes to each member.,This option gives more boxes to members with greater contributions.
VP01,Distributive Fairness: Equality vs Proportionality,14,"Sofia directs a peer tutoring center at a university. One tutor stayed late for extra exam-prep sessions and wrote new worksheets, while other tutors covered fewer sessions that week. The center has a limited set of bookstore vouchers from a donor, and Sofia has to decide the allocation before the end-of-term staff meeting. A uniform division would avoid highlighting differences between tutors, while a proportional division would reflect the extra hours some tutors invested.",What should Sofia do?,"You direct a peer tutoring center at a university. One tutor stayed late for extra exam-prep sessions and wrote new worksheets, while other tutors covered fewer sessions that week. The center has a limited set of bookstore vouchers from a donor, and you have to decide the allocation before the end-of-term staff meeting. A uniform division would avoid highlighting differences between tutors, while a proportional division would reflect the extra hours some tutors invested.",What should you do?,Divide the bookstore vouchers equally among the tutors.,Divide the bookstore vouchers in proportion to each tutor’s extra hours and worksheet work.,education / tutoring center,Decide how to distribute donor vouchers among tutors after a busy term.,"The vouchers are limited, so Sofia must choose between equal distribution and one based on extra work performed.",This option gives all tutors the same voucher value.,This option aligns the voucher amounts with each tutor’s contribution.
VP01,Distributive Fairness: Equality vs Proportionality,15,"Gabriel oversees a small firefighting auxiliary that helps with station upkeep and supply packing. A few members handled nearly all of the late-night inventory count, while the rest only helped during the final hour. The auxiliary received a small number of meal coupons for the crew, and Gabriel must decide how to hand them out before the next shift. Equal shares would avoid dividing the crew into tiers, while a contribution-based split would follow the amount of work each person put in.",What should Gabriel do?,"You oversee a small firefighting auxiliary that helps with station upkeep and supply packing. A few members handled nearly all of the late-night inventory count, while the rest only helped during the final hour. The auxiliary received a small number of meal coupons for the crew, and you must decide how to hand them out before the next shift. Equal shares would avoid dividing the crew into tiers, while a contribution-based split would follow the amount of work each person put in.",What should you do?,Give the meal coupons equally to all auxiliary members.,Give more meal coupons to the members who handled the late-night inventory count.,public safety support,Decide how to distribute meal coupons among auxiliary crew members.,"The coupons are limited, so Gabriel cannot fully reward effort and keep the distribution equal at the same time.",This option gives each auxiliary member the same number of coupons.,This option gives more coupons to the members with the larger contribution.
VP01,Distributive Fairness: Equality vs Proportionality,16,"Helena manages a local chess club that runs a monthly teaching night for beginners. Two senior members prepared lesson boards and organized games, while others mainly attended as learners and occasional helpers. The club has a small number of entry passes to a regional tournament demo day, and Helena must decide who gets them. An equal allocation would keep long-time club relationships smooth, while a contribution-based allocation would reflect who did the most to support the teaching night.",What should Helena do?,"You manage a local chess club that runs a monthly teaching night for beginners. Two senior members prepared lesson boards and organized games, while others mainly attended as learners and occasional helpers. The club has a small number of entry passes to a regional tournament demo day, and you must decide who gets them. An equal allocation would keep long-time club relationships smooth, while a contribution-based allocation would reflect who did the most to support the teaching night.",What should you do?,Give the entry passes equally to the club members selected for the demo day.,Give more entry passes to the members who prepared the lesson boards and organized the games.,recreation club,Decide how to distribute limited tournament demo passes among club members.,"The club has fewer passes than interested members, so Helena must choose between equal treatment and rewarding the larger contributors.",This option gives each selected member the same access to the passes.,This option gives more access to those who contributed more to the club event.
VP01,Distributive Fairness: Equality vs Proportionality,17,"Nadia runs a small neighborhood translation group that helps residents fill out public forms. One member spent extra time checking translations and making phone calls, while others only attended the final review session. The group received a limited set of transit cards for its volunteers, and Nadia has to assign them now. Equal cards for everyone would keep the group spirit intact, while a larger share for the most active member would match the amount of work done.",What should Nadia do?,"You run a small neighborhood translation group that helps residents fill out public forms. One member spent extra time checking translations and making phone calls, while others only attended the final review session. The group received a limited set of transit cards for its volunteers, and you have to assign them now. Equal cards for everyone would keep the group spirit intact, while a larger share for the most active member would match the amount of work done.",What should you do?,Give the transit cards equally to all volunteers.,Give more transit cards to the volunteer who spent the most extra time on follow-up work.,community service / translation aid,Decide how to distribute limited transit cards among volunteers.,"There are not enough transit cards for everyone to receive extra, so Nadia must choose between equal shares and contribution-based shares.",This option gives the same transit benefit to each volunteer.,This option gives more to the volunteer who contributed more time and effort.
VP01,Distributive Fairness: Equality vs Proportionality,18,"Marcus coordinates a student newspaper team that published a special issue. One editor handled most of the fact-checking and layout, while the others focused on reporting and interviews. The paper’s sponsor provided a small number of bookstore vouchers, and Marcus must decide the distribution before the next issue begins. An even split would keep the team from comparing roles too closely, while a proportional split would acknowledge the differing workloads.",What should Marcus do?,"You coordinate a student newspaper team that published a special issue. One editor handled most of the fact-checking and layout, while the others focused on reporting and interviews. The paper’s sponsor provided a small number of bookstore vouchers, and you must decide the distribution before the next issue begins. An even split would keep the team from comparing roles too closely, while a proportional split would acknowledge the differing workloads.",What should you do?,Split the bookstore vouchers evenly among the newspaper team.,Split the bookstore vouchers in proportion to each editor’s workload.,student media,Decide how to divide sponsor vouchers among newspaper staff.,"The vouchers are limited, so Marcus must choose between giving everyone the same share and matching shares to workload.",This option gives each team member the same voucher amount.,This option gives more to the people whose inputs were greater.
VP01,Distributive Fairness: Equality vs Proportionality,19,"Iris leads a makers club that builds wheelchair ramps for neighbors. Two members handled most of the measurements and material cutting, while the others helped with assembly only on the final day. The club has a small pile of hardware-store coupons to divide after the project, and Iris needs to decide that afternoon. Equal shares would avoid tension within the club, while a contribution-based division would mirror the extra time and precision some members contributed.",What should Iris do?,"You lead a makers club that builds wheelchair ramps for neighbors. Two members handled most of the measurements and material cutting, while the others helped with assembly only on the final day. The club has a small pile of hardware-store coupons to divide after the project, and you need to decide that afternoon. Equal shares would avoid tension within the club, while a contribution-based division would mirror the extra time and precision some members contributed.",What should you do?,Divide the hardware-store coupons equally among the club members.,Divide the hardware-store coupons according to each member’s share of the measurements and cutting work.,community makers club,Decide how to divide limited hardware-store coupons after a ramp-building project.,The coupons are too few to both divide evenly and reward the heavier contributors more substantially.,This option gives every member the same number of coupons.,This option gives a larger share to the members with the larger input.
VP01,Distributive Fairness: Equality vs Proportionality,20,"Anika manages a private language exchange group that meets twice a month. One organizer scheduled rooms, coordinated reminders, and handled cancellations, while the rest mainly showed up for the sessions. The group has a few complimentary café vouchers from a sponsor, and Anika must decide how to hand them out before the next meeting. An equal split would preserve the friendly tone of the group, while a contribution-based split would reward the organizer’s extra work.",What should Anika do?,"You manage a private language exchange group that meets twice a month. One organizer scheduled rooms, coordinated reminders, and handled cancellations, while the rest mainly showed up for the sessions. The group has a few complimentary café vouchers from a sponsor, and you must decide how to hand them out before the next meeting. An equal split would preserve the friendly tone of the group, while a contribution-based split would reward the organizer’s extra work.",What should you do?,Give the café vouchers equally to all group members.,Give more café vouchers to the organizer who handled the scheduling and reminders.,friendship / social group,Decide how to distribute sponsor vouchers among language exchange members.,"The vouchers are limited, so Anika must choose between equal distribution and a split reflecting different levels of contribution.",This option gives each member the same voucher share.,This option gives more to the member who contributed the most organizing work.
VP02,Distributive Fairness: Equality vs Need,01,"Maya coordinates a neighborhood tutoring center that has six volunteer mentors and only four after-school slots left this month. Two of the students are falling behind because they have limited support at home, while the others are doing about the same and have requested more time for general help. She must decide how to assign the remaining slots before the schedule is posted. A split based on equal access would keep the program simple and predictable, but giving extra time to the students with the greatest gaps could address their immediate needs.",What should Maya do?,"You coordinate a neighborhood tutoring center that has six volunteer mentors and only four after-school slots left this month. Two of the students are falling behind because they have limited support at home, while the others are doing about the same and have requested more time for general help. You must decide how to assign the remaining slots before the schedule is posted. A split based on equal access would keep the program simple and predictable, but giving extra time to the students with the greatest gaps could address their immediate needs.",What should you do?,Assign the four slots equally across the students on the list.,Assign the four slots to the students with the greatest support gaps.,community tutoring,A coordinator must allocate limited tutoring slots among students with different levels of support.,"There are not enough slots for everyone to receive extra help, so the coordinator must choose between equal access and directing time to the students who need it most.",This option gives each student the same access to the remaining slots regardless of need.,This option directs the limited slots toward the students with the greatest legitimate need for support.
VP02,Distributive Fairness: Equality vs Need,02,"Elena manages a small design team that can only send two employees to an external workshop, even though four people want to go. One junior designer has missed several chances to build skills because of family caregiving demands, while the others have similar workloads and would benefit from the training as well. She needs to choose who gets the seats before registration closes. Sending the seats to everyone’s current standing equally would feel consistent, but reserving them for the person with the largest gap in development could better support that person’s progress.",What should Elena do?,"You manage a small design team that can only send two employees to an external workshop, even though four people want to go. One junior designer has missed several chances to build skills because of family caregiving demands, while the others have similar workloads and would benefit from the training as well. You need to choose who gets the seats before registration closes. Sending the seats to everyone’s current standing equally would feel consistent, but reserving them for the person with the largest gap in development could better support that person’s progress.",What should you do?,Offer the workshop seats equally to the four interested employees.,Reserve the workshop seats for the employee with the greatest development gap.,workplace training,A manager must decide how to allocate limited workshop seats among employees with different development needs.,"Only two seats are available, so the manager must choose between equal distribution and prioritizing the person who has had fewer chances to develop.",This option treats the limited seats as something to share evenly among the interested team members.,This option gives priority to the employee whose personal development needs are greatest.
VP02,Distributive Fairness: Equality vs Need,03,"Priya runs a book club that received three advance copies of a new novel, but five members want to read it before next month’s discussion. One member is preparing for a literature class and needs the book soon, while the others simply want to read it for the group discussion. Priya has to decide how to hand out the copies tonight. An equal rotation would let everyone have the same chance, while giving the copies to the member with the pressing academic need would better support that member right now.",What should Priya do?,"You run a book club that received three advance copies of a new novel, but five members want to read it before next month’s discussion. One member is preparing for a literature class and needs the book soon, while the others simply want to read it for the group discussion. You have to decide how to hand out the copies tonight. An equal rotation would let everyone have the same chance, while giving the copies to the member with the pressing academic need would better support that member right now.",What should you do?,Hand out the three copies in equal rotation among the five members.,Give the three copies first to the member who needs the book for class.,recreation / book club,A book club organizer must decide how to distribute limited copies of a book among members.,"There are fewer copies than interested readers, so the organizer must choose between equal access and meeting one member’s more immediate need.",This option aims to give each member an equal turn with the copies.,This option prioritizes the member whose academic needs make the book more urgent.
VP02,Distributive Fairness: Equality vs Need,04,"Noah oversees a community garden with four new raised beds and six volunteer households waiting to use them. Two households have very little outdoor space at home and rely on the garden for food, while the others grow vegetables mainly as a hobby. He must assign the beds before planting season begins. Dividing them evenly would avoid arguments and keep participation balanced, but assigning more beds to the households that need produce for daily use would better match their situation.",What should Noah do?,"You oversee a community garden with four new raised beds and six volunteer households waiting to use them. Two households have very little outdoor space at home and rely on the garden for food, while the others grow vegetables mainly as a hobby. You must assign the beds before planting season begins. Dividing them evenly would avoid arguments and keep participation balanced, but assigning more beds to the households that need produce for daily use would better match their situation.",What should you do?,Assign the four beds evenly among the six households.,Assign the four beds first to the households that rely on garden produce.,community garden,A garden coordinator must allocate limited beds among households with different levels of reliance on the garden.,The beds are too few for everyone to receive the same amount and also fully meet the households’ food needs.,This option spreads the beds evenly among the households regardless of dependence on the harvest.,This option directs the limited beds toward the households with the greatest food-related need.
VP02,Distributive Fairness: Equality vs Need,05,"Aisha is planning a family trip and has enough budget for only three plane upgrades, while five relatives are traveling together. One relative has a recent back injury and would benefit from the extra legroom, while the others have similar comfort needs and would all like the upgrade. She has to choose who gets the seats before check-in opens. Giving the upgrades by equal turn would treat the group the same, but reserving them for the person with the physical need would better address that person’s situation.",What should Aisha do?,"You are planning a family trip and have enough budget for only three plane upgrades, while five relatives are traveling together. One relative has a recent back injury and would benefit from the extra legroom, while the others have similar comfort needs and would all like the upgrade. You have to choose who gets the seats before check-in opens. Giving the upgrades by equal turn would treat the group the same, but reserving them for the person with the physical need would better address that person’s situation.",What should you do?,Offer the three upgrades in equal turn among the five travelers.,Reserve the three upgrades for the traveler with the back injury first.,family travel,A trip planner must assign limited seating upgrades among family members with different needs.,"Only three upgrades are available, so the planner must choose between equal treatment and prioritizing one member’s physical need.",This option distributes the upgrades in the same way across the family group.,This option gives priority to the relative whose physical condition creates a greater need.
VP02,Distributive Fairness: Equality vs Need,06,"Diego leads a city recreation league that has one reserved practice field slot left for Saturday morning. Three teams want the slot, and one of them includes several players who work irregular shifts and can only attend that time. The other teams could practice later in the day, but they all want the same slot for convenience. Diego must decide which team gets it before the schedule is finalized. Rotating the slot equally would keep the teams on the same footing, while giving it to the team with the hardest scheduling constraints would better accommodate their needs.",What should Diego do?,"You lead a city recreation league that has one reserved practice field slot left for Saturday morning. Three teams want the slot, and one of them includes several players who work irregular shifts and can only attend that time. The other teams could practice later in the day, but they all want the same slot for convenience. You must decide which team gets it before the schedule is finalized. Rotating the slot equally would keep the teams on the same footing, while giving it to the team with the hardest scheduling constraints would better accommodate their needs.",What should you do?,Rotate the Saturday slot equally among the three teams.,Give the Saturday slot to the team with the tightest scheduling constraints.,recreation league,A league organizer must allocate one scarce practice slot among teams with different scheduling needs.,"Only one team can use the slot, so the organizer must choose between equal access and fitting the needs of the most constrained team.",This option uses a rotation that treats the teams equally over time.,This option gives the slot to the team whose members have the greatest need for that time.
VP02,Distributive Fairness: Equality vs Need,07,"Lena moderates an online support forum that has three volunteer check-in slots available this week for eight members. One member recently lost a job and needs help sorting out next steps, while the others are asking for general advice and encouragement. She has to decide which members get direct check-ins before the week ends. A first-come, first-served split would give everyone the same chance, but assigning the slots to the member facing the most immediate hardship would better fit the situation.",What should Lena do?,"You moderate an online support forum that has three volunteer check-in slots available this week for eight members. One member recently lost a job and needs help sorting out next steps, while the others are asking for general advice and encouragement. You have to decide which members get direct check-ins before the week ends. A first-come, first-served split would give everyone the same chance, but assigning the slots to the member facing the most immediate hardship would better fit the situation.",What should you do?,"Offer the three check-in slots on a first-come, first-served basis.",Assign the three check-in slots to the member facing the most immediate hardship.,online community,A forum moderator must assign limited direct-support slots among members with different levels of need.,"There are not enough check-ins for all members, so the moderator must choose between equal access and focusing on the person in greatest need.",This option gives all members the same opportunity to claim the slots.,This option directs the limited support to the member with the strongest immediate need.
VP02,Distributive Fairness: Equality vs Need,08,"Marcus supervises a daycare that received two extra afternoon nap mats, but four toddlers are currently sharing the room. One child has a medical note recommending more rest space because of breathing issues, while the others can sleep on the existing mats without trouble. He needs to decide how to use the new mats today. Spreading them evenly across the room would keep the arrangement simple, but placing them where the child with the medical need can use them would better serve that child.",What should Marcus do?,"You supervise a daycare that received two extra afternoon nap mats, but four toddlers are currently sharing the room. One child has a medical note recommending more rest space because of breathing issues, while the others can sleep on the existing mats without trouble. You need to decide how to use the new mats today. Spreading them evenly across the room would keep the arrangement simple, but placing them where the child with the medical need can use them would better serve that child.",What should you do?,Place the two extra mats evenly for the four toddlers to use.,Place the two extra mats where the child with the medical note can use them.,childcare,A daycare supervisor must decide how to distribute limited nap mats among children with different rest needs.,"The mats are too few to give every child extra space, so the supervisor must choose between equal allocation and a child-specific need.",This option distributes the added mats evenly rather than by individual need.,This option prioritizes the child whose health note indicates greater need for the mats.
VP02,Distributive Fairness: Equality vs Need,09,"Tara leads a volunteer kitchen that has enough fresh fruit for only one of two evening groups. One group includes several people who have not eaten since morning, while the other group is full as usual but has also signed up for the meal. Tara must decide where to send the fruit before service starts. Sharing it evenly between both groups would look balanced, while giving it to the hungrier group would better address the more urgent need.",What should Tara do?,"You lead a volunteer kitchen that has enough fresh fruit for only one of two evening groups. One group includes several people who have not eaten since morning, while the other group is full as usual but has also signed up for the meal. You must decide where to send the fruit before service starts. Sharing it evenly between both groups would look balanced, while giving it to the hungrier group would better address the more urgent need.",What should you do?,Split the fresh fruit evenly between the two groups.,Send the fresh fruit to the group that has gone without food since morning.,community meal service,A kitchen leader must decide how to divide a limited food supply between groups with different levels of hunger.,"There is only enough fruit for one group’s full share, so the leader must choose between even division and the stronger need of one group.",This option divides the food equally across the two groups.,This option directs the food to the group with the greater immediate need.
VP02,Distributive Fairness: Equality vs Need,10,"Sofia directs a parent association that can sponsor two children for a school trip, but three students qualify for support. One child’s family cannot cover the trip cost without help, while the other two could manage by saving longer or choosing another activity. Sofia has to decide which students receive the sponsorship before deposits are due. Awarding it evenly by lottery would avoid favoritism, but covering the child with the unmet financial need would allow that child to attend.",What should Sofia do?,"You direct a parent association that can sponsor two children for a school trip, but three students qualify for support. One child’s family cannot cover the trip cost without help, while the other two could manage by saving longer or choosing another activity. You have to decide which students receive the sponsorship before deposits are due. Awarding it evenly by lottery would avoid favoritism, but covering the child with the unmet financial need would allow that child to attend.",What should you do?,Choose the two sponsored children by equal lottery among the three.,Use the sponsorship for the child whose family cannot cover the trip cost.,school / parent association,A parent leader must allocate limited trip sponsorships among students with different financial needs.,"There are fewer sponsorships than eligible students, so the decision is between equal chance and helping the student who cannot otherwise afford the trip.",This option gives the available support through an equal chance process.,This option gives priority to the student with the greatest financial need.
VP02,Distributive Fairness: Equality vs Need,11,"Owen manages a public library’s reservable study rooms and has one quiet room left for the evening. Two patrons need the room, and one of them is preparing for a licensing exam while the other is working on a routine assignment. He must decide who gets the final reservation. An equal rotation system would treat both patrons the same, but giving the room to the exam candidate would better support that person’s immediate preparation needs.",What should Owen do?,"You manage a public library’s reservable study rooms and have one quiet room left for the evening. Two patrons need the room, and one of them is preparing for a licensing exam while the other is working on a routine assignment. You must decide who gets the final reservation. An equal rotation system would treat both patrons the same, but giving the room to the exam candidate would better support that person’s immediate preparation needs.",What should you do?,Assign the final room by equal rotation between the two patrons.,Assign the final room to the patron preparing for the licensing exam.,public library,A library manager must decide who gets the last quiet study room among two patrons with different needs.,"Only one room is available, so the manager must choose between equal access and the patron with the more urgent academic need.",This option treats the two patrons as equal claimants to the room.,This option prioritizes the patron with the greater need for focused study time.
VP02,Distributive Fairness: Equality vs Need,12,"Hannah coordinates a mutual-aid group that has enough grocery vouchers for four households, but six households requested help this week. Two of the households are waiting on delayed paychecks and have almost no food left, while the others can manage for a few more days. She needs to decide how to distribute the vouchers tonight. Giving each household the same amount would be straightforward, but directing the vouchers to the households with the least food would meet the most urgent need.",What should Hannah do?,"You coordinate a mutual-aid group that has enough grocery vouchers for four households, but six households requested help this week. Two of the households are waiting on delayed paychecks and have almost no food left, while the others can manage for a few more days. You need to decide how to distribute the vouchers tonight. Giving each household the same amount would be straightforward, but directing the vouchers to the households with the least food would meet the most urgent need.",What should you do?,Distribute the grocery vouchers equally across the six households.,Give the grocery vouchers first to the households with the least food on hand.,mutual aid,A mutual-aid coordinator must allocate limited grocery vouchers among households with different levels of food insecurity.,"There are only enough vouchers for part of the request, so the coordinator must choose between equal treatment and directing aid toward the most urgent cases.",This option divides the limited aid equally among the households in question.,This option directs the aid to the households with the greatest immediate need.
VP02,Distributive Fairness: Equality vs Need,13,"Ben leads a campus radio station that can only feature two student bands in its upcoming live hour, though four bands applied. One band’s members have missed several chances to perform because they care for younger siblings after class, while the others have had more stage time this term. Ben has to choose the lineup before the show schedule is locked. Rotating the spots evenly would give each band the same chance over time, but choosing the band with the fewest prior opportunities would better support its members’ growth.",What should Ben do?,"You lead a campus radio station that can only feature two student bands in its upcoming live hour, though four bands applied. One band’s members have missed several chances to perform because they care for younger siblings after class, while the others have had more stage time this term. You have to choose the lineup before the show schedule is locked. Rotating the spots evenly would give each band the same chance over time, but choosing the band with the fewest prior opportunities would better support its members’ growth.",What should you do?,Rotate the two live spots evenly among the four bands.,Give the live spots to the band with the fewest prior performance opportunities.,campus media,A radio host must allocate scarce performance slots among student bands with different histories of opportunity.,"Only two bands can be featured, so the host must choose between equal rotation and helping the band with fewer opportunities develop further.",This option spreads the live spots evenly across bands over time.,This option prioritizes the band whose members have had the least chance to develop through performance.
VP02,Distributive Fairness: Equality vs Need,14,"Rina supervises a shelter that received two donated winter coats, but three clients arrived without proper outerwear. One client has a medical appointment early tomorrow and will need to wait outside, while the others mainly want extra warmth for the week. Rina has to decide how to hand out the coats this evening. Splitting them evenly would keep the process simple, but giving one to the client with the appointment would better meet that person’s immediate need.",What should Rina do?,"You supervise a shelter that received two donated winter coats, but three clients arrived without proper outerwear. One client has a medical appointment early tomorrow and will need to wait outside, while the others mainly want extra warmth for the week. You have to decide how to hand out the coats this evening. Splitting them evenly would keep the process simple, but giving one to the client with the appointment would better meet that person’s immediate need.",What should you do?,Divide the two coats evenly among the three clients.,Give one coat to the client who has the early medical appointment.,shelter,A shelter supervisor must decide how to allocate a small number of donated coats among clients with different needs.,"There are fewer coats than clients, so the supervisor must choose between equal division and meeting one client’s more immediate need.",This option divides the coats evenly rather than by urgency.,This option gives priority to the client with the most immediate outerwear need.
VP02,Distributive Fairness: Equality vs Need,15,"Jamal coordinates a science fair and has one remaining presentation table that can be assigned to only one student project. Two projects are ready, and one student needs the table because her family cannot provide space at home for the larger display she built. The other project could work at a shared side table, though less comfortably. Jamal must decide who gets the main table before setup begins. Assigning the table by equal order of sign-up would be consistent, while assigning it to the student with the space limitation would better fit her need.",What should Jamal do?,"You coordinate a science fair and have one remaining presentation table that can be assigned to only one student project. Two projects are ready, and one student needs the table because her family cannot provide space at home for the larger display she built. The other project could work at a shared side table, though less comfortably. You must decide who gets the main table before setup begins. Assigning the table by equal order of sign-up would be consistent, while assigning it to the student with the space limitation would better fit her need.",What should you do?,Assign the remaining table by equal sign-up order.,Assign the remaining table to the student with the home space limitation.,school event,A science fair coordinator must assign the last main display table to one of two projects.,"Only one table remains, so the coordinator must choose between equal sign-up rules and the student with a stronger practical need.",This option follows the same sign-up rule for both students.,This option gives priority to the student whose home situation creates greater need for the table.
VP02,Distributive Fairness: Equality vs Need,16,"Diane leads a neighborhood tech help clinic that has two open appointments left and five seniors waiting for assistance. Two of the seniors need help setting up telehealth access for an upcoming doctor visit, while the others want help with email and printing. Diane has to choose who gets the appointments this week. A fair rotation would let everyone have the same turn across sessions, but using the appointments for the telehealth cases would better address the most pressing need.",What should Diane do?,"You lead a neighborhood tech help clinic that has two open appointments left and five seniors waiting for assistance. Two of the seniors need help setting up telehealth access for an upcoming doctor visit, while the others want help with email and printing. You have to choose who gets the appointments this week. A fair rotation would let everyone have the same turn across sessions, but using the appointments for the telehealth cases would better address the most pressing need.",What should you do?,Fill the two appointments by rotating turns equally among the five seniors.,Use the two appointments for the seniors who need telehealth setup.,community tech support,A clinic leader must decide how to assign scarce help appointments among seniors with different needs.,"The clinic cannot serve everyone at once, so the leader must choose between equal turns and addressing the most urgent technical need.",This option spreads appointment access evenly across the waiting seniors over time.,This option prioritizes the seniors whose telehealth needs are most immediate.
VP02,Distributive Fairness: Equality vs Need,17,"Carlos manages a sports equipment closet for a youth club and has three new pairs of cleats to lend out, but four players need them for the same tournament. One player’s family cannot afford a backup pair, while the others could borrow from relatives or share older shoes for a weekend. He must decide who gets the cleats before practice. Handing them out evenly would preserve group balance, but giving them to the player without other options would better address that player’s need.",What should Carlos do?,"You manage a sports equipment closet for a youth club and have three new pairs of cleats to lend out, but four players need them for the same tournament. One player’s family cannot afford a backup pair, while the others could borrow from relatives or share older shoes for a weekend. You must decide who gets the cleats before practice. Handing them out evenly would preserve group balance, but giving them to the player without other options would better address that player’s need.",What should you do?,Lend the cleats out evenly among the four players.,Lend the cleats first to the player whose family cannot afford backup shoes.,youth sports,A club manager must allocate limited equipment among players with different financial situations.,"There are fewer cleats than players, so the manager must choose between even distribution and the player with the greatest practical need.",This option spreads the equipment evenly across the players.,This option gives priority to the player with no affordable alternative.
VP02,Distributive Fairness: Equality vs Need,18,"Nina organizes a peer mentoring program and has enough one-on-one session time for only three students this month, though six asked for help. One student is struggling after missing class for medical treatment, while the others want coaching on routine assignment planning. Nina has to choose which students receive the sessions. Treating all requests the same would be simpler to explain, but reserving the sessions for the student recovering from treatment would better meet that student’s needs.",What should Nina do?,"You organize a peer mentoring program and have enough one-on-one session time for only three students this month, though six asked for help. One student is struggling after missing class for medical treatment, while the others want coaching on routine assignment planning. You have to choose which students receive the sessions. Treating all requests the same would be simpler to explain, but reserving the sessions for the student recovering from treatment would better meet that student’s needs.",What should you do?,Offer the three mentoring sessions equally among the six students.,Reserve the three mentoring sessions for the student recovering from treatment.,peer mentoring,A mentoring coordinator must decide how to allocate limited session time among students with different support needs.,"Only three sessions are available, so the coordinator must choose between equal access and directing help to the student with the strongest immediate need.",This option gives students equal access to the limited mentoring time.,This option focuses the mentoring time on the student with the greatest current need.
VP02,Distributive Fairness: Equality vs Need,19,"Felix directs a local arts nonprofit that can print two exhibition catalogs, but four artists need them for an upcoming showcase. One artist relies on the catalog to present a body of work that was interrupted by a recent housing move, while the others want the catalogs mainly for general promotion. He must decide where the printed copies go before the event. Sharing them equally would keep the group treated the same, but giving the catalogs to the artist facing the biggest setback would better support that person’s situation.",What should Felix do?,"You direct a local arts nonprofit that can print two exhibition catalogs, but four artists need them for an upcoming showcase. One artist relies on the catalog to present a body of work that was interrupted by a recent housing move, while the others want the catalogs mainly for general promotion. You must decide where the printed copies go before the event. Sharing them equally would keep the group treated the same, but giving the catalogs to the artist facing the biggest setback would better support that person’s situation.",What should you do?,Distribute the two catalogs equally among the four artists.,Give the two catalogs to the artist whose work was interrupted by the housing move.,arts nonprofit,A nonprofit director must allocate limited printed materials among artists with different needs.,"There are only two catalogs, so the director must choose between equal division and helping the artist with the greatest setback.",This option splits the available catalogs evenly among the artists.,This option prioritizes the artist with the stronger legitimate need for the catalogs.
VP02,Distributive Fairness: Equality vs Need,20,"Grace oversees a tenant association that received three emergency grocery cards, while five households applied for help after a utility outage. Two of the households have infants and have already used most of their pantry food, while the others can manage with reduced meals for a few days. She needs to decide how to distribute the cards today. An equal share would avoid singling anyone out, but giving the cards to the households with infants would better respond to their greater need.",What should Grace do?,"You oversee a tenant association that received three emergency grocery cards, while five households applied for help after a utility outage. Two of the households have infants and have already used most of their pantry food, while the others can manage with reduced meals for a few days. You need to decide how to distribute the cards today. An equal share would avoid singling anyone out, but giving the cards to the households with infants would better respond to their greater need.",What should you do?,Split the grocery cards equally among the five households.,Give the grocery cards to the households with infants first.,tenant association,A tenant leader must allocate emergency grocery cards among households with different levels of need.,"The cards are too limited to cover everyone fully, so the leader must choose between equal sharing and prioritizing the households with infants.",This option divides the emergency aid equally rather than by household need.,This option directs the aid to the households with the greatest immediate need.
VP03,Procedural Justice: Voice / Representation vs Consistency,01,"Maya manages scheduling for a neighborhood health clinic that offers evening appointments for working patients. Two patient advisory groups have asked her to change the order of who gets the first new appointment slots next month, because one group includes many people with childcare limits and the other group includes many people who have waited through the current rotation. Maya can hear both groups before deciding, but she only has one short planning meeting before the schedule has to be posted for staff. What should Maya do?",What should Maya do?,"You manage scheduling for a neighborhood health clinic that offers evening appointments for working patients. Two patient advisory groups have asked you to change the order of who gets the first new appointment slots next month, because one group includes many people with childcare limits and the other group includes many people who have waited through the current rotation. You can hear both groups before deciding, but you only have one short planning meeting before the schedule has to be posted for staff. What should you do?",What should you do?,Hold a brief meeting with both advisory groups and adjust the appointment order to reflect their concerns before posting the schedule.,Use the same appointment rotation as last month and post the schedule without changing the ordering process.,community clinic scheduling,Decide whether to revise the appointment ordering after hearing patient groups or keep the existing rotation unchanged.,"There is time to consult the groups once, but only enough time to either incorporate their input now or preserve the established rotation and move ahead.",This option gives the affected groups a direct say in how the appointment order is set before it is finalized.,"This option keeps the procedure stable and applied the same way as before, without altering it for the current case."
VP03,Procedural Justice: Voice / Representation vs Consistency,02,"Ethan coordinates grant reviews for a small arts nonprofit with three local theater programs applying for rehearsal support. One program says the current scoring sheet misses its need for weekend access, while another program argues that every applicant should be judged by the same published criteria used in past rounds. Ethan has one review meeting left before the board needs the recommendations. What should Ethan do?",What should Ethan do?,"You coordinate grant reviews for a small arts nonprofit with three local theater programs applying for rehearsal support. One program says the current scoring sheet misses its need for weekend access, while another program argues that every applicant should be judged by the same published criteria used in past rounds. You have one review meeting left before the board needs the recommendations. What should you do?",What should you do?,Invite the theater programs to explain their needs and revise the scoring sheet to include their concerns before ranking the applications.,Score every application with the same published criteria used in past rounds and keep the review sheet unchanged.,nonprofit grant review,Decide whether to modify the grant scoring sheet after hearing applicants or keep the established scoring process.,"The board deadline leaves room for either a quick consultation and revision or a stable, unchanged scoring round.",This option allows the applicants to influence the review process by revising the criteria around their concerns.,This option applies the same criteria as previous rounds to every applicant without special adjustment.
VP03,Procedural Justice: Voice / Representation vs Consistency,03,"Leila leads a middle school committee that assigns lunchroom cleanup duties to student teams. Several students want the assignment plan changed because some teams always clean after the loudest lunch period, while others want the same rotation kept because it has been used all term and is easy to track. Leila has to publish the next two weeks of assignments today. What should Leila do?",What should Leila do?,"You lead a middle school committee that assigns lunchroom cleanup duties to student teams. Several students want the assignment plan changed because some teams always clean after the loudest lunch period, while others want the same rotation kept because it has been used all term and is easy to track. You have to publish the next two weeks of assignments today. What should you do?",What should you do?,Meet briefly with the student teams and adjust the cleanup plan to reflect their concerns before posting it.,Keep the current cleanup rotation for the next two weeks and post the same schedule used all term.,school committee,Decide whether to adjust lunchroom cleanup assignments after hearing student concerns or keep the current rotation.,"The schedule must be posted today, leaving only enough time to consult the students or preserve the existing plan.",This option gives the affected students a say in the assignment plan before it is finalized.,This option keeps the assignment procedure steady and identical to the one already in use.
VP03,Procedural Justice: Voice / Representation vs Consistency,04,"Noah moderates an online forum for freelance illustrators who share job leads and review disputes. A group of members asks for a special thread to report clients who repeatedly change terms, while others say the moderation rules should stay identical for every report so that no one gets a different process. Noah needs to decide before the weekly roundup goes out. What should Noah do?",What should Noah do?,"You moderate an online forum for freelance illustrators who share job leads and review disputes. A group of members asks for a special thread to report clients who repeatedly change terms, while others say the moderation rules should stay identical for every report so that no one gets a different process. You need to decide before the weekly roundup goes out. What should you do?",What should you do?,Create the special report thread and gather member input on how the complaint process should work before posting the roundup.,Use the same moderation rules for every report and keep the complaint process exactly as it has been.,online community moderation,Decide whether to add a member-driven reporting channel or keep the same moderation process for all complaints.,"The weekly roundup must go out soon, so there is time to either consult members about a new thread or keep the existing process unchanged.",This option incorporates members’ concerns into how complaints are handled.,This option preserves a uniform moderation procedure across all reports.
VP03,Procedural Justice: Voice / Representation vs Consistency,05,"Priya oversees volunteer shifts at a public library where the front desk and shelving tasks are rotated among helpers. One long-time volunteer asks for a different shift mix because of a new class schedule, while others want the rotation to stay identical so everyone is treated the same week to week. Priya can revise the next month’s roster now, but not after it is emailed tonight. What should Priya do?",What should Priya do?,"You oversee volunteer shifts at a public library where the front desk and shelving tasks are rotated among helpers. One long-time volunteer asks for a different shift mix because of a new class schedule, while others want the rotation to stay identical so everyone is treated the same week to week. You can revise the next month’s roster now, but not after it is emailed tonight. What should you do?",What should you do?,Review the volunteers’ requests and adjust the next month’s roster to reflect their scheduling concerns before emailing it.,Keep the same rotation for the next month and email the roster without changing the assignment pattern.,public library volunteering,Decide whether to adapt the volunteer roster after hearing concerns or keep the established rotation intact.,"The roster will be finalized tonight, leaving time for either input-based adjustment or strict continuity.",This option lets the volunteers shape the assignment plan before it is sent out.,This option applies the same rotation pattern across the month without alteration.
VP03,Procedural Justice: Voice / Representation vs Consistency,06,"Amir chairs a tenant association that can recommend which maintenance complaints get inspected first this month. Several residents say the current list overlooks repeated heating issues in one building, while others insist the association should keep using the same complaint order it used last quarter. Amir has one emergency call with the property manager before the inspection slots are filled. What should Amir do?",What should Amir do?,"You chair a tenant association that can recommend which maintenance complaints get inspected first this month. Several residents say the current list overlooks repeated heating issues in one building, while others insist the association should keep using the same complaint order it used last quarter. You have one emergency call with the property manager before the inspection slots are filled. What should you do?",What should you do?,Gather resident input and revise the inspection priority list to reflect their concerns before the call.,Use the same complaint order as last quarter and send the unchanged priority list to the property manager.,tenant association,Decide whether to change the inspection priority list after consulting residents or keep last quarter’s order.,"The property manager needs the list immediately, so the choice is between a quick input-based revision and unchanged continuity.",This option gives residents a say in which complaints are prioritized for inspection.,This option keeps the inspection procedure stable and consistent with the prior quarter.
VP03,Procedural Justice: Voice / Representation vs Consistency,07,"Helena directs a youth robotics club that assigns parts of a limited competition budget to team subgroups. Two subgroups want to explain how the current process misses their costs, while the rest of the club wants the same funding rules used all season so no subgroup is handled differently. Helena has to finalize the budget tonight before parts orders are placed. What should Helena do?",What should Helena do?,"You direct a youth robotics club that assigns parts of a limited competition budget to team subgroups. Two subgroups want to explain how the current process misses their costs, while the rest of the club wants the same funding rules used all season so no subgroup is handled differently. You have to finalize the budget tonight before parts orders are placed. What should you do?",What should you do?,Hold a short discussion with the subgroups and adjust the budget process to reflect their concerns before finalizing it.,Apply the same funding rules used all season and finalize the budget without changing the process.,club budget allocation,Decide whether to revise the youth robotics budget process after subgroup input or keep the existing rules.,"Parts must be ordered tonight, leaving little time to consult subgroups and revise or to preserve the existing rule set.",This option lets the affected subgroups influence how the budget is divided.,This option uses the same funding procedure already in place for all groups.
VP03,Procedural Justice: Voice / Representation vs Consistency,08,"Jordan manages work assignments for a small grocery store during a holiday weekend. Cashiers have asked for input because some registers are much busier than others, while the assistant manager wants the old assignment chart kept so every employee sees the same pattern each holiday. Jordan must post the weekend chart before the morning shift starts. What should Jordan do?",What should Jordan do?,"You manage work assignments for a small grocery store during a holiday weekend. Cashiers have asked for input because some registers are much busier than others, while the assistant manager wants the old assignment chart kept so every employee sees the same pattern each holiday. You must post the weekend chart before the morning shift starts. What should you do?",What should you do?,Meet with the cashiers and revise the weekend assignment chart to reflect their concerns before posting it.,Use the old assignment chart for the holiday weekend and post the same pattern as usual.,retail work scheduling,Decide whether to revise the holiday work chart after cashier input or keep the same holiday pattern.,"The chart has to be posted before opening, so the choice is between a quick consultation or standard repetition.",This option gives cashiers a say in how the shifts are assigned.,This option keeps the assignment method unchanged from prior holidays.
VP03,Procedural Justice: Voice / Representation vs Consistency,09,"Sofia runs a city recreation center that assigns court time to adult pickup basketball groups. One group says the current rotation ignores their late work hours, while another group says the same rotation has been used fairly for months and should not be changed for one request. Sofia has to post next week’s court schedule this afternoon. What should Sofia do?",What should Sofia do?,"You run a city recreation center that assigns court time to adult pickup basketball groups. One group says the current rotation ignores their late work hours, while another group says the same rotation has been used fairly for months and should not be changed for one request. You have to post next week’s court schedule this afternoon. What should you do?",What should you do?,Hear both groups and adjust the court rotation to reflect their concerns before posting the schedule.,Keep the existing court rotation and post next week’s schedule without changing the pattern.,recreation center scheduling,Decide whether to adjust court time after hearing pickup groups or keep the current rotation.,"The schedule must be posted this afternoon, allowing either a quick adjustment or the same standard rotation.",This option lets the affected groups influence the court schedule before it is finalized.,This option keeps the rotation consistent from week to week.
VP03,Procedural Justice: Voice / Representation vs Consistency,10,"Elena oversees peer mediation intake for a university residence hall. Several students want the intake form changed because it leaves out common roommate problems in their floor, while others want all cases screened with the same form so referrals are handled the same way each time. Elena can update the process before tomorrow’s intake opens, but not after. What should Elena do?",What should Elena do?,"You oversee peer mediation intake for a university residence hall. Several students want the intake form changed because it leaves out common roommate problems in their floor, while others want all cases screened with the same form so referrals are handled the same way each time. You can update the process before tomorrow’s intake opens, but not after. What should you do?",What should you do?,Consult the students and revise the intake form so their concerns are reflected before opening intake.,Keep the same intake form for every case and open referrals with the unchanged process.,university residence hall,Decide whether to revise the mediation intake form after student input or keep a uniform screening form.,"The intake process opens tomorrow, leaving time for either consultation and revision or stable continuity.",This option gives students a say in what the intake process asks about.,This option applies the same screening form to every case without alteration.
VP03,Procedural Justice: Voice / Representation vs Consistency,11,"Marcus leads a parent committee that helps choose field trip dates for an after-school program. Some parents ask for more input because several dates conflict with religious observances and work shifts, while others say the committee should use the same date-selection rules it has used before. Marcus has to send the final dates to staff tonight. What should Marcus do?",What should Marcus do?,"You lead a parent committee that helps choose field trip dates for an after-school program. Some parents ask for more input because several dates conflict with religious observances and work shifts, while others say the committee should use the same date-selection rules it has used before. You have to send the final dates to staff tonight. What should you do?",What should you do?,Hold a short parent discussion and adjust the date-selection process to reflect the concerns raised before sending the dates.,Use the same date-selection rules used before and send the dates without changing the process.,after-school program planning,Decide whether to revise the field trip date process after parent input or keep the established method.,"The dates must be sent tonight, so there is room for either consultation and change or fixed repetition.",This option incorporates parent concerns into how the dates are chosen.,This option keeps the selection process consistent with previous decisions.
VP03,Procedural Justice: Voice / Representation vs Consistency,12,"Nadia is the caseworker on a small housing assistance team that prioritizes emergency move-in requests. One applicant group wants to explain why the current review misses families with temporary leases, while another staff member says the same review checklist should be used for every file this month. Nadia must assign the next round of reviews before the end of the day. What should Nadia do?",What should Nadia do?,"You are the caseworker on a small housing assistance team that prioritizes emergency move-in requests. One applicant group wants to explain why the current review misses families with temporary leases, while another staff member says the same review checklist should be used for every file this month. You must assign the next round of reviews before the end of the day. What should you do?",What should you do?,Hear the applicants’ concerns and revise the review checklist to reflect them before assigning the cases.,Use the same review checklist for every file this month and assign the cases without changing it.,housing assistance,Decide whether to update the emergency review checklist after hearing applicants or keep it unchanged.,"The next round of reviews is due today, limiting time to either consult affected applicants or keep the same checklist.",This option gives applicants a voice in shaping the review checklist.,This option applies the same checklist to every file in the same way.
VP03,Procedural Justice: Voice / Representation vs Consistency,13,"Owen coaches a community chess league that assigns practice boards to members each week. Newer players want a chance to explain that the current rotation skips their usual practice partner, while others want the same board assignment order maintained so the league stays predictable. Owen has to publish the next month’s board list after practice tonight. What should Owen do?",What should Owen do?,"You coach a community chess league that assigns practice boards to members each week. Newer players want a chance to explain that the current rotation skips their usual practice partner, while others want the same board assignment order maintained so the league stays predictable. You have to publish the next month’s board list after practice tonight. What should you do?",What should you do?,Meet with the members and revise the board assignment order to reflect their concerns before publishing it.,Keep the current board assignment order for next month and publish it without changes.,community sports league,Decide whether to alter the chess practice board rotation after member input or keep it predictable.,"The list must go out tonight, so the choice is between one round of consultation or steady continuity.",This option lets members shape the assignment order before it is fixed.,This option preserves the same assignment procedure over time.
VP03,Procedural Justice: Voice / Representation vs Consistency,14,"Tara organizes scheduling for a local food pantry that assigns pickup volunteers to time slots. Several volunteers say the current system ignores school pickup times, while others want the same scheduling rules kept because they apply evenly to everyone. Tara has to release the volunteer roster by noon. What should Tara do?",What should Tara do?,"You organize scheduling for a local food pantry that assigns pickup volunteers to time slots. Several volunteers say the current system ignores school pickup times, while others want the same scheduling rules kept because they apply evenly to everyone. You have to release the volunteer roster by noon. What should you do?",What should you do?,Talk with the volunteers and adjust the time-slot process to reflect their concerns before releasing the roster.,Use the same scheduling rules for every volunteer and release the roster without changing the process.,food pantry volunteer scheduling,Decide whether to revise the volunteer time-slot process after input or keep the same rules.,"The roster must be released by noon, leaving room for either a brief consultation or unchanged consistency.",This option gives volunteers a say in how pickup slots are assigned.,This option keeps the scheduling rules identical for all volunteers.
VP03,Procedural Justice: Voice / Representation vs Consistency,15,"Ben manages a small museum’s docent assignments for weekend tours. Some docents ask for input because the current rotation places them on the busiest route every Saturday, while others say the rotation should stay the same so assignments do not shift arbitrarily. Ben needs to finalize the weekend roster before closing time today. What should Ben do?",What should Ben do?,"You manage a small museum’s docent assignments for weekend tours. Some docents ask for input because the current rotation places them on the busiest route every Saturday, while others say the rotation should stay the same so assignments do not shift arbitrarily. You need to finalize the weekend roster before closing time today. What should you do?",What should you do?,Consult the docents and revise the weekend rotation to reflect their concerns before finalizing it.,Keep the current weekend rotation and finalize the roster without changing the assignment pattern.,museum staffing,Decide whether to revise weekend docent assignments after hearing concerns or keep the existing rotation.,"The roster must be finalized today, so the choice is between a quick input-based revision and stable repetition.",This option lets docents influence the tour assignment process.,This option maintains the same rotation across weekends.
VP03,Procedural Justice: Voice / Representation vs Consistency,16,"Hannah leads a volunteer phone tree for a local emergency preparedness group. Members from one neighborhood want to explain that the current call order misses households with unreliable internet, while others want the same call sequence kept because it worked in earlier drills. Hannah has to set the next drill list before the weekend. What should Hannah do?",What should Hannah do?,"You lead a volunteer phone tree for a local emergency preparedness group. Members from one neighborhood want to explain that the current call order misses households with unreliable internet, while others want the same call sequence kept because it worked in earlier drills. You have to set the next drill list before the weekend. What should you do?",What should you do?,Gather input from the neighborhoods and adjust the call order to reflect their concerns before setting the list.,Keep the same call sequence used in earlier drills and set the list without changing it.,community emergency preparedness,Decide whether to change the phone tree call order after neighborhood input or keep the drill sequence fixed.,"The drill list must be ready before the weekend, allowing either neighborhood input or unchanged continuity.",This option gives affected neighborhoods a say in the call order.,This option uses the same call sequence across drills and households.
VP03,Procedural Justice: Voice / Representation vs Consistency,17,"Rafael supervises student journals for a university writing workshop that chooses who presents first each week. Some students ask to be heard because the current order puts the same people at the start every time, while others want the order to stay the same so the workshop runs predictably. Rafael must choose the next four presenters after today’s session. What should Rafael do?",What should Rafael do?,"You supervise student journals for a university writing workshop that chooses who presents first each week. Some students ask to be heard because the current order puts the same people at the start every time, while others want the order to stay the same so the workshop runs predictably. You must choose the next four presenters after today’s session. What should you do?",What should you do?,Ask the students for input and revise the presentation order to reflect their concerns before posting it.,Keep the existing presentation order for the next four sessions and post it unchanged.,university workshop,Decide whether to revise the presentation order after student input or keep the established sequence.,"The next presenters must be set today, leaving time for either a brief consultation or steady consistency.",This option gives students a role in setting the workshop sequence.,This option keeps the presentation order the same across sessions.
VP03,Procedural Justice: Voice / Representation vs Consistency,18,"Claire coordinates maintenance requests for a cooperative apartment building. Residents on one floor want a chance to explain why the current process overlooks repeated elevator delays, while the board wants the same request-handling procedure used for every floor so no one gets a different process. Claire has to send the maintenance list to the contractor this evening. What should Claire do?",What should Claire do?,"You coordinate maintenance requests for a cooperative apartment building. Residents on one floor want a chance to explain why the current process overlooks repeated elevator delays, while the board wants the same request-handling procedure used for every floor so no one gets a different process. You have to send the maintenance list to the contractor this evening. What should you do?",What should you do?,Meet with the residents and adjust the maintenance process to reflect their concerns before sending the list.,Use the same request-handling procedure for every floor and send the maintenance list unchanged.,apartment building management,Decide whether to revise the maintenance request process after resident input or keep the same procedure.,"The contractor needs the list tonight, so the choice is between a short consultation and procedural continuity.",This option allows residents to shape how maintenance requests are prioritized.,This option keeps the process identical for every floor and request.
VP03,Procedural Justice: Voice / Representation vs Consistency,19,"Derek leads a parent-organized travel team that allocates limited hotel rooms for an away tournament. Several families want to explain why the current room assignment overlooks early practices, while others want the same assignment rule used for every trip so no family is given a special process. Derek must lock the room list before the booking window closes tonight. What should Derek do?",What should Derek do?,"You lead a parent-organized travel team that allocates limited hotel rooms for an away tournament. Several families want to explain why the current room assignment overlooks early practices, while others want the same assignment rule used for every trip so no family is given a special process. You must lock the room list before the booking window closes tonight. What should you do?",What should you do?,Hear the families’ concerns and adjust the room assignment process before locking the list.,Use the same room assignment rule as on previous trips and lock the list without changing it.,team travel planning,Decide whether to revise the hotel room assignment process after family input or keep the previous rule.,"The booking window closes tonight, leaving time for either a quick consultation or unchanged repetition.",This option gives the families a say in how the rooms are assigned.,This option applies the same assignment rule used on earlier trips.
VP03,Procedural Justice: Voice / Representation vs Consistency,20,"Iris manages a neighborhood makerspace that assigns access to one shared 3D printer. Members want to explain that the current booking order leaves out evening users, while others want the same booking rule kept because it has been applied consistently all semester. Iris has to publish next week’s slots before the end-of-day notice goes out. What should Iris do?",What should Iris do?,"You manage a neighborhood makerspace that assigns access to one shared 3D printer. Members want to explain that the current booking order leaves out evening users, while others want the same booking rule kept because it has been applied consistently all semester. You have to publish next week’s slots before the end-of-day notice goes out. What should you do?",What should you do?,Consult the members and revise the booking order to reflect their concerns before publishing the slots.,Keep the same booking rule for next week and publish the slots without changing it.,makerspace resource scheduling,Decide whether to revise the 3D printer booking order after member input or keep the current rule.,"The slots must be published soon, so the choice is between a quick revision with input or unchanged consistency.",This option lets members influence how access is scheduled.,This option keeps the booking procedure stable across the semester.
VP04,Response to Wrongdoing: Retribution vs Rehabilitation,01,"Maya manages a small warehouse where an employee, Leon, was caught falsifying inventory records to cover repeated theft by a coworker. Leon has admitted the mistake and says he was trying to avoid losing his job, but the falsification caused a missed shipment and extra work for the whole team. Maya has to decide how to respond before Leon returns to the floor the next day. The warehouse is short-staffed, so she can either focus on a formal penalty or use the limited time for coaching and support that might reduce the chance of another incident.",What should Maya do?,"You manage a small warehouse where an employee, Leon, was caught falsifying inventory records to cover repeated theft by a coworker. Leon has admitted the mistake and says he was trying to avoid losing his job, but the falsification caused a missed shipment and extra work for the whole team. You have to decide how to respond before Leon returns to the floor the next day. The warehouse is short-staffed, so you can either focus on a formal penalty or use the limited time for coaching and support that might reduce the chance of another incident.",What should you do?,"{'option_id': 'v1', 'text': 'Issue Leon a formal written suspension and assign the case to human resources for a disciplinary review.'}","{'option_id': 'v2', 'text': 'Keep Leon on the schedule but require a meeting, retraining on reporting procedures, and follow-up support from a supervisor.'}",workplace,A warehouse manager must choose between a disciplinary response and a corrective response after an employee falsifies records.,"The team is short-staffed, so the manager cannot both impose a strong immediate penalty and spend substantial time on retraining and supervision.",This option prioritizes a response proportionate to Leon's wrongdoing by imposing a formal penalty for the harm caused.,"This option prioritizes changing Leon's future behavior through retraining, support, and continued supervision."
VP04,Response to Wrongdoing: Retribution vs Rehabilitation,02,"Elena is the principal of a middle school where a student, Jonah, spray-painted slurs on a locker room wall. Jonah was identified quickly and admitted doing it after a fight with friends, and the damage upset several students who use the locker room daily. Elena has to decide what consequence to assign before the end of the school day. The school has only one counselor available this week, so she cannot give Jonah both a lengthy restorative plan and a separate formal sanction without displacing another case.",What should Elena do?,"You are the principal of a middle school where a student, Jonah, spray-painted slurs on a locker room wall. Jonah was identified quickly and admitted doing it after a fight with friends, and the damage upset several students who use the locker room daily. You have to decide what consequence to assign before the end of the school day. The school has only one counselor available this week, so you cannot give Jonah both a lengthy restorative plan and a separate formal sanction without displacing another case.",What should you do?,"{'option_id': 'v1', 'text': 'Assign Jonah detention, loss of privileges, and a formal behavior record for the vandalism.'}","{'option_id': 'v2', 'text': 'Place Jonah in counseling, require lessons on respect and harm repair, and monitor his conduct closely afterward.'}",education,A principal must choose between punishment and corrective intervention after a student vandalizes school property with hateful language.,"The school has only one counselor available this week, so using that time for intervention limits how much formal discipline can be pursued separately.",This option emphasizes Jonah getting a sanction that matches the seriousness of the act and its impact on others.,This option emphasizes addressing the behavior through counseling and education so Jonah is less likely to repeat it.
VP04,Response to Wrongdoing: Retribution vs Rehabilitation,03,"Diane chairs a neighborhood housing board that oversees a shared parking lot. One resident, Omar, repeatedly blocked emergency access after ignoring posted warnings, and his car was towed after the latest incident. Omar says he now understands the problem and asks for a chance to keep his spot if he attends a safety session and follows the rules. Diane must decide what response to authorize before the next permit cycle begins. The board has a limited enforcement budget, so using funds for training and monitoring would reduce what remains for fines and towing expenses.",What should Diane do?,"You chair a neighborhood housing board that oversees a shared parking lot. One resident, Omar, repeatedly blocked emergency access after ignoring posted warnings, and his car was towed after the latest incident. Omar says he now understands the problem and asks for a chance to keep his spot if he attends a safety session and follows the rules. You must decide what response to authorize before the next permit cycle begins. The board has a limited enforcement budget, so using funds for training and monitoring would reduce what remains for fines and towing expenses.",What should you do?,"{'option_id': 'v1', 'text': ""Keep the towing charge in place and add a formal penalty to Omar's parking permit record.""}","{'option_id': 'v2', 'text': ""Restore Omar's parking access conditionally and require safety training with follow-up checks on his parking habits.""}",community housing,A housing board chair must decide whether to emphasize punishment or corrective follow-up after repeated parking violations.,"The board's enforcement budget is limited, so greater investment in monitoring and training leaves less available for penalties and enforcement actions.",This option stresses that Omar should bear a penalty proportionate to repeated disregard for the rules and emergency access.,This option stresses changing Omar's future conduct through training and conditional reintegration into the parking system.
VP04,Response to Wrongdoing: Retribution vs Rehabilitation,04,"Rafael runs a youth soccer league, and one coach, Tessa, used the team's group chat to shame a player after a missed penalty kick. Several parents complained, and the player has not returned to practice since. Tessa admitted sending the messages and said she was frustrated after a close loss. Rafael has to decide how to respond before the next practice, because the league can either suspend her immediately or use the next two meetings for mediation and communication training. Only one league volunteer can handle the follow-up, so he cannot fully pursue both approaches at once.",What should Rafael do?,"You run a youth soccer league, and one coach, Tessa, used the team's group chat to shame a player after a missed penalty kick. Several parents complained, and the player has not returned to practice since. Tessa admitted sending the messages and said she was frustrated after a close loss. You have to decide how to respond before the next practice, because the league can either suspend her immediately or use the next two meetings for mediation and communication training. Only one league volunteer can handle the follow-up, so you cannot fully pursue both approaches at once.",What should you do?,"{'option_id': 'v1', 'text': 'Suspend Tessa from coaching for the next two matches and document the incident in her league file.'}","{'option_id': 'v2', 'text': 'Keep Tessa on the team under a behavior plan that includes mediation, communication training, and check-ins.'}",recreation,A youth league director must decide whether to suspend a coach or use training and mediation after public shaming in a group chat.,"The league has only one volunteer available for follow-up, so it cannot simultaneously carry out a full suspension process and an extended coaching intervention.",This option prioritizes a penalty that reflects Tessa's responsibility for the harm to the player and team.,"This option prioritizes improving Tessa's future conduct through mediation, training, and monitoring."
VP04,Response to Wrongdoing: Retribution vs Rehabilitation,05,"Priya supervises an online discussion forum for local gardeners. A member named Felix posted repeated personal insults after another user corrected his plant advice, and several people left the forum thread because of the exchange. Felix later apologized in a private message and said he wants to stay involved if given clear guidance. Priya needs to decide whether to respond with a ban or with a structured warning and guidance, and she has only a small moderation team available this week. She cannot devote enough attention to both a formal sanction process and a longer support plan.",What should Priya do?,"You supervise an online discussion forum for local gardeners. A member named Felix posted repeated personal insults after another user corrected his plant advice, and several people left the forum thread because of the exchange. Felix later apologized in a private message and said he wants to stay involved if given clear guidance. You need to decide whether to respond with a ban or with a structured warning and guidance, and you have only a small moderation team available this week. You cannot devote enough attention to both a formal sanction process and a longer support plan.",What should you do?,"{'option_id': 'v1', 'text': 'Remove Felix from the forum for a set period and record the violation in the moderation log.'}","{'option_id': 'v2', 'text': 'Leave Felix in the forum under a warning, conduct a moderation meeting, and provide posting guidance.'}",online community,A forum moderator must choose between a ban and a corrective warning after a member insults others publicly.,"The moderation team is small, so handling a formal sanction takes time away from a more involved support plan.",This option emphasizes a deserved penalty for the repeated insults and the disruption they caused.,This option emphasizes helping Felix change his conduct so he can participate appropriately again.
VP04,Response to Wrongdoing: Retribution vs Rehabilitation,06,"Ana oversees a public transit maintenance crew, and one mechanic, Joel, installed the wrong part on a bus after skipping the second inspection step. The bus was taken out of service before anyone was injured, but the mistake delayed several routes and cost the department overtime. Joel says he was overwhelmed by training on a new model and asks for more instruction before returning to the garage. Ana must choose a response by the end of the shift, and the crew can either spare time for retraining or use that time for formal discipline review, not both. The mechanic shortage means she cannot remove Joel from work for long without affecting service.",What should Ana do?,"You oversee a public transit maintenance crew, and one mechanic, Joel, installed the wrong part on a bus after skipping the second inspection step. The bus was taken out of service before anyone was injured, but the mistake delayed several routes and cost the department overtime. Joel says he was overwhelmed by training on a new model and asks for more instruction before returning to the garage. You must choose a response by the end of the shift, and the crew can either spare time for retraining or use that time for formal discipline review, not both. The mechanic shortage means you cannot remove Joel from work for long without affecting service.",What should you do?,"{'option_id': 'v1', 'text': 'Place Joel on formal probation and require a written disciplinary response from the maintenance supervisor.'}","{'option_id': 'v2', 'text': 'Keep Joel working under a retraining plan with supervised practice on the new bus model.'}",public service,A transit supervisor must decide whether to discipline or retrain a mechanic after an installation error that delayed service.,"The crew is short-handed, so time spent on retraining reduces the ability to conduct a separate formal discipline review.",This option stresses that Joel should face a penalty proportionate to the operational harm caused by the error.,This option stresses preventing future mistakes through supervised retraining and continued work.
VP04,Response to Wrongdoing: Retribution vs Rehabilitation,07,"Noah directs a community art center, and a volunteer named Mira damaged a shared camera while using it without permission during a workshop. The center can still replace the equipment, but only by delaying another planned purchase. Mira apologized and offered to learn how to handle the gear properly if given another chance. Noah has to decide what to do before the next workshop, and the center can either use its limited volunteer hours for a repair-and-training plan or for a formal repayment and exclusion period. He cannot use the same hours for both.",What should Noah do?,"You direct a community art center, and a volunteer named Mira damaged a shared camera while using it without permission during a workshop. The center can still replace the equipment, but only by delaying another planned purchase. Mira apologized and offered to learn how to handle the gear properly if given another chance. You have to decide what to do before the next workshop, and the center can either use its limited volunteer hours for a repair-and-training plan or for a formal repayment and exclusion period. You cannot use the same hours for both.",What should you do?,"{'option_id': 'v1', 'text': 'Require Mira to repay the cost through a formal volunteer sanction and suspend her access to the camera room.'}","{'option_id': 'v2', 'text': 'Keep Mira as a volunteer, assign gear-handling training, and set a supervised checkout process for future use.'}",community organization,An art center director must decide whether to impose a sanction or use training after a volunteer damages equipment.,"The center has limited volunteer hours, so it cannot both manage a formal repayment process and run a more involved training plan.",This option emphasizes that Mira should bear a formal consequence for damaging shared equipment and using it without permission.,This option emphasizes teaching Mira how to prevent future damage and reintegrate her into careful use of the equipment.
VP04,Response to Wrongdoing: Retribution vs Rehabilitation,08,"Harold is the manager of a small bookstore, and an employee named Sienna admitted hiding returned gift cards and using one herself. The store recovered the missing amount before the monthly accounts were closed, but the incident damaged trust among the staff. Sienna says she made the choice during a personal financial crisis and is willing to meet with a supervisor about it. Harold must decide whether to terminate her or keep her under a corrective plan, and he can only give one of those responses before payroll is finalized. The store has no extra budget for both extended supervision and a separate disciplinary process.",What should Harold do?,"You are the manager of a small bookstore, and an employee named Sienna admitted hiding returned gift cards and using one herself. The store recovered the missing amount before the monthly accounts were closed, but the incident damaged trust among the staff. Sienna says she made the choice during a personal financial crisis and is willing to meet with a supervisor about it. You must decide whether to terminate her or keep her under a corrective plan, and you can only give one of those responses before payroll is finalized. The store has no extra budget for both extended supervision and a separate disciplinary process.",What should you do?,"{'option_id': 'v1', 'text': ""End Sienna's employment and note the theft in her personnel record.""}","{'option_id': 'v2', 'text': 'Keep Sienna employed under a repayment plan, counseling referral, and close supervision on register duties.'}",workplace,A bookstore manager must choose between termination and a corrective plan after an employee misuses gift cards.,"The store has no extra budget for both extended supervision and a separate disciplinary process, so the response must emphasize one approach.",This option prioritizes a punishment that reflects the seriousness of the theft and the breach of trust.,This option prioritizes helping Sienna address the causes of the misconduct and avoid repeating it.
VP04,Response to Wrongdoing: Retribution vs Rehabilitation,09,"Leah coordinates a parent-run after-school program, and a volunteer tutor named Ben posted a humiliating comment about a student's reading level in the program chat. The student has not returned to the group session since the message appeared. Ben apologized and said he would attend any training Leah required, but several parents want a stronger response. Leah has to choose before the next session, and the program can only spare one evening for either a formal complaint process or communication training. She cannot schedule both without canceling tutoring time.",What should Leah do?,"You coordinate a parent-run after-school program, and a volunteer tutor named Ben posted a humiliating comment about a student's reading level in the program chat. The student has not returned to the group session since the message appeared. Ben apologized and said he would attend any training you required, but several parents want a stronger response. You have to choose before the next session, and the program can only spare one evening for either a formal complaint process or communication training. You cannot schedule both without canceling tutoring time.",What should you do?,"{'option_id': 'v1', 'text': 'Remove Ben from tutoring for the month and file a formal complaint with the program committee.'}","{'option_id': 'v2', 'text': 'Keep Ben in the program under a communication workshop requirement and supervised interaction with students.'}",education/community,A program coordinator must choose between a formal complaint and a corrective training plan after a volunteer humiliated a student.,"The program has only one evening available, so spending it on formal complaints means there is no room for training.",This option stresses that Ben should face a formal consequence for the harm caused to the student and program.,This option stresses changing Ben's future behavior through communication training and supervision.
VP04,Response to Wrongdoing: Retribution vs Rehabilitation,10,"Victor leads a neighborhood repair collective, and a member named Clare took tools home without permission and returned them late, causing a missed weekend project. Clare admitted what happened and said she was trying to finish a job for her own apartment. Victor must decide how the collective should respond before the next workday. The group only has enough volunteer time for one focused response, either a sanction meeting or a skills-and-accountability plan, because members are already committed to another project. That means Victor cannot fully emphasize both accountability and future improvement at once.",What should Victor do?,"You lead a neighborhood repair collective, and a member named Clare took tools home without permission and returned them late, causing a missed weekend project. Clare admitted what happened and said she was trying to finish a job for her own apartment. You must decide how the collective should respond before the next workday. The group only has enough volunteer time for one focused response, either a sanction meeting or a skills-and-accountability plan, because members are already committed to another project. That means you cannot fully emphasize both accountability and future improvement at once.",What should you do?,"{'option_id': 'v1', 'text': 'Require Clare to face a formal sanction and lose access to the shared tools for two weeks.'}","{'option_id': 'v2', 'text': 'Keep Clare in the collective under an accountability plan with tool-handling training and check-ins.'}",community organization,A repair collective leader must decide whether to impose a sanction or a corrective plan after tools were taken without permission.,"Volunteer time is already committed to another project, so the group can only focus on one kind of response now.",This option emphasizes that Clare should receive a penalty proportionate to the disruption and rule-breaking.,This option emphasizes helping Clare learn better tool-handling habits and remain involved constructively.
VP04,Response to Wrongdoing: Retribution vs Rehabilitation,11,"Nadia supervises a hotel front desk, and an employee named Paul intentionally gave a rude reply to an upset guest after being told to stay calm. The guest filed a complaint, and the hotel may lose a repeat customer because of the exchange. Paul says he lost his temper after a difficult week and agrees he handled it badly. Nadia has to decide whether to discipline him or enroll him in customer-service coaching, but the staff schedule is tight and only allows one extra meeting this week. She cannot both remove him from shifts and give him the coaching time he needs right away.",What should Nadia do?,"You supervise a hotel front desk, and an employee named Paul intentionally gave a rude reply to an upset guest after being told to stay calm. The guest filed a complaint, and the hotel may lose a repeat customer because of the exchange. Paul says he lost his temper after a difficult week and agrees he handled it badly. You have to decide whether to discipline him or enroll him in customer-service coaching, but the staff schedule is tight and only allows one extra meeting this week. You cannot both remove him from shifts and give him the coaching time he needs right away.",What should you do?,"{'option_id': 'v1', 'text': 'Write Paul up formally and reduce his next shift assignment as a consequence.'}","{'option_id': 'v2', 'text': 'Keep Paul on the schedule under customer-service coaching and a monitored complaint-response plan.'}",hospitality/workplace,A supervisor must decide between formal discipline and coaching after an employee is rude to a guest.,"The staff schedule allows only one extra meeting this week, so the response must either focus on discipline or on coaching.",This option prioritizes a deserved penalty for Paul's rude conduct toward the guest.,This option prioritizes changing Paul's future conduct through coaching and monitoring.
VP04,Response to Wrongdoing: Retribution vs Rehabilitation,12,"Camille directs a small animal shelter, and a kennel assistant named Greg skipped a cleaning step, which led to an outbreak of kennel cough among several dogs. The shelter treated the dogs quickly, but intake had to slow for a week. Greg says he misunderstood a new procedure and wants more instruction before the next intake cycle. Camille has to choose a response that day, and the shelter can either spend the remaining training hours on a disciplinary review or on retraining the assistant. There is not enough staff time to do both without closing part of the shelter.",What should Camille do?,"You direct a small animal shelter, and a kennel assistant named Greg skipped a cleaning step, which led to an outbreak of kennel cough among several dogs. The shelter treated the dogs quickly, but intake had to slow for a week. Greg says he misunderstood a new procedure and wants more instruction before the next intake cycle. You have to choose a response that day, and the shelter can either spend the remaining training hours on a disciplinary review or on retraining the assistant. There is not enough staff time to do both without closing part of the shelter.",What should you do?,"{'option_id': 'v1', 'text': 'Place Greg on disciplinary probation and document the cleaning failure in his record.'}","{'option_id': 'v2', 'text': 'Keep Greg working with extra training on the cleaning procedure and supervised kennel duties.'}",public service/animal care,A shelter director must decide whether to punish or retrain an assistant after a cleaning mistake caused illness.,The shelter does not have enough staff time to both conduct a disciplinary review and retrain the assistant without reducing operations.,This option emphasizes that Greg should receive a formal consequence proportionate to the harm caused.,"This option emphasizes preventing future mistakes through instruction, supervision, and continued work."
VP04,Response to Wrongdoing: Retribution vs Rehabilitation,13,"Thomas manages a library branch, and a teen volunteer named Iris posted a staff-only sign online after being told not to share internal materials. The post did not reveal private patron data, but it caused confusion among employees and embarrassed the branch. Iris deleted the post and said she did not realize it mattered so much. Thomas must decide how to respond before the volunteer schedule is finalized, and there is only room for either a formal restriction or a follow-up education session. He cannot arrange both without canceling a planned service desk shift.",What should Thomas do?,"You manage a library branch, and a teen volunteer named Iris posted a staff-only sign online after being told not to share internal materials. The post did not reveal private patron data, but it caused confusion among employees and embarrassed the branch. Iris deleted the post and said she did not realize it mattered so much. You must decide how to respond before the volunteer schedule is finalized, and there is only room for either a formal restriction or a follow-up education session. You cannot arrange both without canceling a planned service desk shift.",What should you do?,"{'option_id': 'v1', 'text': 'Bar Iris from volunteer access to staff areas for the rest of the month and note the violation.'}","{'option_id': 'v2', 'text': 'Keep Iris volunteering with a privacy and communication lesson and a supervised role for the next month.'}",public service/library,A library manager must decide between restricting a volunteer and educating them after an unauthorized post.,"Only one follow-up activity fits in the schedule, so the manager must choose between a restriction and a lesson.",This option stresses a proportionate consequence for sharing internal materials after being told not to.,This option stresses teaching Iris how to avoid similar mistakes and continue volunteering appropriately.
VP04,Response to Wrongdoing: Retribution vs Rehabilitation,14,"Olivia is the director of a small nonprofit that runs free tax help, and a volunteer preparer named Mateo entered a filing number incorrectly, which delayed a client's refund. Mateo caught the mistake later and reported it himself, but the client still had to wait an extra month. Mateo wants to stay on and says he would welcome extra oversight and training. Olivia has to decide before the next clinic, and the nonprofit's limited volunteer hours can be spent either on a formal corrective report or on retraining and supervision. She cannot devote enough time to both this week.",What should Olivia do?,"You are the director of a small nonprofit that runs free tax help, and a volunteer preparer named Mateo entered a filing number incorrectly, which delayed a client's refund. Mateo caught the mistake later and reported it himself, but the client still had to wait an extra month. Mateo wants to stay on and says he would welcome extra oversight and training. You have to decide before the next clinic, and the nonprofit's limited volunteer hours can be spent either on a formal corrective report or on retraining and supervision. You cannot devote enough time to both this week.",What should you do?,"{'option_id': 'v1', 'text': 'Issue Mateo a formal corrective report and suspend him from filing returns during the next clinic.'}","{'option_id': 'v2', 'text': 'Keep Mateo on the team under retraining, double-check procedures, and close supervision on filings.'}",nonprofit/public service,A nonprofit director must choose between formal correction and retraining after a volunteer makes a filing error.,"The nonprofit has limited volunteer hours, so it can either process a formal report or provide close retraining, not both.",This option emphasizes a deserved formal consequence for the mistake and the delay it caused.,This option emphasizes reducing future errors through retraining and supervision.
VP04,Response to Wrongdoing: Retribution vs Rehabilitation,15,"Ethan leads a neighborhood makerspace, and a member named June damaged a 3D printer after ignoring posted safety instructions. The printer still works, but repairs delayed several members' projects. June apologized and asked for another chance if she could take the safety course she skipped. Ethan must decide how to respond before the next open lab, and the makerspace has only enough time to either enforce a penalty meeting or run the safety course with supervised access. He cannot fit both into the current week.",What should Ethan do?,"You lead a neighborhood makerspace, and a member named June damaged a 3D printer after ignoring posted safety instructions. The printer still works, but repairs delayed several members' projects. June apologized and asked for another chance if she could take the safety course she skipped. You must decide how to respond before the next open lab, and the makerspace has only enough time to either enforce a penalty meeting or run the safety course with supervised access. You cannot fit both into the current week.",What should you do?,"{'option_id': 'v1', 'text': 'Require June to pay for part of the repair cost and suspend her maker-space access for two weeks.'}","{'option_id': 'v2', 'text': 'Keep June active in the makerspace under a safety course requirement and supervised printer use.'}",community makerspace,A makerspace leader must decide between a financial penalty and safety retraining after equipment damage.,There is only enough time this week for either a penalty meeting or a safety course with supervision.,This option prioritizes a consequence that matches June's disregard for posted instructions and the resulting damage.,This option prioritizes changing June's future behavior through safety instruction and supervised practice.
VP04,Response to Wrongdoing: Retribution vs Rehabilitation,16,"Patricia supervises a call center team, and an agent named Owen deliberately ended a difficult call instead of following the escalation script. The caller later complained, and Patricia had to spend time calming the account down. Owen said he panicked and would accept more coaching if given another chance. Patricia needs to decide what to do before the next shift begins, and the team can either use its remaining training slot for a formal reprimand process or for coaching and practice. There is not enough time in the shift to do both without missing coverage.",What should Patricia do?,"You supervise a call center team, and an agent named Owen deliberately ended a difficult call instead of following the escalation script. The caller later complained, and you had to spend time calming the account down. Owen said he panicked and would accept more coaching if given another chance. You need to decide what to do before the next shift begins, and the team can either use its remaining training slot for a formal reprimand process or for coaching and practice. There is not enough time in the shift to do both without missing coverage.",What should you do?,"{'option_id': 'v1', 'text': 'Give Owen a formal reprimand and lower his call volume for the next week.'}","{'option_id': 'v2', 'text': 'Keep Owen on calls with coaching sessions and practice handling escalations after shifts.'}",workplace,A call center supervisor must choose between reprimand and coaching after an agent mishandles a difficult call.,"The team has only one training slot left, so formal discipline and coaching cannot both be done without affecting coverage.",This option stresses that Owen should face a sanction proportionate to the disruption he caused.,This option stresses improving Owen's future call handling through coaching and practice.
VP04,Response to Wrongdoing: Retribution vs Rehabilitation,17,"Sofia oversees a church food pantry, and a volunteer named Declan was caught taking several donated meal boxes for a friend outside the program. The pantry replaced the boxes from a reserve shelf, but the incident worried other volunteers who rely on the pantry's trust. Declan apologized and said he had been under pressure to help someone in a crisis. Sofia has to decide how to respond before the next distribution day. The pantry has only enough coordinator time for either a formal removal process or an education-and-monitoring plan, not both.",What should Sofia do?,"You oversee a church food pantry, and a volunteer named Declan was caught taking several donated meal boxes for a friend outside the program. The pantry replaced the boxes from a reserve shelf, but the incident worried other volunteers who rely on the pantry's trust. Declan apologized and said he had been under pressure to help someone in a crisis. You have to decide how to respond before the next distribution day. The pantry has only enough coordinator time for either a formal removal process or an education-and-monitoring plan, not both.",What should you do?,"{'option_id': 'v1', 'text': 'Remove Declan from volunteer duty and record the incident with the pantry committee.'}","{'option_id': 'v2', 'text': 'Keep Declan volunteering under a monitoring plan and require training on pantry distribution rules.'}",community service,A pantry coordinator must choose between removing a volunteer and using training after donated food was taken.,"Coordinator time is limited, so the pantry cannot both process a formal removal and run an ongoing monitoring plan.",This option emphasizes a response based on what Declan's conduct deserves given the trust violation.,This option emphasizes helping Declan follow rules in the future through training and monitoring.
VP04,Response to Wrongdoing: Retribution vs Rehabilitation,18,"Benita runs a small theater company, and an intern named Carla leaked the cast list before it was announced, causing confusion among actors. Carla said she forwarded the document to a friend by mistake and immediately asked how to fix the problem. The company can still recover, but Benita has to decide whether Carla should be disciplined or kept in an educational role about confidentiality. She must choose before casting meetings resume, and the company has only one staff member who can handle the follow-up. That leaves no way to do both responses thoroughly.",What should Benita do?,"You run a small theater company, and an intern named Carla leaked the cast list before it was announced, causing confusion among actors. Carla said she forwarded the document to a friend by mistake and immediately asked how to fix the problem. The company can still recover, but you have to decide whether Carla should be disciplined or kept in an educational role about confidentiality. You must choose before casting meetings resume, and the company has only one staff member who can handle the follow-up. That leaves no way to do both responses thoroughly.",What should you do?,"{'option_id': 'v1', 'text': ""Suspend Carla's internship duties and place a formal note about the leak in her file.""}","{'option_id': 'v2', 'text': 'Keep Carla in the internship with confidentiality training and closer supervision on shared documents.'}",arts organization/workplace,A theater director must choose between formal discipline and confidentiality training after an intern leaks information.,"Only one staff member can handle follow-up, so the company cannot fully carry out both a disciplinary and an educational response.",This option emphasizes a deserved formal penalty for leaking a sensitive internal document.,This option emphasizes preventing future mistakes through training and supervised participation.
VP04,Response to Wrongdoing: Retribution vs Rehabilitation,19,"George is the coach of a community chess club, and a junior player named Lina copied another player's strategy notes and claimed them as her own during practice. The original player noticed, and the club's trust in the training group suffered. Lina later admitted it and said she wanted help learning proper study habits instead of being excluded. George has to decide what response to give before the weekly tournament, and the club can only use its limited parent volunteers for either a disciplinary meeting or a mentoring plan. He cannot arrange both before the tournament starts.",What should George do?,"You are the coach of a community chess club, and a junior player named Lina copied another player's strategy notes and claimed them as her own during practice. The original player noticed, and the club's trust in the training group suffered. Lina later admitted it and said she wanted help learning proper study habits instead of being excluded. You have to decide what response to give before the weekly tournament, and the club can only use its limited parent volunteers for either a disciplinary meeting or a mentoring plan. You cannot arrange both before the tournament starts.",What should you do?,"{'option_id': 'v1', 'text': 'Bar Lina from the weekly tournament and formally note the copying incident with the club.'}","{'option_id': 'v2', 'text': 'Keep Lina in the club under a mentoring plan focused on study habits and respectful practice.'}",recreation/community,A chess coach must choose between exclusion and mentoring after a player copied another's work.,The club's limited parent volunteers can support only one response before the tournament begins.,This option prioritizes a penalty that matches the seriousness of copying and claiming someone else's notes.,This option prioritizes helping Lina develop better habits so she can participate appropriately in future practices.
VP04,Response to Wrongdoing: Retribution vs Rehabilitation,20,"Imran manages a city recreation center, and an assistant named Nora used the center's email list to send a personal campaign message after being told not to use it for outside projects. Several regular users complained that the center's announcements had been mixed up with her message. Nora apologized and said she would accept training on communication rules if given a chance to stay on. Imran has to decide before the next mailing goes out, and the center's limited staff time allows either a formal removal from email duties or a training-and-review plan, but not both. He cannot take the assistant off mailing duties and run the training in the same week without leaving the center short on coverage.",What should Imran do?,"You manage a city recreation center, and an assistant named Nora used the center's email list to send a personal campaign message after being told not to use it for outside projects. Several regular users complained that the center's announcements had been mixed up with her message. Nora apologized and said she would accept training on communication rules if given a chance to stay on. You have to decide before the next mailing goes out, and the center's limited staff time allows either a formal removal from email duties or a training-and-review plan, but not both. You cannot take the assistant off mailing duties and run the training in the same week without leaving the center short on coverage.",What should you do?,"{'option_id': 'v1', 'text': 'Remove Nora from email duties for the month and document the misuse of the mailing list.'}","{'option_id': 'v2', 'text': 'Keep Nora on staff with communication-rule training and review her future use of the mailing list.'}",public recreation,A recreation center manager must choose between restricting email access and retraining an assistant after misuse of the mailing list.,"The center is short on staff time, so it cannot both remove the assistant from duties and run a training-and-review plan in the same week.",This option emphasizes a penalty that reflects the misuse of a restricted communication tool.,This option emphasizes changing Nora's future behavior through training and review.
VP05,Liberty: Negative Liberty vs Positive Liberty,01,"Maya manages a neighborhood makerspace that members use for woodworking, sewing, and electronics repairs. Two visitors have recently asked for open drop-in access because they want to experiment on their own schedule, but several regular members have said they need supervised work time after a few unsafe mistakes with shared equipment. The center can either keep the room mostly open with minimal monitoring or require sign-ins, brief training, and a supervisor during all hours. The budget only allows one staff member to be present each evening, so Maya cannot provide both broad access and close oversight at the same time.",What should Maya do?,"You manage a neighborhood makerspace that members use for woodworking, sewing, and electronics repairs. Two visitors have recently asked for open drop-in access because they want to experiment on their own schedule, but several regular members have said they need supervised work time after a few unsafe mistakes with shared equipment. The center can either keep the room mostly open with minimal monitoring or require sign-ins, brief training, and a supervisor during all hours. The budget only allows one staff member to be present each evening, so you cannot provide both broad access and close oversight at the same time.",What should you do?,Keep the room mostly open with minimal monitoring and let members use the equipment when they choose.,"Require sign-ins, brief training, and a supervisor during all hours so members work under a set procedure.",community makerspace,"Decide whether to preserve open, low-interference access or to impose a structured system of oversight and training.","One staff member can be present, so greater openness reduces the ability to direct how people use the shared equipment.","This option leaves members alone to use the space with little interference, expanding the area in which they can act as they wish.",This option makes use of the space depend more on an organized system under which participants follow rules and supervision rather than acting entirely on their own.
VP05,Liberty: Negative Liberty vs Positive Liberty,02,"Elena teaches an advanced writing seminar at a university. Some students want the final paper prompt to remain broad so they can choose their own topics and methods, while others say they do better when the instructor provides a detailed outline and checkpoints because they struggle to organize an independent project. Elena has time to prepare either a lightly guided assignment or a tightly scaffolded one, but not both in the same term. She must decide how much structure to build into the course before the papers begin.",What should Elena do?,"You teach an advanced writing seminar at a university. Some students want the final paper prompt to remain broad so they can choose their own topics and methods, while others say they do better when the instructor provides a detailed outline and checkpoints because they struggle to organize an independent project. You have time to prepare either a lightly guided assignment or a tightly scaffolded one, but not both in the same term. You must decide how much structure to build into the course before the papers begin.",What should you do?,Keep the final paper prompt broad and let students choose their own topics and methods.,Provide a detailed outline and checkpoints so students work through the paper under a set framework.,education,Decide whether to give students wide latitude or to supply a more directive assignment structure.,"Elena has time to build only one version of the assignment, so more guidance reduces student choice.",This option leaves students free from detailed interference in how they complete the paper.,This option supports students in directing their work through an external framework that helps them act as organized agents.
VP05,Liberty: Negative Liberty vs Positive Liberty,03,"Daniel chairs a tenant association that meets monthly to decide how to use a small emergency fund. A few residents want the group to keep the fund available for any household that asks, so families can handle problems without paperwork, while others want the money managed through a committee because they want residents to have a clear say over how aid is distributed. The association has only one meeting left before a deadline to commit the funds, and it cannot run a long approval process this year. Daniel has to choose the method now.",What should Daniel do?,"You chair a tenant association that meets monthly to decide how to use a small emergency fund. A few residents want the group to keep the fund available for any household that asks, so families can handle problems without paperwork, while others want the money managed through a committee because they want residents to have a clear say over how aid is distributed. The association has only one meeting left before a deadline to commit the funds, and it cannot run a long approval process this year. You have to choose the method now.",What should you do?,"Keep the fund available for any household that asks, with as little paperwork as possible.",Manage the fund through a committee so residents decide together how the money is distributed.,community organization,Decide between a low-barrier aid process and a resident-controlled allocation process.,The deadline leaves no time for both open access and a more participatory decision structure.,This option minimizes interference by letting households request help without added procedural barriers.,This option makes the fund depend on a resident-led process that gives participants more control over the decision.
VP05,Liberty: Negative Liberty vs Positive Liberty,04,"Nadia runs a public library branch that offers free computer use. Some patrons want longer self-service hours so they can search jobs and print forms whenever the building is open, while others ask for mandatory login checks and a short orientation because they want patrons to learn the system and use it independently. The branch has one weekend staff shift available, so Nadia cannot both extend hours and add a guided onboarding session. She must decide how to spend the extra time.",What should Nadia do?,"You run a public library branch that offers free computer use. Some patrons want longer self-service hours so they can search jobs and print forms whenever the building is open, while others ask for mandatory login checks and a short orientation because they want patrons to learn the system and use it independently. The branch has one weekend staff shift available, so you cannot both extend hours and add a guided onboarding session. You must decide how to spend the extra time.",What should you do?,Extend the self-service computer hours and keep the computers available with minimal checks.,Use the extra staff time for login checks and a short orientation before patrons use the computers.,public library,Decide between broader access to computers and more structured training for independent use.,"Only one weekend shift is available, so longer open hours leave less room for instruction and oversight.",This option keeps patrons free from added checks and leaves them alone to use the computers when they choose.,This option helps patrons become self-directed users by giving them a guided process and clear control steps.
VP05,Liberty: Negative Liberty vs Positive Liberty,05,"Tariq coaches a youth soccer team where several players also help choose practice activities. Before a tournament, he can let the team pick drills and scrimmage patterns themselves or he can assign a fixed training plan because some players want more personal control over how they prepare. The field permit only covers one two-hour practice before the tournament, and there is not enough time to use a flexible team-led session and a detailed coach-led session. Tariq has to choose the format for that practice.",What should Tariq do?,"You coach a youth soccer team where several players also help choose practice activities. Before a tournament, you can let the team pick drills and scrimmage patterns themselves or you can assign a fixed training plan because some players want more personal control over how they prepare. The field permit only covers one two-hour practice before the tournament, and there is not enough time to use a flexible team-led session and a detailed coach-led session. You have to choose the format for that practice.",What should you do?,Let the team pick drills and scrimmage patterns themselves during practice.,Assign a fixed training plan and run the practice under a set schedule.,sports coaching,Decide whether practice should be player-directed or organized under a coach-led plan.,The single practice slot means a more open session cannot also include a structured training sequence.,This option leaves players largely alone to decide how to use the practice time.,This option centers the players' preparation on an ordered plan they follow as guided agents.
VP05,Liberty: Negative Liberty vs Positive Liberty,06,"Priya moderates an online forum for freelance illustrators. Some members want looser posting rules so they can share experiments and ask for feedback without waiting for approval, while others want a required posting template because they believe members should shape their work through a common set of standards. Priya can either keep moderation light or introduce a detailed format, but she cannot do both because she is the only moderator and has limited evening time. She must choose before the forum opens a new weekly critique thread.",What should Priya do?,"You moderate an online forum for freelance illustrators. Some members want looser posting rules so they can share experiments and ask for feedback without waiting for approval, while others want a required posting template because they believe members should shape their work through a common set of standards. You can either keep moderation light or introduce a detailed format, but you cannot do both because you are the only moderator and have limited evening time. You must choose before the forum opens a new weekly critique thread.",What should you do?,Keep moderation light and let members post experiments without waiting for approval.,Introduce a required posting template so members share work through a common format.,online community,Decide whether the forum should prioritize open posting or a structured posting process.,"The moderator has limited time, so a lighter hand leaves less room for format enforcement.",This option minimizes interference by allowing members to post freely within the forum.,This option gives members a structured way to direct their posting and feedback process.
VP05,Liberty: Negative Liberty vs Positive Liberty,07,"Hannah oversees a city-run recreation center that offers open studio time for painting and pottery. Artists who use the space regularly have asked for uninterrupted access because they want to work when ideas come, but others want a sign-up system and a set workshop sequence so they can plan their projects and progress on their own terms. The center can afford either a free-access evening or a staffed workshop evening, not both, because only one instructor is available. Hannah must schedule the next week now.",What should Hannah do?,"You oversee a city-run recreation center that offers open studio time for painting and pottery. Artists who use the space regularly have asked for uninterrupted access because they want to work when ideas come, but others want a sign-up system and a set workshop sequence so they can plan their projects and progress on their own terms. The center can afford either a free-access evening or a staffed workshop evening, not both, because only one instructor is available. You must schedule the next week now.",What should you do?,Offer a free-access evening and let artists use the studio without a sign-up system.,Offer a staffed workshop evening with a sign-up system and a set workshop sequence.,recreation center,Decide between an open studio and a more organized workshop schedule.,"Only one instructor is available, so a free-access session cannot also be run as a guided workshop.",This option leaves artists free from scheduling interference and lets them act as they choose.,This option helps artists work as self-directed participants within an organized sequence they help follow.
VP05,Liberty: Negative Liberty vs Positive Liberty,08,"Jonas directs a small news website with a volunteer comment section. Some readers want comments to stay open with only basic filtering so they can speak freely under articles, while others want a stronger editorial process because they want contributors to be able to shape discussions through clearly chosen standards. The site has enough volunteer hours to either keep comments broadly open or require pre-approval during the next month, but not both. Jonas has to decide before a major local election coverage series begins.",What should Jonas do?,"You direct a small news website with a volunteer comment section. Some readers want comments to stay open with only basic filtering so they can speak freely under articles, while others want a stronger editorial process because they want contributors to be able to shape discussions through clearly chosen standards. The site has enough volunteer hours to either keep comments broadly open or require pre-approval during the next month, but not both. You have to decide before a major local election coverage series begins.",What should you do?,Keep comments broadly open with only basic filtering during the coverage series.,Require pre-approval for comments so discussion follows a stronger editorial process.,online publishing,Decide whether the site should favor open expression or a more controlled discussion process.,"Volunteer hours are limited, so open commenting leaves less capacity for prior review and direction.",This option reduces interference by leaving commenters free to post within a wide open area.,This option supports a more self-governed discussion by using an editorial process that structures participation.
VP05,Liberty: Negative Liberty vs Positive Liberty,09,"Lena is responsible for a small after-school robotics club. Several students want to tinker freely with the parts and build whatever they think of, while others want a prescribed build sequence because they feel more confident when the project has a clear direction they can follow. The club has only one kit of expensive components for the month, so Lena cannot let one group explore freely while another group also gets a guided build at the same time. She needs to set the plan for the next meeting.",What should Lena do?,"You are responsible for a small after-school robotics club. Several students want to tinker freely with the parts and build whatever they think of, while others want a prescribed build sequence because they feel more confident when the project has a clear direction they can follow. The club has only one kit of expensive components for the month, so you cannot let one group explore freely while another group also gets a guided build at the same time. You need to set the plan for the next meeting.",What should you do?,Let students tinker freely with the parts and choose their own build ideas.,Use a prescribed build sequence so students work through the project in a set order.,after-school club,Decide whether the robotics session should be open-ended or guided by a set sequence.,"There is only one component kit, so a more open session cannot also be paired with a separate guided track.",This option allows students to act without interference as they explore the parts on their own.,This option supports students in directing their work through a chosen sequence and clear structure.
VP05,Liberty: Negative Liberty vs Positive Liberty,10,"Owen manages a shared apartment building’s package room. Residents have complained about missed deliveries, and some want the room left open during the day so they can retrieve packages whenever they return home, while others want a sign-out log and a rule that packages be released only after the resident confirms the request themselves. The building has space to keep the room either open with minimal oversight or controlled through logged access, but not both, because the desk area can only be staffed part time. Owen must set the policy this week.",What should Owen do?,"You manage a shared apartment building’s package room. Residents have complained about missed deliveries, and some want the room left open during the day so they can retrieve packages whenever they return home, while others want a sign-out log and a rule that packages be released only after the resident confirms the request themselves. The building has space to keep the room either open with minimal oversight or controlled through logged access, but not both, because the desk area can only be staffed part time. You must set the policy this week.",What should you do?,Keep the package room open during the day with minimal oversight.,Use a sign-out log and release packages only through a controlled access process.,housing management,Decide whether package retrieval should be loosely accessible or controlled through a resident-led process.,Part-time staffing means more openness reduces the ability to manage access closely.,This option leaves residents free from administrative interference in retrieving packages.,This option gives residents more control over their deliveries through a process they confirm themselves.
VP05,Liberty: Negative Liberty vs Positive Liberty,11,"Sara leads a neighborhood gardening cooperative that shares a tool shed. Some members want the shed unlocked most of the day so they can work whenever they are available, while others want a sign-up calendar and a short orientation because they want gardeners to choose tasks and tools more deliberately. The cooperative has only enough volunteer time to either keep the shed open or maintain the schedule and orientation for the next season. Sara needs to decide before planting week starts.",What should Sara do?,"You lead a neighborhood gardening cooperative that shares a tool shed. Some members want the shed unlocked most of the day so they can work whenever they are available, while others want a sign-up calendar and a short orientation because they want gardeners to choose tasks and tools more deliberately. The cooperative has only enough volunteer time to either keep the shed open or maintain the schedule and orientation for the next season. You need to decide before planting week starts.",What should you do?,Keep the shed unlocked most of the day and let members use it as needed.,Use a sign-up calendar and short orientation so members access the shed through a set process.,community gardening,Decide whether tool access should be open or coordinated through a structured schedule.,"Volunteer time is limited, so open access leaves less capacity for managed use.",This option minimizes interference by leaving members free to use the shed when they wish.,This option supports members in acting as deliberate agents within an organized system for shed use.
VP05,Liberty: Negative Liberty vs Positive Liberty,12,"Miles supervises a hospital volunteer program. New volunteers have asked for a simple drop-in system because they want to choose shifts independently, while the nursing staff wants a required onboarding session and assigned roles so volunteers can act with more confidence and consistency. The program has time for either open sign-ups or one full onboarding session before the next intake, but not both. Miles must decide how to admit the next group.",What should Miles do?,"You supervise a hospital volunteer program. New volunteers have asked for a simple drop-in system because they want to choose shifts independently, while the nursing staff wants a required onboarding session and assigned roles so volunteers can act with more confidence and consistency. The program has time for either open sign-ups or one full onboarding session before the next intake, but not both. You must decide how to admit the next group.",What should you do?,Use a simple drop-in system and let volunteers choose shifts independently.,Require onboarding and assign roles so volunteers work within a set structure.,hospital volunteer program,Decide whether volunteer participation should be flexible or organized through training and assignment.,"Time allows only one intake format, so independent sign-ups reduce the room for structured preparation.",This option leaves volunteers free from added procedural barriers when choosing shifts.,This option gives volunteers a clearer way to direct their service through training and assigned roles.
VP05,Liberty: Negative Liberty vs Positive Liberty,13,"Rina runs a small language-exchange group at a community center. Some participants want free conversation time so they can speak without interruption, while others want a weekly speaking plan and moderator prompts because they want to guide their own progress more intentionally. The center only has one room for the evening, and the group can either hold an open conversation circle or a structured practice session, not both. Rina needs to pick the format for the next meeting.",What should Rina do?,"You run a small language-exchange group at a community center. Some participants want free conversation time so they can speak without interruption, while others want a weekly speaking plan and moderator prompts because they want to guide their own progress more intentionally. The center only has one room for the evening, and the group can either hold an open conversation circle or a structured practice session, not both. You need to pick the format for the next meeting.",What should you do?,Hold an open conversation circle with minimal interruption.,Use a weekly speaking plan and moderator prompts for a structured practice session.,community education,Decide between an open conversation format and a more directed practice format.,"Only one room is available, so an open circle cannot also be run as a structured session.",This option keeps participants free from interference and lets them speak as they choose.,This option supports participants' self-direction by giving them a planned way to practice.
VP05,Liberty: Negative Liberty vs Positive Liberty,14,"Gavin coordinates a city bus improvement forum. Riders want the next meeting to be an open microphone session so anyone can speak, while several advocates want a formal agenda with timed slots because they believe riders should be able to shape the discussion through a process they help follow. The forum has only one two-hour meeting left before the transit board deadline, and there is no time for both styles in the same session. Gavin has to set the meeting format.",What should Gavin do?,"You coordinate a city bus improvement forum. Riders want the next meeting to be an open microphone session so anyone can speak, while several advocates want a formal agenda with timed slots because they believe riders should be able to shape the discussion through a process they help follow. The forum has only one two-hour meeting left before the transit board deadline, and there is no time for both styles in the same session. You have to set the meeting format.",What should you do?,Hold an open microphone session so anyone can speak with minimal structure.,Use a formal agenda with timed slots so discussion follows a planned process.,public forum,Decide whether the transit meeting should be broadly open or tightly structured.,"The deadline leaves only one meeting, so open participation reduces time for a managed agenda.",This option leaves citizens largely free from meeting interference as they speak when they choose.,This option lets participants direct the discussion through a deliberately organized process.
VP05,Liberty: Negative Liberty vs Positive Liberty,15,"Alina edits an open-source software project used by a small nonprofit. Some contributors want the code repository to stay open for direct commits because they want to change features without gatekeeping, while others want a review gate and task list because they want contributors to work through a shared roadmap they help establish. Alina has enough review capacity to either leave the repository open or require reviews for the next release cycle, but not both. She has to choose the workflow before new updates are merged.",What should Alina do?,"You edit an open-source software project used by a small nonprofit. Some contributors want the code repository to stay open for direct commits because they want to change features without gatekeeping, while others want a review gate and task list because they want contributors to work through a shared roadmap they help establish. You have enough review capacity to either leave the repository open or require reviews for the next release cycle, but not both. You have to choose the workflow before new updates are merged.",What should you do?,Leave the repository open for direct commits with minimal gatekeeping.,Require reviews and a task list so contributors work through a shared roadmap.,software collaboration,Decide whether project changes should be broadly open or channeled through a review process.,Limited review capacity means opening the repository reduces the ability to shape contributions through oversight.,This option minimizes interference by allowing contributors to act directly in the repository.,This option supports contributors' self-direction through an organized roadmap and review process.
VP05,Liberty: Negative Liberty vs Positive Liberty,16,"Drew manages a weekend community theater workshop. Some actors want a free rehearsal block so they can improvise and choose scene work themselves, while others want scripted scene assignments and a director-led schedule because they want to use the workshop to develop disciplined control over their performance choices. The theater only has one rehearsal room for the afternoon, so Drew cannot run an open improvisation session and a structured rehearsal at the same time. He must assign the room now.",What should Drew do?,"You manage a weekend community theater workshop. Some actors want a free rehearsal block so they can improvise and choose scene work themselves, while others want scripted scene assignments and a director-led schedule because they want to use the workshop to develop disciplined control over their performance choices. The theater only has one rehearsal room for the afternoon, so you cannot run an open improvisation session and a structured rehearsal at the same time. You must assign the room now.",What should you do?,Offer a free rehearsal block and let actors choose their own scene work.,Use scripted scene assignments and a director-led schedule for the rehearsal.,community arts,Decide whether the workshop should allow open improvisation or follow a managed rehearsal plan.,"Only one room is available, so a free block cannot also be organized as a structured rehearsal.",This option leaves actors free from direction in choosing what to work on.,This option helps actors act as disciplined agents by following a clear rehearsal structure.
VP05,Liberty: Negative Liberty vs Positive Liberty,17,"Mina coordinates a food pantry that also lets clients select household items from shelves. Some volunteers want a walk-through system because they think clients should be able to make informed choices on their own, while others want a fully open browsing period because they want clients to take items without a staff-led process. The pantry has only one volunteer at the sorting table each evening, so Mina cannot both explain the system and keep the shelves fully open during the same shift. She has to decide how the next evening will run.",What should Mina do?,"You coordinate a food pantry that also lets clients select household items from shelves. Some volunteers want a walk-through system because they think clients should be able to make informed choices on their own, while others want a fully open browsing period because they want clients to take items without a staff-led process. The pantry has only one volunteer at the sorting table each evening, so you cannot both explain the system and keep the shelves fully open during the same shift. You have to decide how the next evening will run.",What should you do?,Keep the shelves fully open during the evening with minimal staff direction.,Use a walk-through system so clients choose items after a guided explanation.,food pantry,Decide whether clients should browse freely or follow a guided selection process.,"Only one volunteer is available, so guided explanation reduces the possibility of open browsing.",This option leaves clients free from interference when selecting items.,This option helps clients act on their own choices through a guided system rather than pure openness.
VP05,Liberty: Negative Liberty vs Positive Liberty,18,"Noah oversees a remote study group for exam prep. Some members want the weekly session to stay open for question-and-answer discussion so they can raise whatever topics matter most, while others want a fixed study agenda and shared note template because they want participants to organize their own learning more deliberately. The group has only one evening slot and enough energy for one format, not a mix of both. Noah must decide before the next exam week starts.",What should Noah do?,"You oversee a remote study group for exam prep. Some members want the weekly session to stay open for question-and-answer discussion so they can raise whatever topics matter most, while others want a fixed study agenda and shared note template because they want participants to organize their own learning more deliberately. The group has only one evening slot and enough energy for one format, not a mix of both. You must decide before the next exam week starts.",What should you do?,Keep the weekly session open for question-and-answer discussion.,Use a fixed study agenda and shared note template for the session.,study group,Decide whether the study group should be open-ended or organized around a fixed plan.,"Only one evening slot is available, so open discussion leaves less room for a planned structure.",This option minimizes interference by letting participants raise whatever topics they choose.,This option supports participants in self-directed study through an ordered agenda and common template.
VP05,Liberty: Negative Liberty vs Positive Liberty,19,"Celia coordinates a neighborhood watch newsletter with a small online submission form. Some residents want the form to accept posts immediately so they can share alerts on their own schedule, while others want a draft-and-review system because they want contributors to shape the newsletter through a process they understand and follow. Celia has one volunteer editor this month, so she can either keep submissions open or use the review process, but not both. She must choose before the next issue goes out.",What should Celia do?,"You coordinate a neighborhood watch newsletter with a small online submission form. Some residents want the form to accept posts immediately so they can share alerts on their own schedule, while others want a draft-and-review system because they want contributors to shape the newsletter through a process they understand and follow. You have one volunteer editor this month, so you can either keep submissions open or use the review process, but not both. You must choose before the next issue goes out.",What should you do?,Keep submissions open and publish posts immediately with minimal review.,Use a draft-and-review system so contributors submit through a guided process.,community newsletter,Decide whether newsletter submissions should be immediate or managed through review.,"With only one editor, immediate posting reduces the capacity to direct submissions through review.",This option leaves contributors free from editorial interference when sharing alerts.,This option gives contributors a structured way to act on the newsletter through a process they follow.
VP05,Liberty: Negative Liberty vs Positive Liberty,20,"Eli runs a small climbing gym’s beginner orientation nights. Some new climbers want a casual open session so they can try routes and ask for help as needed, while others want a required sequence of practice stations because they want to learn by following a method they can master themselves. The gym can staff either an open climbing night or a station-based orientation on the next Tuesday, but not both, because only one instructor is available. Eli must decide which format to offer.",What should Eli do?,"You run a small climbing gym’s beginner orientation nights. Some new climbers want a casual open session so they can try routes and ask for help as needed, while others want a required sequence of practice stations because they want to learn by following a method they can master themselves. The gym can staff either an open climbing night or a station-based orientation on the next Tuesday, but not both, because only one instructor is available. You must decide which format to offer.",What should you do?,Offer a casual open session and let climbers try routes with minimal structure.,Offer a station-based orientation with a required sequence of practice stations.,sports instruction,Decide whether beginner instruction should be open and informal or structured and sequential.,"Only one instructor is available, so an open night cannot also be run as a station-based orientation.",This option leaves climbers free from structured interference as they choose routes and ask for help.,This option supports climbers in becoming self-directed through a methodical sequence they can follow.
VP06,Autonomy: Individual Autonomy vs Relational Autonomy,01,"Maya manages a small design team at a software company and supervises two junior designers, Priya and Tom. The company can either let Maya choose the project workflow alone or spend part of the deadline week in a planning session with the team to shape the process together. Maya wants the workflow to reflect her own judgment, but she also knows Priya and Tom have practical knowledge about the tasks that could improve the plan. Because the launch date is fixed, there is only time for one of these approaches before work must begin.",What should Maya do?,"You manage a small design team at a software company and supervise two junior designers, Priya and Tom. The company can either let you choose the project workflow alone or spend part of the deadline week in a planning session with the team to shape the process together. You want the workflow to reflect your own judgment, but you also know Priya and Tom have practical knowledge about the tasks that could improve the plan. Because the launch date is fixed, there is only time for one of these approaches before work must begin.",What should you do?,Choose the workflow yourself after reviewing the project requirements and then assign tasks.,Hold a planning session with Priya and Tom and set the workflow together before assigning tasks.,Workplace team management,The manager must decide whether to set the project workflow independently or develop it with the team.,"There is time for either a solo decision or a joint planning session, but not both before the deadline.",This option prioritizes forming and acting on Maya's own judgment with minimal influence from others.,This option prioritizes shaping the workflow through the team's relationship and shared input.
VP06,Autonomy: Individual Autonomy vs Relational Autonomy,02,"Eli is a high school student who has to choose an independent topic for a history project. His teacher allows him to pick any subject, but his older sister has offered to help if he selects a topic connected to their family’s migration history. Eli wants the final choice to be his own, yet he also knows the family perspective could give the project more depth and context. He has one evening to decide because the class outline is due the next morning.",What should Eli do?,"You are a high school student who has to choose an independent topic for a history project. Your teacher allows you to pick any subject, but your older sister has offered to help if you select a topic connected to your family’s migration history. You want the final choice to be your own, yet you also know the family perspective could give the project more depth and context. You have one evening to decide because the class outline is due the next morning.",What should you do?,Pick a topic on your own and draft the outline without relying on your sister's suggestion.,Choose the family migration topic and work with your sister to shape the outline.,Education,The student must choose between an independently selected project topic and one developed with family help.,"Only one topic can be prepared before the outline deadline, so the choice must favor either independent judgment or relational input.",This option emphasizes Eli's self-directed topic choice and independence from family influence.,This option emphasizes realizing the project through a relationship that draws on family knowledge and support.
VP06,Autonomy: Individual Autonomy vs Relational Autonomy,03,"Nadia coordinates volunteers for a neighborhood food pantry. She needs to decide whether to set next month’s shift schedule herself or invite the regular volunteers to a short meeting to build the schedule together. Nadia wants to preserve her own discretion because she has seen schedules become chaotic when too many voices compete, but she also knows several volunteers have caregiving commitments that only they can explain. There is only one evening available to finalize the roster before it is posted.",What should Nadia do?,"You coordinate volunteers for a neighborhood food pantry. You need to decide whether to set next month’s shift schedule yourself or invite the regular volunteers to a short meeting to build the schedule together. You want to preserve your own discretion because you have seen schedules become chaotic when too many voices compete, but you also know several volunteers have caregiving commitments that only they can explain. There is only one evening available to finalize the roster before it is posted.",What should you do?,Set the shift schedule yourself after checking the pantry’s coverage needs.,Invite the volunteers to a short meeting and build the shift schedule together.,Community organization,The coordinator must choose between independently creating the volunteer schedule or making it with the volunteers.,"There is only one evening available, so either the schedule is set alone or it is made collaboratively.",This option gives Nadia primary control over the schedule and limits outside influence on her judgment.,This option treats scheduling as something formed through the volunteers' relationships and shared constraints.
VP06,Autonomy: Individual Autonomy vs Relational Autonomy,04,"Jordan is the editor of an online discussion forum for local cyclists. A heated thread has developed about route safety, and Jordan must decide whether to write a moderation note alone or ask two long-time members to help draft it. Jordan prefers to decide independently so the message reflects a clear standard rather than group pressure, but the veteran members understand local conditions that newer members do not. The thread will be locked in less than an hour, so there is time for only one approach.",What should Jordan do?,"You are the editor of an online discussion forum for local cyclists. A heated thread has developed about route safety, and you must decide whether to write a moderation note alone or ask two long-time members to help draft it. You prefer to decide independently so the message reflects a clear standard rather than group pressure, but the veteran members understand local conditions that newer members do not. The thread will be locked in less than an hour, so there is time for only one approach.",What should you do?,Write the moderation note yourself and post it after reviewing the thread.,Ask the two long-time members to help draft the moderation note before posting it.,Online community moderation,The moderator must choose between drafting a forum note alone or with experienced members.,"The thread closes soon, leaving time for either an independent decision or a joint drafting process.",This option centers Jordan's own judgment and keeps the decision insulated from others' influence.,This option makes the note a product of relationships with members who share relevant knowledge.
VP06,Autonomy: Individual Autonomy vs Relational Autonomy,05,"Leah runs a small bookstore and needs to choose the front window display for a weekend author event. She can create the display herself to keep the store’s presentation consistent with her own taste, or she can ask the event volunteers to help arrange it around the themes they will be discussing. Leah wants the display to reflect her own planning, but the volunteers have ideas that connect the books to local readers’ interests. Because the staff is short that afternoon, she can either work alone or spend the available time coordinating with them.",What should Leah do?,"You run a small bookstore and need to choose the front window display for a weekend author event. You can create the display yourself to keep the store’s presentation consistent with your own taste, or you can ask the event volunteers to help arrange it around the themes they will be discussing. You want the display to reflect your own planning, but the volunteers have ideas that connect the books to local readers’ interests. Because the staff is short that afternoon, you can either work alone or spend the available time coordinating with them.",What should you do?,Create the window display yourself and arrange the books before the event.,Ask the volunteers to help arrange the window display around the event themes.,Small business retail,The bookstore owner must decide whether to design an event display alone or with volunteers.,"Limited staff time allows either solo preparation or shared arrangement, but not both.",This option prioritizes Leah's independent control over the display's design and execution.,This option prioritizes a display shaped through collaboration with the volunteers involved in the event.
VP06,Autonomy: Individual Autonomy vs Relational Autonomy,06,"Samira is a nurse on a hospital unit preparing discharge instructions for a patient who will go home that day. She can review the instructions privately and sign off herself, or she can bring in the patient’s adult daughter, who has been helping with care, to go over the plan together. Samira wants to rely on her own professional judgment because the discharge process is moving quickly, but she also knows the daughter can clarify the home situation and help the patient follow the plan. The patient transport is scheduled soon, so only one review can happen before discharge.",What should Samira do?,"You are a nurse on a hospital unit preparing discharge instructions for a patient who will go home that day. You can review the instructions privately and sign off yourself, or you can bring in the patient’s adult daughter, who has been helping with care, to go over the plan together. You want to rely on your own professional judgment because the discharge process is moving quickly, but you also know the daughter can clarify the home situation and help the patient follow the plan. The patient transport is scheduled soon, so only one review can happen before discharge.",What should you do?,Review the discharge instructions yourself and sign off before transport arrives.,Bring in the patient’s daughter and review the discharge instructions together.,Healthcare,The nurse must choose between an independent discharge review and a review involving a family caregiver.,"The patient is leaving soon, so there is only time for one review before discharge.",This option emphasizes Samira's own judgment as the basis for the discharge decision.,This option emphasizes discharge planning as something realized through a caregiving relationship.
VP06,Autonomy: Individual Autonomy vs Relational Autonomy,07,"Owen chairs a neighborhood association that is deciding how to spend a small grant for park improvements. He can draft the proposal alone based on his own reading of past complaints, or he can hold a short gathering with nearby residents to shape the proposal together. Owen wants to avoid being steered by the loudest voices, but he also knows residents from different blocks use the park differently and may point to overlooked needs. The grant application is due tomorrow, so there is time for only one way of deciding.",What should Owen do?,"You chair a neighborhood association that is deciding how to spend a small grant for park improvements. You can draft the proposal alone based on your own reading of past complaints, or you can hold a short gathering with nearby residents to shape the proposal together. You want to avoid being steered by the loudest voices, but you also know residents from different blocks use the park differently and may point to overlooked needs. The grant application is due tomorrow, so there is time for only one way of deciding.",What should you do?,Draft the grant proposal yourself and submit it after reviewing the complaint records.,Hold a short gathering with nearby residents and shape the grant proposal together.,Community planning,The association leader must choose between an independently drafted grant proposal and one developed with residents.,"The deadline leaves time either for a private decision or for a resident meeting, but not both.",This option prioritizes Owen's independent judgment in setting the proposal.,This option prioritizes a proposal formed through the residents' relationship to the park and its use.
VP06,Autonomy: Individual Autonomy vs Relational Autonomy,08,"Tessa leads a small translation team at a nonprofit that prepares materials for immigrant families. She must decide whether to assign the next brochure translation herself or ask the bilingual outreach staff to help choose wording that fits local community needs. Tessa wants the translation to follow her own standards because she is responsible for consistency, but the outreach staff understand how certain phrases land with families who use the brochure. There is only one afternoon to finish the text before printing.",What should Tessa do?,"You lead a small translation team at a nonprofit that prepares materials for immigrant families. You must decide whether to assign the next brochure translation yourself or ask the bilingual outreach staff to help choose wording that fits local community needs. You want the translation to follow your own standards because you are responsible for consistency, but the outreach staff understand how certain phrases land with families who use the brochure. There is only one afternoon to finish the text before printing.",What should you do?,Assign the brochure translation yourself and revise the text on your own.,Ask the outreach staff to help choose the wording before the brochure is printed.,Nonprofit communications,The team leader must decide whether to translate independently or with staff who know the audience.,"A single afternoon is available, so the brochure can be finished either alone or with staff input.",This option centers Tessa's independent control over the translation decisions.,This option centers the translation on relationships with staff who understand the families' context.
VP06,Autonomy: Individual Autonomy vs Relational Autonomy,09,"Hannah is a parent deciding how to handle her son’s summer reading list. She can set the plan herself and have him follow it without discussion, or she can sit down with him and build a reading schedule together. Hannah wants to keep the decision in her own hands because she thinks too much negotiation weakens follow-through, but she also knows her son will be more engaged if he helps shape the plan. The library closes early, so she has time for only one meeting today.",What should Hannah do?,"You are a parent deciding how to handle your son’s summer reading list. You can set the plan yourself and have him follow it without discussion, or you can sit down with him and build a reading schedule together. You want to keep the decision in your own hands because you think too much negotiation weakens follow-through, but you also know your son will be more engaged if he helps shape the plan. The library closes early, so you have time for only one meeting today.",What should you do?,Set the reading plan yourself and give it to your son to follow.,Sit down with your son and build the reading schedule together.,Family routine,The parent must choose between an independently set reading plan and one made with the child.,There is only time for one planning meeting before the library closes.,This option gives Hannah primary control over the plan and limits reliance on negotiation.,This option makes the reading plan something developed through the parent-child relationship.
VP06,Autonomy: Individual Autonomy vs Relational Autonomy,10,"Darius moderates a local gaming server where two members have disagreed about community rules. He can issue the next rule update on his own, or he can ask a few active members to help revise it in a group chat. Darius wants the update to reflect his own reading of the rules because he does not want moderation to be shaped by pressure from the most vocal users, but he also knows the group chat could surface how the rules affect regular members. The server meetup starts soon, so there is time for only one route before the update is posted.",What should Darius do?,"You moderate a local gaming server where two members have disagreed about community rules. You can issue the next rule update on your own, or you can ask a few active members to help revise it in a group chat. You want the update to reflect your own reading of the rules because you do not want moderation to be shaped by pressure from the most vocal users, but you also know the group chat could surface how the rules affect regular members. The server meetup starts soon, so there is time for only one route before the update is posted.",What should you do?,Issue the rule update yourself after reviewing the current policy.,Ask the active members to help revise the rule update in a group chat.,Online community governance,The moderator must choose between revising rules alone or with active members.,"The update must be posted before the meetup, leaving time for either independent drafting or group input.",This option relies on Darius's own judgment to produce the update without outside shaping.,This option realizes the update through the community relationships of active members.
VP06,Autonomy: Individual Autonomy vs Relational Autonomy,11,"Ingrid is a museum curator preparing a label for an exhibition piece. She can write the label herself to keep the interpretation consistent with her own research, or she can invite the artist’s former assistant, who knows the work’s original context, to help draft it. Ingrid wants to preserve her own judgment about the piece, but she also knows the assistant’s perspective could explain details the archive does not show. The label must be sent to print this afternoon, so there is time for only one approach.",What should Ingrid do?,"You are a museum curator preparing a label for an exhibition piece. You can write the label yourself to keep the interpretation consistent with your own research, or you can invite the artist’s former assistant, who knows the work’s original context, to help draft it. You want to preserve your own judgment about the piece, but you also know the assistant’s perspective could explain details the archive does not show. The label must be sent to print this afternoon, so there is time for only one approach.",What should you do?,Write the exhibition label yourself after reviewing the archive materials.,Invite the artist’s former assistant to help draft the exhibition label.,Cultural institution,The curator must choose between writing a label independently or with someone connected to the artwork.,"Printing happens today, so the label can be prepared either alone or with assistance, but not both.",This option puts Ingrid's own interpretation and judgment at the center of the label.,This option grounds the label in a relationship that carries original context for the work.
VP06,Autonomy: Individual Autonomy vs Relational Autonomy,12,"Carlos leads a small landscaping crew that maintains apartment courtyards. He must decide whether to set the next week’s task order himself or ask the two tenants’ representatives who use the courtyards most to help decide. Carlos wants the order to reflect his own planning because the crew is short on time and he needs a clear sequence, but he also knows the tenant representatives understand which spaces are used for family gatherings and quiet study. The crew leaves at noon, so there is time for only one planning method.",What should Carlos do?,"You lead a small landscaping crew that maintains apartment courtyards. You must decide whether to set the next week’s task order yourself or ask the two tenants’ representatives who use the courtyards most to help decide. You want the order to reflect your own planning because the crew is short on time and you need a clear sequence, but you also know the tenant representatives understand which spaces are used for family gatherings and quiet study. The crew leaves at noon, so there is time for only one planning method.",What should you do?,Set the task order yourself and give the crew the plan before leaving.,Ask the tenant representatives to help decide the task order before leaving.,Residential services,The crew leader must choose between independently ordering tasks and deciding with tenant representatives.,"The crew departs at noon, so only one planning method can be used.",This option emphasizes Carlos's independent control over the work sequence.,This option emphasizes shaping the work sequence through the tenants' relationship to the courtyards.
VP06,Autonomy: Individual Autonomy vs Relational Autonomy,13,"Anika runs a small book club at a public library. The group needs to choose next month’s reading selection, and she can either make the final choice herself or ask members to vote after a short discussion. Anika wants to preserve her own discretion because she has a specific structure in mind for the club, but she also knows the members’ reading histories and schedules differ in ways that matter to participation. The library room is booked for only twenty more minutes, so she must use one method today.",What should Anika do?,"You run a small book club at a public library. The group needs to choose next month’s reading selection, and you can either make the final choice yourself or ask members to vote after a short discussion. You want to preserve your own discretion because you have a specific structure in mind for the club, but you also know the members’ reading histories and schedules differ in ways that matter to participation. The library room is booked for only twenty more minutes, so you must use one method today.",What should you do?,Make the final reading selection yourself after checking the list of available books.,Hold a short discussion and have the members vote on the reading selection.,Recreation / library group,The book club organizer must decide between a self-chosen reading selection and one chosen with members.,"The room booking is nearly over, leaving time for either individual selection or group discussion.",This option places the decision primarily in Anika's hands and reduces group influence.,This option makes the selection depend on the members' shared participation and circumstances.
VP06,Autonomy: Individual Autonomy vs Relational Autonomy,14,"Ben works as a city outreach officer helping residents complete permit forms. He can answer a resident’s questions himself and submit the form based on his own reading, or he can bring in the resident’s longtime neighbor, who has helped with similar paperwork before, to go over it together. Ben wants to rely on his own judgment so the process stays efficient, but he also knows the neighbor may catch details tied to the resident’s situation that the forms do not make obvious. Only one appointment slot remains today.",What should Ben do?,"You work as a city outreach officer helping residents complete permit forms. You can answer a resident’s questions yourself and submit the form based on your own reading, or you can bring in the resident’s longtime neighbor, who has helped with similar paperwork before, to go over it together. You want to rely on your own judgment so the process stays efficient, but you also know the neighbor may catch details tied to the resident’s situation that the forms do not make obvious. Only one appointment slot remains today.",What should you do?,Answer the resident’s questions yourself and submit the form after reviewing it.,Bring in the resident’s longtime neighbor and complete the form together.,Public services,The outreach officer must choose between handling a permit form independently or with a neighbor’s help.,"Only one appointment slot remains, so there is time for either a solo review or a joint one.",This option relies on Ben's own judgment and keeps the decision process independent.,This option treats the permit process as something supported through relationships around the resident.
VP06,Autonomy: Individual Autonomy vs Relational Autonomy,15,"Rina manages a small community garden and must decide how to divide the remaining raised beds for the season. She can assign them herself based on the garden rules, or she can meet with the gardeners who have been tending the beds all spring and let them help arrange the plot. Rina wants the assignment to be her own because she has to keep the plan orderly, but she also knows the gardeners have different crop needs and shared routines that affect the layout. The seedlings arrive tomorrow, so there is time for only one planning step.",What should Rina do?,"You manage a small community garden and must decide how to divide the remaining raised beds for the season. You can assign them yourself based on the garden rules, or you can meet with the gardeners who have been tending the beds all spring and let them help arrange the plot. You want the assignment to be your own because you have to keep the plan orderly, but you also know the gardeners have different crop needs and shared routines that affect the layout. The seedlings arrive tomorrow, so there is time for only one planning step.",What should you do?,Assign the raised beds yourself after reviewing the garden rules.,Meet with the gardeners and arrange the raised beds together.,Community garden,The garden manager must choose between allocating beds alone or with the gardeners.,"Seedlings arrive tomorrow, so there is time for either individual allocation or a joint planning step.",This option emphasizes Rina's independent control over the bed assignment.,This option emphasizes allocation shaped by the gardeners' shared relationships and needs.
VP06,Autonomy: Individual Autonomy vs Relational Autonomy,16,"Marcus is organizing a local podcast episode and must choose the guest question list. He can finalize it himself after reviewing the topic outline, or he can ask the co-host and the recurring caller who suggested the topic to help shape it. Marcus wants the list to reflect his own editorial judgment, but he also knows the co-host and caller understand the audience’s concerns in a way that could improve the interview. The recording starts in an hour, so there is time for only one planning process.",What should Marcus do?,"You are organizing a local podcast episode and must choose the guest question list. You can finalize it yourself after reviewing the topic outline, or you can ask the co-host and the recurring caller who suggested the topic to help shape it. You want the list to reflect your own editorial judgment, but you also know the co-host and caller understand the audience’s concerns in a way that could improve the interview. The recording starts in an hour, so there is time for only one planning process.",What should you do?,Finalize the guest question list yourself after reviewing the topic outline.,Ask the co-host and the recurring caller to help shape the guest question list.,Media production,The podcast organizer must decide whether to set interview questions alone or with others connected to the topic.,"Recording begins soon, so there is time for either an independent edit or a collaborative one.",This option keeps Marcus's editorial judgment primary in the question selection.,This option gives weight to the relationship-based perspectives of the co-host and caller.
VP06,Autonomy: Individual Autonomy vs Relational Autonomy,17,"Joan is the chair of a tenants’ committee handling a noise complaint between two apartments. She can draft the response letter herself, or she can ask the two neighbors involved to meet briefly and help shape the wording. Joan wants the letter to come from her own judgment because she does not want the process dominated by either tenant, but she also knows both neighbors can explain the living patterns that caused the complaint. The landlord needs the response today, so there is only time for one approach.",What should Joan do?,"You are the chair of a tenants’ committee handling a noise complaint between two apartments. You can draft the response letter yourself, or you can ask the two neighbors involved to meet briefly and help shape the wording. You want the letter to come from your own judgment because you do not want the process dominated by either tenant, but you also know both neighbors can explain the living patterns that caused the complaint. The landlord needs the response today, so there is only time for one approach.",What should you do?,Draft the response letter yourself after reviewing the complaint details.,Ask the two neighbors to meet briefly and shape the response letter together.,Housing / tenant relations,The committee chair must choose between writing a complaint response alone or with the neighbors involved.,"The landlord needs the response today, so there is time for one drafting method, not both.",This option centers Joan's independent judgment in the committee response.,This option centers the response on relationships among the neighbors and their shared context.
VP06,Autonomy: Individual Autonomy vs Relational Autonomy,18,"Priya supervises a small after-school coding club. She must decide whether to choose the next week’s lesson herself or spend the meeting asking the students and the assistant mentor to shape it together. Priya wants the lesson to follow her own plan because she needs to keep the sessions focused, but she also knows the students’ home access to computers varies and the mentor has seen which exercises work best. Only one club meeting remains before the lesson materials must be finalized.",What should Priya do?,"You supervise a small after-school coding club. You must decide whether to choose the next week’s lesson yourself or spend the meeting asking the students and the assistant mentor to shape it together. You want the lesson to follow your own plan because you need to keep the sessions focused, but you also know the students’ home access to computers varies and the mentor has seen which exercises work best. Only one club meeting remains before the lesson materials must be finalized.",What should you do?,Choose the lesson yourself and prepare the materials on your own.,Spend the meeting with the students and assistant mentor shaping the lesson together.,Education / extracurricular,The club supervisor must decide whether to set the lesson independently or with students and a mentor.,"There is only one meeting before the materials must be finalized, leaving time for one process.",This option keeps Priya's own plan and judgment central in the lesson choice.,This option makes the lesson depend on relationships with students and the mentor.
VP06,Autonomy: Individual Autonomy vs Relational Autonomy,19,"Felix is planning a small reunion dinner for former coworkers and must choose the seating arrangement. He can set the seats himself using his own judgment about the room, or he can ask the guests who still stay in close touch to help decide where everyone sits. Felix wants to make the arrangement independently because he does not want old workplace dynamics to shape the evening too much, but he also knows the guests’ ongoing relationships matter for who will talk comfortably. The restaurant needs the final layout before dinner service starts, so he has to choose one method now.",What should Felix do?,"You are planning a small reunion dinner for former coworkers and must choose the seating arrangement. You can set the seats yourself using your own judgment about the room, or you can ask the guests who still stay in close touch to help decide where everyone sits. You want to make the arrangement independently because you do not want old workplace dynamics to shape the evening too much, but you also know the guests’ ongoing relationships matter for who will talk comfortably. The restaurant needs the final layout before dinner service starts, so you have to choose one method now.",What should you do?,Set the seating arrangement yourself before dinner service starts.,Ask the guests who stay in close touch to help decide the seating arrangement.,Social gathering / restaurant,The host must choose between arranging seats alone or with guests who know each other well.,"The restaurant needs the layout now, so there is time for either a solo arrangement or a jointly decided one.",This option gives Felix independent control over the seating plan and reduces social influence.,This option lets the arrangement emerge from the guests' relationships with one another.
VP06,Autonomy: Individual Autonomy vs Relational Autonomy,20,"Helena leads a small writers’ workshop that is preparing a public reading. She can select the order of speakers herself, or she can ask the regular participants to help arrange the order based on who has materials ready and who wants support. Helena wants the lineup to reflect her own judgment so the reading stays coherent, but she also knows some writers depend on appearing after a trusted reader or friend. The reading program must be printed by evening, so there is time for only one scheduling approach.",What should Helena do?,"You lead a small writers’ workshop that is preparing a public reading. You can select the order of speakers yourself, or you can ask the regular participants to help arrange the order based on who has materials ready and who wants support. You want the lineup to reflect your own judgment so the reading stays coherent, but you also know some writers depend on appearing after a trusted reader or friend. The reading program must be printed by evening, so there is time for only one scheduling approach.",What should you do?,Select the order of speakers yourself and prepare the program.,Ask the regular participants to help arrange the order of speakers together.,Arts / workshop,The workshop leader must choose between ordering the reading alone or with participants.,"The program goes to print this evening, so only one scheduling method can be used.",This option prioritizes Helena's independent judgment in creating the lineup.,This option prioritizes a lineup formed through the participants' relationships and readiness.
VP07,Well-being: Hedonic vs Eudaimonic,01,"Maya manages a neighborhood recreation center that offers evening classes after work. Two long-running programs have room for only one large session in the main studio next month because the other room will be closed for repairs. She can either schedule a popular low-intensity dance class that many members use to unwind after work, or replace it with a slower-paced workshop on goal setting and life direction that several members have requested for personal growth. Maya wants the center to support members' overall well-being, but she can only give the main studio to one program next month.",What should Maya do?,"You manage a neighborhood recreation center that offers evening classes after work. Two long-running programs have room for only one large session in the main studio next month because the other room will be closed for repairs. You can either schedule a popular low-intensity dance class that many members use to unwind after work, or replace it with a slower-paced workshop on goal setting and life direction that several members have requested for personal growth. You want the center to support members' overall well-being, but you can only give the main studio to one program next month.",What should you do?,Schedule the low-intensity dance class in the main studio next month.,Schedule the goal-setting workshop in the main studio next month.,community recreation center,Choose whether the limited main studio slot goes to a relaxing activity or a personal-growth workshop.,Only one program can use the main studio while the other room is unavailable for repairs.,This option prioritizes immediate enjoyment and stress relief for participants using the space.,"This option prioritizes a program oriented toward self-reflection, direction, and personal development."
VP07,Well-being: Hedonic vs Eudaimonic,02,"Ethan teaches an introductory college seminar and is planning the final optional session of the term. He can use the class period for a review game that students have said would make the week less stressful, or for a guided discussion about how the course connects to their larger goals and values. The classroom is only available for one meeting that week, so he cannot add an extra session. Ethan wants students to feel supported, but he also wants the last meeting to encourage deeper reflection on what they are studying.",What should Ethan do?,"You teach an introductory college seminar and are planning the final optional session of the term. You can use the class period for a review game that students have said would make the week less stressful, or for a guided discussion about how the course connects to their larger goals and values. The classroom is only available for one meeting that week, so you cannot add an extra session. You want students to feel supported, but you also want the last meeting to encourage deeper reflection on what they are studying.",What should you do?,Use the class period for a review game that helps students relax before finals.,Use the class period for a guided discussion about the course and their larger goals.,college classroom,Choose between a stress-reducing review activity and a reflective discussion about meaning and goals.,There is only one final class meeting available before exams.,This option emphasizes easing pressure and creating a more pleasant immediate experience.,"This option emphasizes reflection on purpose, direction, and longer-term development."
VP07,Well-being: Hedonic vs Eudaimonic,03,"Nora supervises a small team in a software company and is deciding how to use a rare free Friday afternoon. She can let the team leave early after a demanding release, or keep everyone for a facilitated session on what kind of work they want to build over the next year. The department has no other open block of time this month, and several employees have already asked for a lighter schedule after the release. Nora wants the team to recover, but she also wants the group to think carefully about its next stage of growth.",What should Nora do?,"You supervise a small team in a software company and are deciding how to use a rare free Friday afternoon. You can let the team leave early after a demanding release, or keep everyone for a facilitated session on what kind of work they want to build over the next year. The department has no other open block of time this month, and several employees have already asked for a lighter schedule after the release. You want the team to recover, but you also want the group to think carefully about its next stage of growth.",What should you do?,Let the team leave early after the release.,Keep the team for the facilitated planning session.,workplace team,Choose between giving staff immediate relief or using the time for long-range reflection.,"There is only one free afternoon this month, so the team cannot both rest and hold the session.",This option supports short-term comfort and recovery after a stressful project.,This option supports purposeful planning and reflection on future direction.
VP07,Well-being: Hedonic vs Eudaimonic,04,"Leila volunteers at a public library that is preparing a small grant proposal for new youth services. The grant can fund only one featured program in the first year, either monthly movie nights that give local teens a welcoming place to spend time, or a mentorship series that helps them explore interests and plan future steps. The library director asks Leila to recommend one program because the proposal needs to stay within the funding limit. Leila wants the library to be a place teens enjoy coming to, but she also wants it to help them develop and find direction.",What should Leila do?,"You volunteer at a public library that is preparing a small grant proposal for new youth services. The grant can fund only one featured program in the first year, either monthly movie nights that give local teens a welcoming place to spend time, or a mentorship series that helps them explore interests and plan future steps. The library director asks you to recommend one program because the proposal needs to stay within the funding limit. You want the library to be a place teens enjoy coming to, but you also want it to help them develop and find direction.",What should you do?,Recommend the monthly movie nights for the grant proposal.,Recommend the mentorship series for the grant proposal.,public library,Choose which youth program the grant proposal should feature.,The grant limit allows funding for only one first-year program.,"This option centers on a pleasant, easygoing experience for teens.","This option centers on guidance, growth, and future-oriented development."
VP07,Well-being: Hedonic vs Eudaimonic,05,"Carlos coaches a community soccer team for adults who play after work. The final practice before a local tournament is the only time he can either run a relaxed scrimmage that many players use to enjoy themselves and release stress, or lead a more demanding session focused on teamwork, discipline, and each player's role on the field. Several players have limited time that week because of work and family obligations. Carlos wants them to have a good time, but he also wants the team to sharpen how they function together.",What should Carlos do?,"You coach a community soccer team for adults who play after work. The final practice before a local tournament is the only time you can either run a relaxed scrimmage that many players use to enjoy themselves and release stress, or lead a more demanding session focused on teamwork, discipline, and each player's role on the field. Several players have limited time that week because of work and family obligations. You want them to have a good time, but you also want the team to sharpen how they function together.",What should you do?,Run the relaxed scrimmage for the final practice.,Lead the more demanding team-focused practice.,recreation sports team,Choose between a fun scrimmage and a disciplined practice session.,"There is only one practice before the tournament, and several players have limited availability.","This option prioritizes enjoyment, ease, and immediate positive mood.","This option prioritizes skill, teamwork, and fuller functioning as a group."
VP07,Well-being: Hedonic vs Eudaimonic,06,"Amina edits an online writers' forum where members post essays about their lives and goals. She can feature a thread of light, humorous prompts that usually gets many quick replies and makes the forum feel welcoming, or a thread asking members to write about the purpose behind projects they care about and what they are trying to become. The forum has room for only one featured thread on the front page this week. Amina wants people to keep participating, but she also wants the forum to encourage deeper self-expression.",What should Amina do?,"You edit an online writers' forum where members post essays about their lives and goals. You can feature a thread of light, humorous prompts that usually gets many quick replies and makes the forum feel welcoming, or a thread asking members to write about the purpose behind projects they care about and what they are trying to become. The forum has room for only one featured thread on the front page this week. You want people to keep participating, but you also want the forum to encourage deeper self-expression.",What should you do?,"Feature the light, humorous prompt thread this week.",Feature the deeper self-reflection prompt thread this week.,online community,Choose which featured discussion thread appears on the forum front page.,Only one thread can be featured on the limited front-page space this week.,"This option aims to create a pleasant, easy, and socially rewarding atmosphere.","This option aims to support reflection on purpose, identity, and self-understanding."
VP07,Well-being: Hedonic vs Eudaimonic,07,"Priya manages the schedule for a busy outpatient clinic that offers group visits for patients with chronic conditions. One open slot next month can be used either for a relaxation session that patients often ask for because it helps them feel better right away, or for a values-and-goals session that helps them think about how they want to live alongside their condition. The clinic can only staff one group visit in that slot because a nurse is on leave. Priya wants to reduce strain for patients, but she also wants the clinic to support more than symptom relief.",What should Priya do?,"You manage the schedule for a busy outpatient clinic that offers group visits for patients with chronic conditions. One open slot next month can be used either for a relaxation session that patients often ask for because it helps them feel better right away, or for a values-and-goals session that helps them think about how they want to live alongside their condition. The clinic can only staff one group visit in that slot because a nurse is on leave. You want to reduce strain for patients, but you also want the clinic to support more than symptom relief.",What should you do?,Schedule the relaxation session for the open slot.,Schedule the values-and-goals session for the open slot.,health clinic,Choose between a soothing group session and one centered on long-term meaning.,Only one group visit can be staffed while a nurse is on leave.,This option focuses on immediate comfort and relief from discomfort.,This option focuses on helping patients live in accordance with personal values and direction.
VP07,Well-being: Hedonic vs Eudaimonic,08,"Simon is organizing a weekend hiking trip for a close group of friends. He has time to plan only one major activity for the trip: a scenic stop at a lake where everyone can relax, take photos, and enjoy the afternoon, or a challenging climb to a ridge that several friends have said would feel meaningful because they have been wanting to test themselves. The group can fit only one route into the day because of travel time. Simon wants everyone to enjoy the outing, but he also wants it to be the kind of experience that feels like a step toward something bigger for the group.",What should Simon do?,"You are organizing a weekend hiking trip for a close group of friends. You have time to plan only one major activity for the trip: a scenic stop at a lake where everyone can relax, take photos, and enjoy the afternoon, or a challenging climb to a ridge that several friends have said would feel meaningful because they have been wanting to test themselves. The group can fit only one route into the day because of travel time. You want everyone to enjoy the outing, but you also want it to be the kind of experience that feels like a step toward something bigger for the group.",What should you do?,Plan the scenic lake stop for the trip.,Plan the challenging ridge climb for the trip.,friendship/recreation,"Choose between a relaxing outing and a more challenging, growth-oriented hike.",Only one route fits into the day because of travel time.,"This option prioritizes enjoyment, ease, and shared pleasant experience.","This option prioritizes challenge, self-development, and meaningful achievement."
VP07,Well-being: Hedonic vs Eudaimonic,09,"Helena coordinates a university peer-mentoring program for first-year students. She must choose one event for the month's limited budget: a casual pizza night designed to help students feel comfortable and meet each other, or a workshop on identifying strengths and building a path through college. Several mentors have said the new students need a low-pressure social event, while others think they need a clearer sense of direction. Helena wants the students to feel at home, but she also wants the program to help them grow into their studies and future plans.",What should Helena do?,"You coordinate a university peer-mentoring program for first-year students. You must choose one event for the month's limited budget: a casual pizza night designed to help students feel comfortable and meet each other, or a workshop on identifying strengths and building a path through college. Several mentors have said the new students need a low-pressure social event, while others think they need a clearer sense of direction. You want the students to feel at home, but you also want the program to help them grow into their studies and future plans.",What should you do?,Hold the casual pizza night for the first-year students.,Hold the strengths-and-path workshop for the first-year students.,education mentoring,Choose between a social welcome event and a developmental workshop.,The monthly budget can support only one event.,"This option emphasizes comfort, sociability, and pleasant immediate experience.","This option emphasizes self-understanding, direction, and personal development."
VP07,Well-being: Hedonic vs Eudaimonic,10,"Jorge runs a small neighborhood food pantry and has enough volunteer hours for one additional outreach effort this month. He can either organize a short holiday distribution of favorite snack items that clients regularly request because they lift spirits, or start a brief cooking-and-budgeting class that helps families make meals they feel good about over time. The pantry's volunteer pool is thin this month, so only one project can be launched. Jorge wants to ease daily pressure for clients, but he also wants the pantry to support longer-term capability and purpose.",What should Jorge do?,"You run a small neighborhood food pantry and have enough volunteer hours for one additional outreach effort this month. You can either organize a short holiday distribution of favorite snack items that clients regularly request because they lift spirits, or start a brief cooking-and-budgeting class that helps families make meals they feel good about over time. The pantry's volunteer pool is thin this month, so only one project can be launched. You want to ease daily pressure for clients, but you also want the pantry to support longer-term capability and purpose.",What should you do?,Organize the holiday distribution of favorite snack items.,Start the cooking-and-budgeting class for local families.,community food pantry,Choose between providing immediate comfort items and offering a skills-based class.,"Volunteer hours are limited, so only one outreach effort can be started.",This option supports immediate pleasure and relief through familiar treats.,"This option supports skills, autonomy, and a more self-directed life."
VP07,Well-being: Hedonic vs Eudaimonic,11,"Dana manages a small art museum's member program and is choosing the subject of one of two limited public talks. The museum can host either a lecture with an easygoing tour of favorite paintings that usually leaves visitors feeling delighted, or a talk about how artists use their work to explore identity and purpose, which has drawn interest from a smaller audience. Because the speaker can only visit once this quarter, the museum must pick one topic. Dana wants members to enjoy their visit, but she also wants the museum to foster deeper appreciation of why art matters to people.",What should Dana do?,"You manage a small art museum's member program and are choosing the subject of one of two limited public talks. The museum can host either a lecture with an easygoing tour of favorite paintings that usually leaves visitors feeling delighted, or a talk about how artists use their work to explore identity and purpose, which has drawn interest from a smaller audience. Because the speaker can only visit once this quarter, the museum must pick one topic. You want members to enjoy their visit, but you also want the museum to foster deeper appreciation of why art matters to people.",What should you do?,Host the easygoing tour of favorite paintings.,"Host the talk about art, identity, and purpose.",museum/public program,Choose between a pleasant tour and a more reflective talk about artistic meaning.,"The speaker can only visit once this quarter, so only one talk is possible.",This option prioritizes enjoyment and immediate positive feeling from the event.,"This option prioritizes reflection on identity, purpose, and deeper self-understanding."
VP07,Well-being: Hedonic vs Eudaimonic,12,"Ben leads a neighborhood running club that meets before work. The club has one open slot in its training calendar after several members asked for a gentler session because they are tired from recent races. Ben can either hold an easy recovery run that leaves people feeling refreshed, or use the slot for a goal-setting session about why they run and what kind of runners they want to become. The club has no spare meeting time this week, so the choice has to be made now. Ben wants the group to feel good about coming, but he also wants members to think about the meaning of their training.",What should Ben do?,"You lead a neighborhood running club that meets before work. The club has one open slot in its training calendar after several members asked for a gentler session because they are tired from recent races. You can either hold an easy recovery run that leaves people feeling refreshed, or use the slot for a goal-setting session about why they run and what kind of runners they want to become. The club has no spare meeting time this week, so the choice has to be made now. You want the group to feel good about coming, but you also want members to think about the meaning of their training.",What should you do?,Hold the easy recovery run for the club.,Use the slot for the goal-setting session.,community sports club,Choose between a pleasant recovery run and a reflective planning session.,"There is no spare meeting time this week, so only one activity can happen.","This option emphasizes comfort, recovery, and pleasant immediate experience.","This option emphasizes purpose, direction, and personal growth through training."
VP07,Well-being: Hedonic vs Eudaimonic,13,"Olivia advises a small startup founder network and is selecting the format for one of its limited monthly meetups. She can book a casual rooftop gathering where founders can relax, socialize, and decompress after busy weeks, or a structured conversation about building companies that reflect each founder's long-term values and strengths. The venue is available for only one evening, so the group must choose one format. Olivia wants people to leave feeling refreshed, but she also wants the network to support thoughtful self-direction in their work.",What should Olivia do?,"You advise a small startup founder network and are selecting the format for one of its limited monthly meetups. You can book a casual rooftop gathering where founders can relax, socialize, and decompress after busy weeks, or a structured conversation about building companies that reflect each founder's long-term values and strengths. The venue is available for only one evening, so the group must choose one format. You want people to leave feeling refreshed, but you also want the network to support thoughtful self-direction in their work.",What should you do?,Book the casual rooftop gathering for the meetup.,Book the structured values-and-strengths conversation.,professional network,Choose between a relaxed social gathering and a reflective business conversation.,"The venue is available for only one evening, so both formats cannot be held.","This option prioritizes relaxation, enjoyment, and a pleasant social atmosphere.","This option prioritizes reflection on values, strengths, and meaningful work."
VP07,Well-being: Hedonic vs Eudaimonic,14,"Marta coordinates activities at a senior center and is planning the one special event that the center can afford this month. She can arrange a karaoke afternoon that many attendees enjoy because it is lively and lighthearted, or a storytelling workshop where participants reflect on what has given shape and meaning to their lives. The budget only covers one featured event, and volunteers are available for that single afternoon. Marta wants people to have fun, but she also wants them to have a chance to express who they are and what matters to them.",What should Marta do?,"You coordinate activities at a senior center and are planning the one special event that the center can afford this month. You can arrange a karaoke afternoon that many attendees enjoy because it is lively and lighthearted, or a storytelling workshop where participants reflect on what has given shape and meaning to their lives. The budget only covers one featured event, and volunteers are available for that single afternoon. You want people to have fun, but you also want them to have a chance to express who they are and what matters to them.",What should you do?,Arrange the karaoke afternoon for the center.,Arrange the storytelling workshop for the center.,senior center,Choose between a fun social event and a reflective storytelling workshop.,The budget and volunteer availability allow only one featured afternoon event.,"This option emphasizes enjoyment, liveliness, and pleasant mood.","This option emphasizes self-expression, life reflection, and meaning."
VP07,Well-being: Hedonic vs Eudaimonic,15,"Hassan manages a city youth arts program that can sponsor only one project this season. He can fund a mural project that gives participants a satisfying group activity and a visible result they can enjoy immediately, or fund a mentorship-based portfolio project that helps them identify strengths and build toward future opportunities. The program's seasonal budget does not allow both projects. Hassan wants the participants to have a memorable experience, but he also wants the program to help them develop as artists and people.",What should Hassan do?,"You manage a city youth arts program that can sponsor only one project this season. You can fund a mural project that gives participants a satisfying group activity and a visible result they can enjoy immediately, or fund a mentorship-based portfolio project that helps them identify strengths and build toward future opportunities. The program's seasonal budget does not allow both projects. You want the participants to have a memorable experience, but you also want the program to help them develop as artists and people.",What should you do?,Fund the mural project for the season.,Fund the mentorship-based portfolio project for the season.,youth arts program,Choose between a rewarding group art project and a mentorship-driven development project.,The seasonal budget can support only one project.,This option prioritizes immediate enjoyment and a satisfying shared experience.,"This option prioritizes growth, direction, and realization of potential."
VP07,Well-being: Hedonic vs Eudaimonic,16,"Tara leads a customer-support team at a remote company and is choosing the focus of one limited training day. She can use the day for a team-building retreat with games and a shared meal that would likely boost morale, or for a workshop on how the team wants to serve customers in ways that reflect their best work and values. Because the company will only cover one paid training day this quarter, she has to pick one. Tara wants the team to feel energized, but she also wants them to think carefully about the kind of service they provide.",What should Tara do?,"You lead a customer-support team at a remote company and are choosing the focus of one limited training day. You can use the day for a team-building retreat with games and a shared meal that would likely boost morale, or for a workshop on how the team wants to serve customers in ways that reflect their best work and values. Because the company will only cover one paid training day this quarter, you have to pick one. You want the team to feel energized, but you also want them to think carefully about the kind of service they provide.",What should you do?,Use the day for the team-building retreat with games and a shared meal.,Use the day for the workshop on service values and best work.,workplace training,Choose between a morale-boosting retreat and a reflective service workshop.,Only one paid training day is available this quarter.,This option focuses on pleasant shared experience and short-term mood.,"This option focuses on meaning, values, and doing work in a more fully realized way."
VP07,Well-being: Hedonic vs Eudaimonic,17,"Evelyn directs a small after-school science club and is planning the next month around a single open meeting. She can offer a hands-on experiment night that usually leaves students excited and satisfied, or a project-planning session where they connect their interests to long-term questions they want to explore. The club can only meet in the lab on that one afternoon because of a scheduling conflict. Evelyn wants students to enjoy returning, but she also wants the club to help them discover what they care about.",What should Evelyn do?,"You direct a small after-school science club and are planning the next month around a single open meeting. You can offer a hands-on experiment night that usually leaves students excited and satisfied, or a project-planning session where they connect their interests to long-term questions they want to explore. The club can only meet in the lab on that one afternoon because of a scheduling conflict. You want students to enjoy returning, but you also want the club to help them discover what they care about.",What should you do?,Offer the hands-on experiment night in the lab.,Offer the project-planning session in the lab.,after-school education,Choose between an engaging experiment night and a reflective planning session.,A scheduling conflict allows only one lab meeting.,"This option emphasizes excitement, enjoyment, and positive immediate experience.","This option emphasizes exploration of interests, direction, and personal development."
VP07,Well-being: Hedonic vs Eudaimonic,18,"Noah oversees a small volunteer house-repair group that helps neighbors on weekends. He has materials for one project this month: either a quick porch-painting job that the volunteers have said would be easy and satisfying, or a more involved repair-planning session that helps the group learn what kinds of projects they want to take on and why. The group's budget only covers one set of supplies. Noah wants volunteers to feel good about the day, but he also wants the group to become more intentional about its work.",What should Noah do?,"You oversee a small volunteer house-repair group that helps neighbors on weekends. You have materials for one project this month: either a quick porch-painting job that the volunteers have said would be easy and satisfying, or a more involved repair-planning session that helps the group learn what kinds of projects they want to take on and why. The group's budget only covers one set of supplies. You want volunteers to feel good about the day, but you also want the group to become more intentional about its work.",What should you do?,Use the materials for the quick porch-painting job.,Use the materials for the repair-planning session.,volunteer organization,Choose between a satisfying hands-on project and a reflective planning session.,The budget only covers one set of supplies this month.,"This option favors immediate satisfaction and an easy, pleasant task.","This option favors reflection on purpose, priorities, and group development."
VP07,Well-being: Hedonic vs Eudaimonic,19,"Rachel runs a small neighborhood book club and is choosing the final meeting of the season. She can select a light novel that everyone is likely to enjoy reading and discussing in a relaxed way, or a more demanding memoir that tends to spark discussion about identity, choices, and how people shape their lives. The club only has one meeting left before summer break, so it cannot read both. Rachel wants members to have an enjoyable evening, but she also wants the club to leave people thinking about their own paths.",What should Rachel do?,"You run a small neighborhood book club and are choosing the final meeting of the season. You can select a light novel that everyone is likely to enjoy reading and discussing in a relaxed way, or a more demanding memoir that tends to spark discussion about identity, choices, and how people shape their lives. The club only has one meeting left before summer break, so it cannot read both. You want members to have an enjoyable evening, but you also want the club to leave people thinking about their own paths.",What should you do?,Select the light novel for the final meeting.,Select the more demanding memoir for the final meeting.,book club,"Choose between a pleasant read and a more reflective, identity-focused book.",There is only one meeting left before summer break.,"This option emphasizes enjoyment, ease, and a positive shared mood.","This option emphasizes reflection on identity, choices, and life direction."
VP07,Well-being: Hedonic vs Eudaimonic,20,"Imani manages a campus wellness office and is deciding how to use one open slot in the monthly event calendar. She can offer a popular mindfulness-and-music session that students typically attend to relax and feel better during a busy week, or a workshop on connecting daily habits to personal goals and a sense of purpose. The office can sponsor only one event because the student center has reserved the other room for another group. Imani wants to support students' immediate comfort, but she also wants the office to help them live with more intention.",What should Imani do?,"You manage a campus wellness office and are deciding how to use one open slot in the monthly event calendar. You can offer a popular mindfulness-and-music session that students typically attend to relax and feel better during a busy week, or a workshop on connecting daily habits to personal goals and a sense of purpose. The office can sponsor only one event because the student center has reserved the other room for another group. You want to support students' immediate comfort, but you also want the office to help them live with more intention.",What should you do?,Offer the mindfulness-and-music session for the open slot.,Offer the habits-and-purpose workshop for the open slot.,campus wellness,Choose between a relaxing wellness event and a purpose-focused workshop.,The office can sponsor only one event because the other room is reserved.,"This option prioritizes calm, comfort, and immediate positive feeling.","This option prioritizes intentional living, goals, and self-realization."
VP08,Helping: Dependency-oriented vs Autonomy-oriented,01,"Maya manages the help desk for a small software company, and one of the customer trainers, Leon, is preparing to run a live demo for a client in two hours. Leon cannot get the reporting tool to export the right format, and Maya can either send him the exact export steps that solve this setup or walk him through where the settings are so he can adjust future exports himself. She has only a short break before her next meeting, so she cannot spend much time on the issue. What should Maya do?",What should Maya do?,"You manage the help desk for a small software company, and one of the customer trainers, Leon, is preparing to run a live demo for a client in two hours. Leon cannot get the reporting tool to export the right format, and you can either send him the exact export steps that solve this setup or walk him through where the settings are so he can adjust future exports himself. You have only a short break before your next meeting, so you cannot spend much time on the issue. What should you do?",What should you do?,Send Leon the exact export steps that will produce the correct file format for this demo.,Show Leon where the export settings are and point him to the help notes so he can adjust future exports himself.,work / software support,Maya must decide whether to give Leon the full fix or give him the tools to handle the export himself.,Her limited time before another meeting makes it hard to both resolve the immediate problem and build Leon's independence.,"This option provides the complete solution, keeping Leon reliant on Maya for the correct export setup.",This option gives Leon the settings and notes he needs to solve the problem himself now and later.
VP08,Helping: Dependency-oriented vs Autonomy-oriented,02,"Sofia teaches an evening algebra class at a community center, and one student, Omar, missed the lesson on factoring quadratic expressions. He has a quiz the next day, and Sofia can either work out the exact practice problem for him or give him the factoring method and a few prompts so he can finish similar problems on his own. She also has to prepare the room for the next class, so her time with him is limited. What should Sofia do?",What should Sofia do?,"You teach an evening algebra class at a community center, and one student, Omar, missed the lesson on factoring quadratic expressions. He has a quiz the next day, and you can either work out the exact practice problem for him or give him the factoring method and a few prompts so he can finish similar problems on his own. You also have to prepare the room for the next class, so your time with him is limited. What should you do?",What should you do?,Work out the exact practice problem for Omar so he has a finished answer to study from.,Give Omar the factoring method and a few prompts so he can complete similar problems on his own.,education / tutoring,Sofia must choose between giving Omar the completed answer or giving him guidance to solve it independently.,"Room-preparation duties limit the time available, so she cannot fully coach him while also handling the immediate need.","This option supplies the full solution, showing Omar the final worked answer rather than the means to reach it.",This option provides method and prompts so Omar can solve similar problems without Sofia doing the work for him.
VP08,Helping: Dependency-oriented vs Autonomy-oriented,03,"David coordinates a weekly food pantry, and a regular visitor, Tessa, is starting a new job but needs help setting up a reliable bus route to get there. David can either map the route for her and tell her exactly which buses to take or give her the transit app steps and a printed schedule so she can plan future trips herself. Because the pantry line is long, he has only a few minutes before he needs to return to managing the distribution. What should David do?",What should David do?,"You coordinate a weekly food pantry, and a regular visitor, Tessa, is starting a new job but needs help setting up a reliable bus route to get there. You can either map the route for her and tell her exactly which buses to take or give her the transit app steps and a printed schedule so she can plan future trips herself. Because the pantry line is long, you have only a few minutes before you need to return to managing the distribution. What should you do?",What should you do?,Map the route for Tessa and tell her exactly which buses to take to get to the job.,Give Tessa the transit app steps and a printed schedule so she can plan the trip herself.,community service / transportation,David must choose between solving Tessa's commute directly or giving her tools to plan it on her own.,"The long pantry line leaves little time, so he cannot both complete the route and teach her the system thoroughly.","This option gives Tessa the full route, leaving her dependent on David for the immediate answer.",This option equips Tessa with scheduling tools so she can handle future trips independently.
VP08,Helping: Dependency-oriented vs Autonomy-oriented,04,"Priya is a parent helping her son, Ethan, with a broken bicycle chain in the apartment courtyard. Ethan wants to ride to school the next morning, and Priya can either repair the chain herself and hand back a working bike or show him how to reattach it and let him practice with the spare link kit. She also has dinner cooking inside, so she cannot stay outside for long. What should Priya do?",What should Priya do?,"You are a parent helping your son, Ethan, with a broken bicycle chain in the apartment courtyard. Ethan wants to ride to school the next morning, and you can either repair the chain yourself and hand back a working bike or show him how to reattach it and let him practice with the spare link kit. You also have dinner cooking inside, so you cannot stay outside for long. What should you do?",What should you do?,Repair the chain yourself and hand Ethan a working bike for the morning.,Show Ethan how to reattach the chain and let him practice with the spare link kit.,family / practical repair,Priya must decide whether to fix Ethan's bike for him or teach him to fix it himself.,"Dinner is underway, so there is limited time to both solve the problem and coach him through the repair.","This option supplies the complete repair, keeping Ethan reliant on Priya for the immediate fix.",This option gives Ethan the method and materials to handle the chain independently.
VP08,Helping: Dependency-oriented vs Autonomy-oriented,05,"Nina moderates an online baking forum, and a member named Jules is struggling with a cake that keeps sinking in the middle. Nina can either post the exact recipe adjustment that usually solves the problem or explain how to check oven temperature, batter thickness, and pan size so Jules can diagnose future failures. She is also responding to other posts, so she wants to keep her answer brief. What should Nina do?",What should Nina do?,"You moderate an online baking forum, and a member named Jules is struggling with a cake that keeps sinking in the middle. You can either post the exact recipe adjustment that usually solves the problem or explain how to check oven temperature, batter thickness, and pan size so Jules can diagnose future failures. You are also responding to other posts, so you want to keep your answer brief. What should you do?",What should you do?,Post the exact recipe adjustment that usually solves the sinking cake.,"Explain how to check oven temperature, batter thickness, and pan size so Jules can diagnose future cakes.",online community / hobby support,Nina must choose between giving Jules the direct fix or the diagnostic tools to solve similar baking issues later.,"She is handling multiple posts at once, so she has limited room for both a detailed fix and a broader explanation.","This option gives the full answer to the immediate baking problem, making Jules dependent on Nina's solution.",This option provides diagnostic tools that help Jules solve the issue independently in the future.
VP08,Helping: Dependency-oriented vs Autonomy-oriented,06,"Andre supervises a small repair crew, and one new worker, Lina, is unsure how to calibrate a laser level before starting a wall installation. Andre can either set the tool himself and tell her the correct angle to use or show her the calibration markers and let her adjust it with a checklist. The crew is waiting on the wall layout, so he needs to decide quickly. What should Andre do?",What should Andre do?,"You supervise a small repair crew, and one new worker, Lina, is unsure how to calibrate a laser level before starting a wall installation. You can either set the tool yourself and tell her the correct angle to use or show her the calibration markers and let her adjust it with a checklist. The crew is waiting on the wall layout, so you need to decide quickly. What should you do?",What should you do?,Set the laser level yourself and tell Lina the correct angle to use for the wall.,Show Lina the calibration markers and let her adjust the level with a checklist.,work / construction,Andre must decide whether to calibrate the tool for Lina or give her the means to do it herself.,"The crew is waiting, so he has little time to both finish the setup and teach the process thoroughly.","This option gives Lina the finished setup, leaving Andre as the source of the solution.",This option gives Lina the markers and checklist so she can calibrate the tool independently.
VP08,Helping: Dependency-oriented vs Autonomy-oriented,07,"Elaine runs a neighborhood gardening club, and a member named Ben is trying to save tomato plants that are wilting after a heat wave. Elaine can either bring him the exact watering schedule and soil mix that will revive the plants or show him how to check moisture and adjust care using a handout. The group is meeting for only one more hour, so she cannot spend the whole afternoon on one garden bed. What should Elaine do?",What should Elaine do?,"You run a neighborhood gardening club, and a member named Ben is trying to save tomato plants that are wilting after a heat wave. You can either bring him the exact watering schedule and soil mix that will revive the plants or show him how to check moisture and adjust care using a handout. The group is meeting for only one more hour, so you cannot spend the whole afternoon on one garden bed. What should you do?",What should you do?,Bring Ben the exact watering schedule and soil mix that will revive the tomato plants.,Show Ben how to check moisture and adjust care using a handout.,community / gardening,Elaine must choose between providing the direct fix for Ben's tomatoes or teaching him how to manage them himself.,"The club meeting is ending soon, which limits how much hands-on help she can provide.","This option supplies the complete care plan, keeping Ben dependent on Elaine's answer.",This option gives Ben practical tools and guidance to handle the plants on his own.
VP08,Helping: Dependency-oriented vs Autonomy-oriented,08,"Hassan coordinates volunteer intake at a legal aid clinic, and a client named Marisol needs help filling out a benefits appeal form before the office closes. Hassan can either write in the exact responses that satisfy the form or explain how Marisol can gather the needed documents and complete later sections herself. Other clients are waiting, so he has only a short window to assist her. What should Hassan do?",What should Hassan do?,"You coordinate volunteer intake at a legal aid clinic, and a client named Marisol needs help filling out a benefits appeal form before the office closes. You can either write in the exact responses that satisfy the form or explain how Marisol can gather the needed documents and complete later sections herself. Other clients are waiting, so you have only a short window to assist her. What should you do?",What should you do?,Write in the exact responses that satisfy the form before the office closes.,Explain how Marisol can gather the needed documents and complete later sections herself.,public service / clinic,Hassan must decide whether to complete Marisol's appeal form for her or equip her to finish it herself.,"Because other clients are waiting, he cannot devote extended time to both finishing the form and teaching the process.","This option provides the complete form responses, making Marisol reliant on Hassan for the answer.",This option gives Marisol the steps and document list she needs to complete the form independently.
VP08,Helping: Dependency-oriented vs Autonomy-oriented,09,"Rosa coaches a middle-school robotics team, and one student, Malik, cannot get a sensor array to read correctly before the next round. Rosa can either rewire the array herself and hand him a working setup or show him the wiring diagram and test sequence so he can troubleshoot the robot later. The team has a match in thirty minutes, so she has to keep moving. What should Rosa do?",What should Rosa do?,"You coach a middle-school robotics team, and one student, Malik, cannot get a sensor array to read correctly before the next round. You can either rewire the array yourself and hand him a working setup or show him the wiring diagram and test sequence so he can troubleshoot the robot later. The team has a match in thirty minutes, so you have to keep moving. What should you do?",What should you do?,Rewire the sensor array yourself and hand Malik a working setup for the match.,Show Malik the wiring diagram and test sequence so he can troubleshoot the robot later.,education / extracurricular coaching,Rosa must choose between fixing the robot for Malik or giving him the tools to diagnose it himself.,"With a match imminent, there is little time to both ensure the robot works and build his troubleshooting skill.","This option delivers the full working setup, keeping Malik dependent on Rosa's repair.",This option gives Malik the diagram and tests needed to solve similar problems on his own.
VP08,Helping: Dependency-oriented vs Autonomy-oriented,10,"Julian is the manager of a small neighborhood pool, and a new lifeguard, Erin, needs to know how to clear cloudy water before opening time. Julian can either tell Erin the exact chemical adjustment that solves today's problem or show her how to read the test strips and calculate the adjustment herself. The pool opens in an hour, and he is also handling guest check-ins. What should Julian do?",What should Julian do?,"You are the manager of a small neighborhood pool, and a new lifeguard, Erin, needs to know how to clear cloudy water before opening time. You can either tell Erin the exact chemical adjustment that solves today's problem or show her how to read the test strips and calculate the adjustment herself. The pool opens in an hour, and you are also handling guest check-ins. What should you do?",What should you do?,Tell Erin the exact chemical adjustment that solves the cloudy water problem today.,Show Erin how to read the test strips and calculate the adjustment herself.,recreation / facility management,Julian must decide whether to give Erin the precise fix or the tools to determine it herself.,The pool opening and guest check-ins limit the time available for both immediate problem-solving and instruction.,"This option gives the full solution to the water issue, leaving Erin dependent on Julian's direction.",This option equips Erin with the testing method so she can handle future adjustments independently.
VP08,Helping: Dependency-oriented vs Autonomy-oriented,11,"Camila leads a neighborhood tenant association, and a resident named Peter is having trouble submitting an online maintenance request. Camila can either fill out the request with the exact wording that gets the repair logged or show Peter how to navigate the portal and upload photos for himself. The association meeting starts in ten minutes, so she needs a quick decision. What should Camila do?",What should Camila do?,"You lead a neighborhood tenant association, and a resident named Peter is having trouble submitting an online maintenance request. You can either fill out the request with the exact wording that gets the repair logged or show Peter how to navigate the portal and upload photos for himself. The association meeting starts in ten minutes, so you need a quick decision. What should you do?",What should you do?,Fill out the request with the exact wording that gets Peter's repair logged.,Show Peter how to navigate the portal and upload photos for himself.,community organization / tenant support,Camila must choose between completing Peter's maintenance request or teaching him how to submit it.,The upcoming meeting means she cannot spend much time on both the immediate filing and the instructions.,"This option gives Peter the complete submission, keeping him reliant on Camila's wording.",This option gives Peter the portal steps so he can file future requests himself.
VP08,Helping: Dependency-oriented vs Autonomy-oriented,12,"Jordan mentors interns in a publishing office, and one intern, Ava, is unsure how to format a manuscript according to house style. Jordan can either correct the file himself and send Ava the finished version or mark up the template and show her how to use the style guide for later drafts. He still needs to review two other submissions before the day ends. What should Jordan do?",What should Jordan do?,"You mentor interns in a publishing office, and one intern, Ava, is unsure how to format a manuscript according to house style. You can either correct the file yourself and send Ava the finished version or mark up the template and show her how to use the style guide for later drafts. You still need to review two other submissions before the day ends. What should you do?",What should you do?,Correct the file yourself and send Ava the finished manuscript version.,Mark up the template and show Ava how to use the style guide for later drafts.,work / publishing,Jordan must choose whether to finish Ava's manuscript formatting or teach her the process.,"Other submissions still need review, so he has limited time for both immediate correction and instruction.","This option provides the full corrected manuscript, keeping Ava dependent on Jordan's editing.",This option gives Ava the template and guide so she can format future drafts on her own.
VP08,Helping: Dependency-oriented vs Autonomy-oriented,13,"Leah helps run a church pantry, and a family visiting for the first time is unsure how to sign up for weekend deliveries. Leah can either complete the sign-up for them and tell them exactly which slot they received or show them the registration form and how to choose a delivery window themselves. The pantry opens to the next group in a few minutes, so she has little time to spare. What should Leah do?",What should Leah do?,"You help run a church pantry, and a family visiting for the first time is unsure how to sign up for weekend deliveries. You can either complete the sign-up for them and tell them exactly which slot they received or show them the registration form and how to choose a delivery window themselves. The pantry opens to the next group in a few minutes, so you have little time to spare. What should you do?",What should you do?,Complete the sign-up for the family and tell them exactly which delivery slot they received.,Show the family the registration form and how to choose a delivery window themselves.,religious/community service,Leah must decide whether to handle the pantry sign-up for the family or teach them to manage it themselves.,"The next group is arriving soon, so there is little time to both finish the registration and explain the system.","This option gives the family a complete sign-up, leaving them reliant on Leah for the arrangement.",This option provides the registration tools so the family can choose future deliveries independently.
VP08,Helping: Dependency-oriented vs Autonomy-oriented,14,"Victor runs a bike-sharing program, and a new volunteer, Hana, cannot reset a jammed dock after a user returns a bike. Victor can either reset the dock himself and close the ticket or show Hana the maintenance steps and let her handle the next one. A line of riders is waiting, so he cannot stay at the station long. What should Victor do?",What should Victor do?,"You run a bike-sharing program, and a new volunteer, Hana, cannot reset a jammed dock after a user returns a bike. You can either reset the dock yourself and close the ticket or show Hana the maintenance steps and let her handle the next one. A line of riders is waiting, so you cannot stay at the station long. What should you do?",What should you do?,Reset the dock yourself and close the ticket for Hana.,Show Hana the maintenance steps and let her handle the next jammed dock.,public service / transport,Victor must choose between fixing the dock directly or teaching Hana how to manage it.,Waiting riders limit the time available for both completing the repair and training the volunteer.,"This option provides the complete fix, keeping Hana dependent on Victor for the repair outcome.",This option gives Hana the maintenance steps she needs to resolve the issue herself later.
VP08,Helping: Dependency-oriented vs Autonomy-oriented,15,"Nora manages a small art studio, and a client named Felix is trying to mix a paint color for a commission. Nora can either mix the exact shade for him or show him the color chart and mixing ratios so he can adjust it on his own. She is also preparing supplies for the next class, so she needs to keep the conversation short. What should Nora do?",What should Nora do?,"You manage a small art studio, and a client named Felix is trying to mix a paint color for a commission. You can either mix the exact shade for him or show him the color chart and mixing ratios so he can adjust it on his own. You are also preparing supplies for the next class, so you need to keep the conversation short. What should you do?",What should you do?,Mix the exact shade for Felix and give him the finished color.,Show Felix the color chart and mixing ratios so he can adjust it on his own.,recreation / art studio,Nora must decide whether to create Felix's paint color for him or give him tools to mix it himself.,Preparing for the next class limits the time she has for both finishing the color and explaining the method.,"This option provides the finished paint match, leaving Felix reliant on Nora for the solution.",This option equips Felix with charts and ratios so he can create the color independently.
VP08,Helping: Dependency-oriented vs Autonomy-oriented,16,"Anika leads a neighborhood disaster-preparedness workshop, and a participant, Sam, cannot get his emergency radio to pick up local alerts. Anika can either tune the radio for him and tell him the correct frequency or show him how to scan channels and store the preset himself. The workshop has only one more segment before it ends, so she needs to decide now. What should Anika do?",What should Anika do?,"You lead a neighborhood disaster-preparedness workshop, and a participant, Sam, cannot get his emergency radio to pick up local alerts. You can either tune the radio for him and tell him the correct frequency or show him how to scan channels and store the preset himself. The workshop has only one more segment before it ends, so you need to decide now. What should you do?",What should you do?,Tune the radio for Sam and tell him the correct frequency to use.,Show Sam how to scan channels and store the preset himself.,community education / preparedness,Anika must choose between configuring Sam's radio herself or teaching him how to do it.,"The workshop is nearly over, which constrains the time available for both immediate setup and instruction.","This option gives Sam the complete working configuration, making him dependent on Anika's setup.",This option gives Sam the scanning steps and preset method so he can handle it independently.
VP08,Helping: Dependency-oriented vs Autonomy-oriented,17,"Marcus is the head coach of a local swim team, and one swimmer, Julia, keeps losing track of her lap count during practice. Marcus can either keep a written count for her and call out the total each length or give her a pacing strategy and a lane marker system so she can track her own sets. He has to watch the rest of the team, so he cannot stand by her lane for the full session. What should Marcus do?",What should Marcus do?,"You are the head coach of a local swim team, and one swimmer, Julia, keeps losing track of her lap count during practice. You can either keep a written count for her and call out the total each length or give her a pacing strategy and a lane marker system so she can track her own sets. You have to watch the rest of the team, so you cannot stand by her lane for the full session. What should you do?",What should you do?,Keep a written count for Julia and call out the total each length.,Give Julia a pacing strategy and lane marker system so she can track her own sets.,recreation / sports coaching,Marcus must decide whether to track Julia's laps for her or give her a way to track them herself.,"Because he must supervise the team, he cannot provide constant individual attention throughout practice.","This option supplies the full count, keeping Julia reliant on Marcus during practice.",This option provides the pacing and marker system so Julia can manage her own lap count.
VP08,Helping: Dependency-oriented vs Autonomy-oriented,18,"Evelyn supervises a hotel front desk, and a new clerk, Tomas, cannot process a booking change in the reservation system. Evelyn can either enter the change for him and hand over the confirmation or show him the steps and let him use the system with a note card. She has guests checking in, so she needs to resolve the issue quickly. What should Evelyn do?",What should Evelyn do?,"You supervise a hotel front desk, and a new clerk, Tomas, cannot process a booking change in the reservation system. You can either enter the change for him and hand over the confirmation or show him the steps and let him use the system with a note card. You have guests checking in, so you need to resolve the issue quickly. What should you do?",What should you do?,Enter the booking change for Tomas and hand over the confirmation.,Show Tomas the steps and let him use the system with a note card.,work / hospitality,Evelyn must choose between completing the booking change for Tomas or teaching him to do it himself.,Guest check-ins limit the time she can spend on both immediate correction and instruction.,"This option provides the complete reservation fix, leaving Tomas dependent on Evelyn.",This option gives Tomas the steps and note card so he can handle future changes independently.
VP08,Helping: Dependency-oriented vs Autonomy-oriented,19,"Grace helps coordinate a parent network at a middle school, and a parent named Colin is confused about how to access the school meal account portal. Grace can either reset the account and tell him the exact password steps or show him how to recover login access and save the process for later. She is also setting up for an upcoming meeting, so she cannot linger at the desk. What should Grace do?",What should Grace do?,"You help coordinate a parent network at a middle school, and a parent named Colin is confused about how to access the school meal account portal. You can either reset the account and tell him the exact password steps or show him how to recover login access and save the process for later. You are also setting up for an upcoming meeting, so you cannot linger at the desk. What should you do?",What should you do?,Reset the account and tell Colin the exact password steps for this portal.,Show Colin how to recover login access and save the process for later.,education / parent support,Grace must decide whether to restore Colin's access for him or equip him to recover it himself.,Preparing for the meeting leaves little time for both solving the current login and teaching the recovery process.,"This option gives Colin the immediate solution, keeping him reliant on Grace's reset.",This option provides the recovery process so Colin can manage access on his own later.
VP08,Helping: Dependency-oriented vs Autonomy-oriented,20,"Owen runs a small makerspace, and a visitor named Alina is trying to use a 3D printer that keeps failing at the first layer. Owen can either adjust the machine settings himself and start the print for her or show her which settings to change and how to test them on a sample piece. Several members are waiting to use the printer, so he has only a short slot to help. What should Owen do?",What should Owen do?,"You run a small makerspace, and a visitor named Alina is trying to use a 3D printer that keeps failing at the first layer. You can either adjust the machine settings yourself and start the print for her or show her which settings to change and how to test them on a sample piece. Several members are waiting to use the printer, so you have only a short slot to help. What should you do?",What should you do?,Adjust the machine settings yourself and start the print for Alina.,Show Alina which settings to change and how to test them on a sample piece.,recreation / makerspace,Owen must choose between fixing the 3D print for Alina or teaching her to diagnose it herself.,"Because others are waiting for the printer, he has limited time to both complete the fix and explain the process.","This option provides the full machine adjustment, leaving Alina dependent on Owen's intervention.",This option gives Alina the settings and test method she needs to troubleshoot independently.
VP09,Conformity: Rules vs Interpersonal,01,"Maya manages the front desk at a municipal library and supervises two volunteers on Saturday afternoons. A patron asks to use a study room for a tutoring session, but the reservation was made after the posted cutoff time and another group has already checked the schedule. Maya can either follow the reservation policy exactly or make an exception to avoid embarrassing the patron in front of the volunteers and other visitors. She has only a few minutes before the room is needed.",What should Maya do?,"You manage the front desk at a municipal library and supervise two volunteers on Saturday afternoons. A patron asks to use a study room for a tutoring session, but the reservation was made after the posted cutoff time and another group has already checked the schedule. You can either follow the reservation policy exactly or make an exception to avoid embarrassing the patron in front of the volunteers and other visitors. You have only a few minutes before the room is needed.",What should you do?,"{'option_id': 'v1', 'text': 'Deny the late reservation and direct the patron to the next available room under the posted policy.'}","{'option_id': 'v2', 'text': 'Allow the patron to use the study room this time and explain the situation privately afterward.'}",public library,A front-desk manager must decide whether to enforce a reservation cutoff or make a personal exception.,There is not enough time to both enforce the cutoff as written and avoid awkwardness for the patron once others have seen the request.,This option gives priority to complying with the posted reservation rules and cutoff time.,This option gives priority to avoiding embarrassment and keeping the interaction comfortable for the patron.
VP09,Conformity: Rules vs Interpersonal,02,"Ethan is a middle-school teacher preparing to let students leave for lunch. One student admits they forgot the signed permission slip required for a class trip leaving that afternoon, and Ethan knows the office keeps strict records for the trip roster. He can follow the school rule and keep the student out of the trip, or he can try to spare the student from being singled out in front of classmates by arranging a different response. The bus is leaving soon, so he must decide immediately.",What should Ethan do?,"You are a middle-school teacher preparing to let students leave for lunch. One student admits they forgot the signed permission slip required for a class trip leaving that afternoon, and you know the office keeps strict records for the trip roster. You can follow the school rule and keep the student out of the trip, or you can try to spare the student from being singled out in front of classmates by arranging a different response. The bus is leaving soon, so you must decide immediately.",What should you do?,"{'option_id': 'v1', 'text': 'Keep the student off the trip roster and follow the permission-slip requirement as written.'}","{'option_id': 'v2', 'text': 'Let the student join the trip for now and sort out the paperwork without calling attention to it.'}",school,A teacher must decide whether to enforce a trip paperwork rule or reduce a student's public embarrassment.,"The trip is departing soon, leaving little time to both satisfy the paperwork rule and handle the mistake quietly.",This option gives priority to complying with the school’s formal permission requirement.,This option gives priority to avoiding upsetting the student in front of classmates.
VP09,Conformity: Rules vs Interpersonal,03,"Nadia is the coordinator for a neighborhood association’s monthly meetings. During setup, she notices that a resident plans to bring a folding chair into the building’s narrow hallway even though the fire code signs say the passage must remain clear. If Nadia stops the resident, she will be following the building rules but may create a tense scene before the meeting starts. If she lets it stay for the evening, the hallway will be less comfortable for everyone entering and leaving. She has only a short window before members arrive.",What should Nadia do?,"You are the coordinator for a neighborhood association’s monthly meetings. During setup, you notice that a resident plans to bring a folding chair into the building’s narrow hallway even though the fire code signs say the passage must remain clear. If you stop the resident, you will be following the building rules but may create a tense scene before the meeting starts. If you let it stay for the evening, the hallway will be less comfortable for everyone entering and leaving. You have only a short window before members arrive.",What should you do?,"{'option_id': 'v1', 'text': 'Ask the resident to remove the chair so the hallway matches the posted fire-code requirements.'}","{'option_id': 'v2', 'text': 'Let the chair remain for the meeting and avoid challenging the resident in front of others.'}",community organization,An association coordinator must decide whether to enforce hallway rules or minimize discomfort for a resident.,"There is little time before guests arrive, so correcting the setup now may cause a public disagreement.",This option gives priority to complying with the building and fire-code rules.,
VP09,Conformity: Rules vs Interpersonal,04,"Owen works in a hospital billing office and reviews patient statements before they are mailed. He spots a charge that policy says must be sent as listed unless a supervisor approves a correction, but he also knows the patient has already called twice and sounded worried about the amount. Owen can send the statement exactly as processed or hold it briefly to ask a supervisor for a discretionary adjustment that might reassure the patient. The mailing deadline is this afternoon, so he cannot do both without delaying the batch.",What should Owen do?,"You work in a hospital billing office and review patient statements before they are mailed. You spot a charge that policy says must be sent as listed unless a supervisor approves a correction, but you also know the patient has already called twice and sounded worried about the amount. You can send the statement exactly as processed or hold it briefly to ask a supervisor for a discretionary adjustment that might reassure the patient. The mailing deadline is this afternoon, so you cannot do both without delaying the batch.",What should you do?,"{'option_id': 'v1', 'text': 'Send the statement as processed and follow the billing policy unless a supervisor later approves a change.'}","{'option_id': 'v2', 'text': 'Pause the mailing briefly and ask for a review that could reduce the patient’s worry.'}",hospital administration,A billing employee must choose between sending paperwork by policy or slowing down to ease a patient's concern.,The batch deadline leaves no room to both process the statement on time and seek reassurance through a review.,This option gives priority to complying with the office’s billing procedure and approval rules.,This option gives priority to avoiding distress for the patient who is waiting for the statement.
VP09,Conformity: Rules vs Interpersonal,05,"Lena is a supervisor in a warehouse where safety goggles are required on the loading floor. A temporary worker forgot theirs, and the spare pair in the supply cabinet is reserved for an incoming shift that will need it later. Lena can insist that the worker leave the floor until the rule is met, or she can let the worker continue so the team does not fall behind and the worker is not embarrassed. The shipment is already waiting, so she has to decide before the next pallet moves.",What should Lena do?,"You are a supervisor in a warehouse where safety goggles are required on the loading floor. A temporary worker forgot theirs, and the spare pair in the supply cabinet is reserved for an incoming shift that will need it later. You can insist that the worker leave the floor until the rule is met, or you can let the worker continue so the team does not fall behind and the worker is not embarrassed. The shipment is already waiting, so you have to decide before the next pallet moves.",What should you do?,"{'option_id': 'v1', 'text': 'Send the worker off the loading floor until the goggles requirement is satisfied.'}","{'option_id': 'v2', 'text': 'Let the worker keep working for now and address the missing goggles without public criticism.'}",workplace safety,A warehouse supervisor must decide whether to enforce a protective-gear rule or avoid embarrassing a worker.,"The shipment is waiting, so there is pressure to act immediately rather than stop work and resolve everything at once.",This option gives priority to complying with the safety rule requiring goggles on the loading floor.,This option gives priority to avoiding upsetting the worker in front of the team.
VP09,Conformity: Rules vs Interpersonal,06,"Priya is the club adviser for a university debate team that uses a shared online discussion board. One member posts a draft announcement with the room assignment in a format that does not match the club’s posting template, but the member says the message needs to go out before people start leaving campus. Priya can require the post to be rewritten according to the template or let it stay as is so members receive the information quickly and no one is publicly corrected. She has only a few minutes before the team disperses.",What should Priya do?,"You are the club adviser for a university debate team that uses a shared online discussion board. One member posts a draft announcement with the room assignment in a format that does not match the club’s posting template, but the member says the message needs to go out before people start leaving campus. You can require the post to be rewritten according to the template or let it stay as is so members receive the information quickly and no one is publicly corrected. You have only a few minutes before the team disperses.",What should you do?,"{'option_id': 'v1', 'text': 'Require the announcement to be rewritten so it follows the club’s posting template.'}","{'option_id': 'v2', 'text': 'Approve the draft as written so members get the information without a public correction.'}",university club,A club adviser must choose between enforcing a posting format and avoiding an awkward correction.,"With members about to leave campus, there is limited time to revise the announcement and still reach everyone promptly.",This option gives priority to complying with the club’s formal posting rule.,
VP09,Conformity: Rules vs Interpersonal,07,"Marco coaches a youth soccer team and is responsible for the lineup sheet turned in before each game. A parent asks whether their child can start in place of another player who is slightly late, but the league requires the sheet to match the lineup announced before kickoff. Marco can keep the sheet as submitted or adjust the order to avoid disappointing the parent and the child in front of the team. The referee is waiting to begin, so he has to choose now.",What should Marco do?,"You coach a youth soccer team and are responsible for the lineup sheet turned in before each game. A parent asks whether their child can start in place of another player who is slightly late, but the league requires the sheet to match the lineup announced before kickoff. You can keep the sheet as submitted or adjust the order to avoid disappointing the parent and the child in front of the team. The referee is waiting to begin, so you have to choose now.",What should you do?,"{'option_id': 'v1', 'text': 'Keep the lineup sheet unchanged and follow the league’s pre-kickoff requirement.'}","{'option_id': 'v2', 'text': 'Adjust the starting order to prevent a public disappointment for the child and parent.'}",recreation/sports,A coach must decide whether to follow a league lineup rule or spare a family an awkward moment.,"Kickoff is imminent, so there is no time to settle the matter privately before the game starts.",This option gives priority to complying with the league’s formal lineup procedure.,This option gives priority to avoiding upsetting the parent and child.
VP09,Conformity: Rules vs Interpersonal,08,"Helen serves as secretary for a condominium board and keeps the guest parking log. A resident wants to leave a delivery van in a visitor spot after the posted two-hour limit, saying the driver will return soon and does not want to be bothered. Helen can enforce the parking limit exactly or allow the exception so the resident does not have to argue with the driver or the front desk. The lot is almost full, so she must decide before the next residents return from work.",What should Helen do?,"You serve as secretary for a condominium board and keep the guest parking log. A resident wants to leave a delivery van in a visitor spot after the posted two-hour limit, saying the driver will return soon and does not want to be bothered. You can enforce the parking limit exactly or allow the exception so the resident does not have to argue with the driver or the front desk. The lot is almost full, so you must decide before the next residents return from work.",What should you do?,"{'option_id': 'v1', 'text': 'Enforce the posted parking limit and ask the resident to move the van on schedule.'}","{'option_id': 'v2', 'text': 'Allow the van to stay briefly and avoid putting the resident in a difficult conversation.'}",housing/community,A board secretary must decide whether to enforce a parking limit or avoid straining relations with a resident.,The nearly full lot means there is pressure to address the parking issue immediately rather than wait for a smoother moment.,This option gives priority to complying with the condominium’s posted parking rule.,This option gives priority to avoiding upsetting the resident.
VP09,Conformity: Rules vs Interpersonal,09,"Jorge is an event volunteer at a city museum and helps visitors sign up for guided tours. A family arrives without the required online confirmation, but they have small children and have already waited in line for twenty minutes. Jorge can turn them away according to the booking rule or try to fit them in so they do not leave disappointed after the wait. The next tour starts in five minutes, so he must decide quickly.",What should Jorge do?,"You are an event volunteer at a city museum and help visitors sign up for guided tours. A family arrives without the required online confirmation, but they have small children and have already waited in line for twenty minutes. You can turn them away according to the booking rule or try to fit them in so they do not leave disappointed after the wait. The next tour starts in five minutes, so you must decide quickly.",What should you do?,"{'option_id': 'v1', 'text': 'Turn the family away and follow the tour-booking requirement as posted.'}","{'option_id': 'v2', 'text': 'Fit the family into the tour and avoid sending them away after the wait.'}",museum/public service,A volunteer must decide whether to enforce a booking rule or spare a waiting family disappointment.,"The tour is about to begin, leaving little time to both uphold the rule and address the family’s wait gently.",This option gives priority to complying with the online confirmation rule.,
VP09,Conformity: Rules vs Interpersonal,10,Sara runs a small office where employees must request vacation days through a shared calendar by noon. One colleague forgets to submit the request until late in the day and asks Sara not to mention it because the family already made plans. Sara can reject the late request according to the rule or approve it informally so the colleague is not put on the spot. She has only a few minutes before payroll planning closes for the week.,What should Sara do?,You run a small office where employees must request vacation days through a shared calendar by noon. One colleague forgets to submit the request until late in the day and asks you not to mention it because the family already made plans. You can reject the late request according to the rule or approve it informally so the colleague is not put on the spot. You have only a few minutes before payroll planning closes for the week.,What should you do?,"{'option_id': 'v1', 'text': 'Reject the late vacation request and follow the noon deadline on the calendar.'}","{'option_id': 'v2', 'text': 'Approve the vacation day informally and keep the missed deadline from becoming a public issue.'}",office administration,An office manager must decide whether to enforce a time deadline or avoid embarrassing a colleague.,"Payroll planning is closing, so the request cannot be handled both formally and quietly without slowing the process.",This option gives priority to complying with the office’s vacation-request deadline.,
VP09,Conformity: Rules vs Interpersonal,11,"Daniel is a scout leader checking campers into a weekend trip. One parent forgot to sign the medication form that the troop requires before any medicine can be carried on the bus. Daniel can hold the child back until the form is completed or let the medication travel with the group so the child is not separated from the other campers at departure. The bus is already loading, so he must choose now.",What should Daniel do?,"You are a scout leader checking campers into a weekend trip. One parent forgot to sign the medication form that the troop requires before any medicine can be carried on the bus. You can hold the child back until the form is completed or let the medication travel with the group so the child is not separated from the other campers at departure. The bus is already loading, so you must choose now.",What should you do?,"{'option_id': 'v1', 'text': 'Hold the child back until the signed medication form is completed.'}","{'option_id': 'v2', 'text': 'Let the child board with the group and avoid making the missing form a public issue.'}",youth activity,A scout leader must decide whether to require a signed form or keep a child from being singled out at departure.,"Because the bus is loading, there is no time to both complete the form and preserve the departure flow.",This option gives priority to complying with the troop’s medication form rule.,
VP09,Conformity: Rules vs Interpersonal,12,"Anika moderates a neighborhood online forum where members post notices about lost pets and events. A user submits a post with a photo that violates the forum’s posting guidelines, but the pet may be found more quickly if it appears immediately. Anika can remove the post until it is corrected or approve it as is so neighbors can see it right away and the user is not criticized publicly. Another alert is scheduled to go out in ten minutes, so she has to act quickly.",What should Anika do?,"You moderate a neighborhood online forum where members post notices about lost pets and events. A user submits a post with a photo that violates the forum’s posting guidelines, but the pet may be found more quickly if it appears immediately. You can remove the post until it is corrected or approve it as is so neighbors can see it right away and the user is not criticized publicly. Another alert is scheduled to go out in ten minutes, so you have to act quickly.",What should you do?,"{'option_id': 'v1', 'text': 'Remove the post until it is corrected to match the forum’s posting guidelines.'}","{'option_id': 'v2', 'text': 'Approve the post immediately so neighbors can see the alert without a public correction.'}",online community,A moderator must decide whether to enforce posting guidelines or get a notice out quickly without embarrassing the poster.,The scheduled alert leaves little time to edit the submission before it would be useful to others.,This option gives priority to complying with the forum’s posting guidelines.,
VP09,Conformity: Rules vs Interpersonal,13,"Thomas is the staff member who signs out keys for a shared makerspace. A member asks to borrow a cabinet key after hours, but the sign-out log says only designated evening monitors may access it. Thomas can refuse the request according to the log or hand over the key so the member does not have to explain a rejection to a waiting project partner. The building closes in fifteen minutes, so he must choose before lockup.",What should Thomas do?,"You are the staff member who signs out keys for a shared makerspace. A member asks to borrow a cabinet key after hours, but the sign-out log says only designated evening monitors may access it. You can refuse the request according to the log or hand over the key so the member does not have to explain a rejection to a waiting project partner. The building closes in fifteen minutes, so you must choose before lockup.",What should you do?,"{'option_id': 'v1', 'text': 'Refuse the request and keep the key sign-out limited to designated evening monitors.'}","{'option_id': 'v2', 'text': 'Hand over the key for the evening and avoid putting the member in an awkward position.'}",shared workspace,A makerspace staff member must decide whether to follow a key-access rule or avoid embarrassing a member.,"Closing time is near, so there is not enough time to settle the request through the usual process and still avoid discomfort.",This option gives priority to complying with the makerspace’s key-access rule.,
VP09,Conformity: Rules vs Interpersonal,14,"Emily coordinates volunteers at a food pantry and checks names against an intake list. A longtime volunteer wants to add one extra family to the pickup line because they were sent by a church contact, but the pantry has a strict cap on the number of households per day. Emily can follow the list exactly or make a quiet exception so the volunteer is not embarrassed after bringing someone who needs help. The last delivery pallet is being unloaded, so she has to decide immediately.",What should Emily do?,"You coordinate volunteers at a food pantry and check names against an intake list. A longtime volunteer wants to add one extra family to the pickup line because they were sent by a church contact, but the pantry has a strict cap on the number of households per day. You can follow the list exactly or make a quiet exception so the volunteer is not embarrassed after bringing someone who needs help. The last delivery pallet is being unloaded, so you have to decide immediately.",What should you do?,"{'option_id': 'v1', 'text': 'Follow the intake list exactly and keep the pantry cap in place.'}","{'option_id': 'v2', 'text': 'Make a quiet exception and let the extra family join the pickup line.'}",community service,A pantry coordinator must decide whether to enforce a household cap or avoid embarrassing a volunteer.,"Because supplies are being unloaded, there is no easy time to reorganize the line while also preserving the volunteer’s comfort.",This option gives priority to complying with the pantry’s intake limit.,
VP09,Conformity: Rules vs Interpersonal,15,"Ravi is an instructor at a driving school and oversees the practice schedule. A student arrives five minutes late for a road test because of traffic and asks not to be disqualified in front of the waiting class. Ravi can enforce the start-time rule and move the student to another slot, or he can begin the test a few minutes late so the student is not publicly turned away. The next instructor is due to use the car right after this session, so the decision must be immediate.",What should Ravi do?,"You are an instructor at a driving school and oversee the practice schedule. A student arrives five minutes late for a road test because of traffic and asks not to be disqualified in front of the waiting class. You can enforce the start-time rule and move the student to another slot, or you can begin the test a few minutes late so the student is not publicly turned away. The next instructor is due to use the car right after this session, so the decision must be immediate.",What should you do?,"{'option_id': 'v1', 'text': 'Enforce the start-time rule and move the student to another testing slot.'}","{'option_id': 'v2', 'text': 'Begin the test late and avoid disqualifying the student in front of the class.'}",education/training,An instructor must decide whether to keep a strict test schedule or spare a student public embarrassment.,"The vehicle is needed immediately afterward, so there is no time to both protect the schedule and handle the delay quietly.",This option gives priority to complying with the school’s testing schedule rule.,
VP09,Conformity: Rules vs Interpersonal,16,"Clara manages a hotel desk and approves late check-outs. A guest asks for an extra hour because their flight was delayed, but the room must be cleaned for a new arrival, and hotel policy says late check-out needs advance approval. Clara can deny the request and follow the policy or grant the hour so the guest is not forced into a rushed conversation at the counter. Housekeeping is already waiting on the room, so she has to decide now.",What should Clara do?,"You manage a hotel desk and approve late check-outs. A guest asks for an extra hour because their flight was delayed, but the room must be cleaned for a new arrival, and hotel policy says late check-out needs advance approval. You can deny the request and follow the policy or grant the hour so the guest is not forced into a rushed conversation at the counter. Housekeeping is already waiting on the room, so you have to decide now.",What should you do?,"{'option_id': 'v1', 'text': 'Deny the late check-out request and follow the hotel’s advance-approval policy.'}","{'option_id': 'v2', 'text': 'Grant the extra hour and avoid putting the guest through a public refusal.'}",hospitality,A hotel manager must choose between enforcing a check-out policy and keeping a guest from feeling brushed off.,"Housekeeping needs the room immediately, so the desk cannot satisfy both the policy and the guest’s request at once.",This option gives priority to complying with the hotel’s late check-out policy.,
VP09,Conformity: Rules vs Interpersonal,17,"Hannah is the treasurer for a volunteer arts group and records reimbursements. A member submits a receipt after the monthly deadline, but the expense was clearly for the group’s poster supplies and the member says the delay came from caring for a sick relative. Hannah can reject the reimbursement because the deadline was missed or accept it so the member does not feel punished for asking late. The monthly report is being finalized today, so she must decide before closing the books.",What should Hannah do?,"You are the treasurer for a volunteer arts group and record reimbursements. A member submits a receipt after the monthly deadline, but the expense was clearly for the group’s poster supplies and the member says the delay came from caring for a sick relative. You can reject the reimbursement because the deadline was missed or accept it so the member does not feel punished for asking late. The monthly report is being finalized today, so you must decide before closing the books.",What should you do?,"{'option_id': 'v1', 'text': 'Reject the reimbursement and follow the monthly submission deadline.'}","{'option_id': 'v2', 'text': 'Accept the reimbursement and avoid making the member feel penalized for the delay.'}",volunteer organization,A treasurer must decide whether to enforce a reimbursement deadline or soften the impact on a member.,"The books are closing, leaving limited time to revise the report and still address the late receipt calmly.",This option gives priority to complying with the group’s reimbursement deadline.,
VP09,Conformity: Rules vs Interpersonal,18,"Victor is a city clerk helping residents apply for permits. One applicant forgot to include a required signature on a form, but the applicant has already taken time off work and is worried about losing a contractor’s appointment. Victor can send the form back unprocessed or accept the packet and ask for the signature later so the applicant is not sent away disappointed. The service window closes in ten minutes, so he has to choose now.",What should Victor do?,"You are a city clerk helping residents apply for permits. One applicant forgot to include a required signature on a form, but the applicant has already taken time off work and is worried about losing a contractor’s appointment. You can send the form back unprocessed or accept the packet and ask for the signature later so the applicant is not sent away disappointed. The service window closes in ten minutes, so you have to choose now.",What should you do?,"{'option_id': 'v1', 'text': 'Send the form back unprocessed and follow the permit signature requirement.'}","{'option_id': 'v2', 'text': 'Accept the packet for now and avoid turning the applicant away at the counter.'}",public services,A clerk must choose between enforcing a signature rule and keeping an applicant from leaving upset.,"The service window is closing soon, so there is not enough time to both complete the filing formally and soothe the applicant.",This option gives priority to complying with the permit form requirement.,
VP09,Conformity: Rules vs Interpersonal,19,"Marta is the editor of a volunteer neighborhood newsletter and reviews submissions before publication. A contributor sends a short notice that is written in the wrong section and does not match the newsletter’s formatting guide, but the event is happening tomorrow and the contributor cannot resubmit until tonight. Marta can hold it for correction or print it as received so neighbors are not left without the announcement and the contributor is not publicly corrected. The issue is going to press in half an hour, so she must decide immediately.",What should Marta do?,"You are the editor of a volunteer neighborhood newsletter and review submissions before publication. A contributor sends a short notice that is written in the wrong section and does not match the newsletter’s formatting guide, but the event is happening tomorrow and the contributor cannot resubmit until tonight. You can hold it for correction or print it as received so neighbors are not left without the announcement and the contributor is not publicly corrected. The issue is going to press in half an hour, so you must decide immediately.",What should you do?,"{'option_id': 'v1', 'text': 'Hold the notice for correction and follow the newsletter’s formatting guide.'}","{'option_id': 'v2', 'text': 'Print the notice as received and avoid delaying the contributor’s announcement.'}",community media,An editor must decide whether to enforce a formatting guide or publish an announcement quickly without embarrassing a contributor.,The press deadline leaves no time to both correct the item and keep the notice in the upcoming issue.,This option gives priority to complying with the newsletter’s formatting rules.,
VP09,Conformity: Rules vs Interpersonal,20,"Janelle runs the check-in desk for a corporate training retreat. A participant wants to swap into a session that is already marked full, but another participant said they would arrive late and did not want their seat reassigned. Janelle can keep the roster fixed according to the sign-up system or let the swap happen so the participant does not have to be turned away in front of others. The session is about to begin, so she has to decide before the doors close.",What should Janelle do?,"You run the check-in desk for a corporate training retreat. A participant wants to swap into a session that is already marked full, but another participant said they would arrive late and did not want their seat reassigned. You can keep the roster fixed according to the sign-up system or let the swap happen so the participant does not have to be turned away in front of others. The session is about to begin, so you have to decide before the doors close.",What should you do?,"{'option_id': 'v1', 'text': 'Keep the roster fixed and follow the session sign-up system as listed.'}","{'option_id': 'v2', 'text': 'Allow the swap and avoid turning the participant away at check-in.'}",workplace training,A check-in coordinator must decide whether to preserve the roster system or avoid embarrassing a participant.,"Because the session is starting immediately, there is no time to resolve the seating issue privately and still stay on schedule.",This option gives priority to complying with the retreat’s sign-up system.,This option gives priority to avoiding upsetting the participant at the door.
VP10,Benevolence: Caring vs Dependability,01,"Maya manages a small design team and oversees two junior coworkers who often ask her for guidance. One coworker needs help finishing a client presentation tonight because the client expects a revised draft first thing in the morning. The other coworker counted on Maya to review a proposal she promised to send before she leaves for a short meeting tomorrow, and that review would help keep the team on schedule. She only has enough uninterrupted time to fully do one of the two tasks before the deadline.",What should Maya do?,"You manage a small design team and oversee two junior coworkers who often ask you for guidance. One coworker needs help finishing a client presentation tonight because the client expects a revised draft first thing in the morning. The other coworker counted on you to review a proposal you promised to send before you leave for a short meeting tomorrow, and that review would help keep the team on schedule. You only have enough uninterrupted time to fully do one of the two tasks before the deadline.",What should you do?,Stay with the presentation until it is ready for the client and let the proposal review wait.,Review the promised proposal before you leave so the coworker can count on your word being kept.,work/team,Choose between helping a coworker finish an urgent client presentation or keeping a prior commitment to review another coworker's proposal.,There is only enough time to fully complete one task before the relevant deadlines.,This option prioritizes the immediate welfare of the coworker who needs help finishing the presentation.,This option prioritizes being someone the coworker can rely on by keeping the promised review time.
VP10,Benevolence: Caring vs Dependability,02,"Elena is the point person for her neighborhood volunteer group’s weekly food pickup. A new participant has trouble reading the pickup instructions and needs someone to walk them through the process before the truck arrives. At the same time, Elena promised another regular volunteer that she would be at the storage room on time to unlock supplies for a distribution shift that starts in ten minutes. She has time either to stay with the newcomer or to go unlock the room, but not both.",What should Elena do?,"You are the point person for your neighborhood volunteer group’s weekly food pickup. A new participant has trouble reading the pickup instructions and needs someone to walk them through the process before the truck arrives. At the same time, you promised another regular volunteer that you would be at the storage room on time to unlock supplies for a distribution shift that starts in ten minutes. You have time either to stay with the newcomer or to go unlock the room, but not both.",What should you do?,Stay with the new participant and walk them through the pickup process until they can manage it.,Go unlock the storage room on time so the distribution shift can start as promised.,community organization,Choose between helping a newcomer through a food pickup process or arriving on time to unlock supplies for a scheduled volunteer shift.,"The start of the shift depends on Elena being in one place at a specific time, while the newcomer needs direct help now.",This option focuses on devoted attention to the newcomer’s immediate welfare and ability to participate.,This option focuses on being the volunteer others can depend on for the scheduled setup task.
VP10,Benevolence: Caring vs Dependability,03,"Jonah is the head lifeguard at a community pool and often mentors a younger guard on duty. A child has gotten separated from their parent and is upset near the shallow end, so one guard needs to stay close and help calm the child. At the same time, the younger guard told Jonah that the break room door is stuck and that he needs Jonah there at once to open the emergency kit for a minor injury report. Jonah can respond to only one of these needs immediately without leaving the other unattended.",What should Jonah do?,"You are the head lifeguard at a community pool and often mentor a younger guard on duty. A child has gotten separated from their parent and is upset near the shallow end, so one guard needs to stay close and help calm the child. At the same time, the younger guard told you that the break room door is stuck and that he needs you there at once to open the emergency kit for a minor injury report. You can respond to only one of these needs immediately without leaving the other unattended.",What should you do?,Stay with the child near the shallow end until the parent is found and the child settles.,Go to the break room at once and open the emergency kit for the younger guard.,public service/recreation,Choose between staying with a distressed child until a parent is found or responding immediately to a coworker who needs access to the emergency kit.,Only one urgent situation can be handled in person right away.,This option prioritizes direct attention to the child’s welfare and emotional steadiness.,This option prioritizes being available when another guard needs a dependable response.
VP10,Benevolence: Caring vs Dependability,04,"Priya coordinates an online study group for a certification exam and has two long-time members who rely on her. One member messages late at night saying they are confused by a practice problem and need her to explain it before they lose momentum. Another member has an early-morning quiz and asked Priya to post the next day’s discussion outline before midnight, because the group has been counting on her to keep the schedule. Priya has enough time to do one of those things before logging off.",What should Priya do?,"You coordinate an online study group for a certification exam and have two long-time members who rely on you. One member messages late at night saying they are confused by a practice problem and need you to explain it before they lose momentum. Another member has an early-morning quiz and asked you to post the next day’s discussion outline before midnight, because the group has been counting on you to keep the schedule. You have enough time to do one of those things before logging off.",What should you do?,Explain the practice problem now so the confused member can keep studying tonight.,Post the discussion outline before midnight so the group can rely on the schedule.,online community/education,Choose between helping a member through a difficult practice problem or posting a promised outline on time.,"Priya has time to support either the immediate need or the schedule commitment, but not both.",This option focuses on immediate help for the member’s learning needs.,This option focuses on keeping a routine others can depend on.
VP10,Benevolence: Caring vs Dependability,05,"Andre runs the checkout desk at a small bookstore where two coworkers are covering the evening shift. One coworker’s child care fell through, and Andre can rearrange the register so that coworker can leave early without losing pay. The other coworker has already agreed to close the store with Andre and is waiting for him to stay through the end of the shift as planned. Andre can only make one of those adjustments without leaving the desk short-staffed.",What should Andre do?,"You run the checkout desk at a small bookstore where two coworkers are covering the evening shift. One coworker’s child care fell through, and you can rearrange the register so that coworker can leave early without losing pay. The other coworker has already agreed to close the store with you and is waiting for you to stay through the end of the shift as planned. You can only make one of those adjustments without leaving the desk short-staffed.",What should you do?,Rearrange the register so the coworker with child care trouble can leave early without losing pay.,Stay through closing as planned so the other coworker can rely on the agreed shift arrangement.,work/retail,Choose between easing a coworker’s family-related burden or honoring a closing arrangement with another coworker.,Staffing allows only one adjustment without creating a gap at the desk.,This option prioritizes helping the coworker’s immediate family-related need.,This option prioritizes being dependable for the coworker who is counting on the closing arrangement.
VP10,Benevolence: Caring vs Dependability,06,"Lina helps coordinate repairs for a small apartment building and is the main contact for two tenants she knows well. One tenant’s sink is leaking, and she can send a maintenance request that should get them through the night. Another tenant has been waiting on her to return a borrowed tool by the end of the day so they can finish assembling a crib before guests arrive tomorrow morning. Lina has time to handle only one of these tasks before the office closes.",What should Lina do?,"You help coordinate repairs for a small apartment building and are the main contact for two tenants you know well. One tenant’s sink is leaking, and you can send a maintenance request that should get them through the night. Another tenant has been waiting on you to return a borrowed tool by the end of the day so they can finish assembling a crib before guests arrive tomorrow morning. You have time to handle only one of these tasks before the office closes.",What should you do?,Send the maintenance request for the leaking sink so the tenant can get through the night.,Return the borrowed tool by the end of the day so the other tenant can finish the crib on time.,housing/community,Choose between helping with an urgent repair issue or returning a borrowed tool needed for an important family task.,The office closes before both tasks can be completed.,This option puts immediate care of a tenant’s living situation first.,This option puts reliability in returning a borrowed item first.
VP10,Benevolence: Caring vs Dependability,07,"Sara is coaching a youth debate team and has two students who often depend on her after school. One student is discouraged after a poor practice round and asks Sara to stay after practice to go over feedback privately. Another student reminded Sara that she promised to email the updated tournament itinerary before the team bus leaves, because several parents are waiting on it. Sara has time either for the private feedback session or for the itinerary email, but not both before departure.",What should Sara do?,"You are coaching a youth debate team and have two students who often depend on you after school. One student is discouraged after a poor practice round and asks you to stay after practice to go over feedback privately. Another student reminded you that you promised to email the updated tournament itinerary before the team bus leaves, because several parents are waiting on it. You have time either for the private feedback session or for the itinerary email, but not both before departure.",What should you do?,Stay after practice to go over feedback privately with the discouraged student.,Email the updated tournament itinerary before the bus leaves so everyone can rely on the schedule.,education/sports,Choose between giving a student private support after a disappointing round or sending a promised itinerary before departure.,There is only time for one pre-departure task before the team leaves.,This option concentrates on the student’s immediate personal support and development.,This option concentrates on keeping others able to trust the planned schedule.
VP10,Benevolence: Caring vs Dependability,08,"Hector volunteers at a community garden and is one of the few people who knows how to run the irrigation timer. A neighbor who helps in the garden has a heat-sensitive plant bed that needs extra watering that afternoon, and Hector could spend his time checking that bed. Another regular volunteer expects Hector to arrive on time to start the weekly tool inventory, since Hector said he would open the shed and record the supplies. He has enough time to do only one before the scheduled inventory begins.",What should Hector do?,"You volunteer at a community garden and are one of the few people who knows how to run the irrigation timer. A neighbor who helps in the garden has a heat-sensitive plant bed that needs extra watering that afternoon, and you could spend your time checking that bed. Another regular volunteer expects you to arrive on time to start the weekly tool inventory, since you said you would open the shed and record the supplies. You have enough time to do only one before the scheduled inventory begins.",What should you do?,Spend the time checking the heat-sensitive bed so the plants get the extra watering they need.,Arrive on time to open the shed and record the supplies for the tool inventory.,community organization/gardening,Choose between tending a plant bed that needs care or keeping a commitment to start the weekly inventory on time.,The timing of the inventory prevents Hector from also giving the bed full attention.,This option centers on the immediate welfare of a garden member’s plants.,This option centers on being someone the group can rely on for a promised task.
VP10,Benevolence: Caring vs Dependability,09,"Darren supervises a small hospital unit and often answers questions from two nurses on his shift. One nurse needs help locating supplies for a patient who is waiting on discharge instructions, and Darren can spare time to walk the nurse through it. Another nurse has to leave for a scheduled handoff meeting and needs Darren to sign off on a report they prepared together, because the receiving unit expects it before the meeting ends. Darren can address only one of the requests right away.",What should Darren do?,"You supervise a small hospital unit and often answer questions from two nurses on your shift. One nurse needs help locating supplies for a patient who is waiting on discharge instructions, and you can spare time to walk the nurse through it. Another nurse has to leave for a scheduled handoff meeting and needs you to sign off on a report you prepared together, because the receiving unit expects it before the meeting ends. You can address only one of the requests right away.",What should you do?,Walk the nurse through finding the supplies so the patient can get the discharge instructions sooner.,Sign off on the report before the handoff meeting ends so the receiving unit can rely on it.,public service/healthcare,Choose between helping with patient-related supplies or completing a report another nurse needs for a scheduled handoff.,Only one request can be handled immediately before the meeting deadline.,This option prioritizes direct assistance that helps a patient receive needed care sooner.,This option prioritizes being dependable for the colleague and the receiving unit.
VP10,Benevolence: Caring vs Dependability,10,"Nina is part of a weekly neighborhood carpool for children going to a music lesson. One parent messages that their child forgot a practice folder at home and asks Nina to make a brief detour, because the lesson begins as soon as the group arrives. Another parent is waiting on Nina to arrive at the usual pickup time so they can leave for a work shift, and they count on her being punctual. Nina has time for only one adjustment without making the rest of the route late.",What should Nina do?,"You are part of a weekly neighborhood carpool for children going to a music lesson. One parent messages that their child forgot a practice folder at home and asks you to make a brief detour, because the lesson begins as soon as the group arrives. Another parent is waiting on you to arrive at the usual pickup time so they can leave for a work shift, and they count on you being punctual. You have time for only one adjustment without making the rest of the route late.",What should you do?,Make the detour for the forgotten practice folder so the child has what they need for the lesson.,Arrive at the usual pickup time so the other parent can leave for work as planned.,family/community transportation,Choose between helping a child retrieve a forgotten item or keeping the carpool punctual for another parent’s work schedule.,"A detour would delay the route, but skipping it would leave one child without needed material.",This option focuses on helping a family member’s child with an immediate practical need.,This option focuses on being punctual and dependable for another parent’s schedule.
VP10,Benevolence: Caring vs Dependability,11,"Jules moderates a small online forum for hobbyists and knows two regular members personally from long conversations. One member posts that they are stuck on a repair question and needs Jules to respond before they can continue the project tonight. Another member reminded Jules that a scheduled weekly thread should be posted at the usual time, since people plan around it and expect the reminder. Jules has enough time tonight to do one of these tasks well.",What should Jules do?,"You moderate a small online forum for hobbyists and know two regular members personally from long conversations. One member posts that they are stuck on a repair question and needs you to respond before they can continue the project tonight. Another member reminded you that a scheduled weekly thread should be posted at the usual time, since people plan around it and expect the reminder. You have enough time tonight to do one of these tasks well.",What should you do?,Respond to the repair question now so the member can continue the project tonight.,Post the scheduled weekly thread at the usual time so people can count on it.,online community,Choose between helping a member through a repair problem or posting a routine thread on time.,"Jules has time to meet either the immediate request or the standing schedule, but not both.",This option prioritizes direct assistance to a member who needs help continuing.,This option prioritizes being the moderator others can trust to keep the routine.
VP10,Benevolence: Caring vs Dependability,12,Farah is the lead volunteer for a winter coat drive at a local library. One regular helper arrives with frostbitten hands and needs Farah to let them warm up before sorting donations. Another helper has been waiting for Farah to open the storage cabinet because the donation count sheet must be submitted before the library closes. Farah can personally handle only one of these tasks before the closing deadline.,What should Farah do?,You are the lead volunteer for a winter coat drive at a local library. One regular helper arrives with frostbitten hands and needs you to let them warm up before sorting donations. Another helper has been waiting for you to open the storage cabinet because the donation count sheet must be submitted before the library closes. You can personally handle only one of these tasks before the closing deadline.,What should you do?,Let the helper warm up before sorting donations so they can recover and continue.,Open the storage cabinet right away so the donation count sheet can be submitted on time.,community service/library,Choose between giving a volunteer time to recover from the cold or opening storage so a report can be filed on time.,The library closing time allows only one immediate action.,This option centers on care for a volunteer’s immediate well-being.,This option centers on being reliable about a shared administrative duty.
VP10,Benevolence: Caring vs Dependability,13,"Owen runs a small repair crew and is responsible for two apprentices he has worked with for years. One apprentice has a family errand that makes them anxious about finishing the shift, and Owen can send them home early after the urgent job is done. The other apprentice needs Owen to stay and verify a repair checklist before the client signs off, because they have come to rely on his final review. Owen has time to do only one of those things before the client arrives.",What should Owen do?,"You run a small repair crew and are responsible for two apprentices you have worked with for years. One apprentice has a family errand that makes them anxious about finishing the shift, and you can send them home early after the urgent job is done. The other apprentice needs you to stay and verify a repair checklist before the client signs off, because they have come to rely on your final review. You have time to do only one of those things before the client arrives.",What should you do?,Send the apprentice home early after the urgent job is done so they can handle the family errand.,Stay to verify the repair checklist before the client signs off so the other apprentice can rely on your review.,work/trades,Choose between easing an apprentice’s family-related pressure or staying to complete a promised final check.,The client arrival time means only one of the two needs can be addressed directly.,This option prioritizes the apprentice’s personal welfare and outside obligation.,This option prioritizes being the crew member others can trust for final verification.
VP10,Benevolence: Caring vs Dependability,14,"Tessa helps coordinate a small after-school robotics club and is the adult in charge for two students. One student is upset because their code keeps failing, and Tessa could spend the next half hour helping them debug it. Another student needs Tessa to submit the team’s parts request before the supplier closes, because she told the student she would handle it today. Tessa can only do one before the supplier deadline passes.",What should Tessa do?,"You help coordinate a small after-school robotics club and are the adult in charge for two students. One student is upset because their code keeps failing, and you could spend the next half hour helping them debug it. Another student needs you to submit the team’s parts request before the supplier closes, because you told the student you would handle it today. You can only do one before the supplier deadline passes.",What should you do?,Spend the next half hour helping the student debug the code until they can continue.,Submit the team’s parts request before the supplier closes so the student can count on it.,education/club,Choose between helping a student debug code or submitting a promised parts request on time.,The supplier deadline leaves time for only one immediate action.,This option focuses on hands-on support for the student’s immediate learning need.,This option focuses on fulfilling a promise that others are depending on.
VP10,Benevolence: Caring vs Dependability,15,Rafael is a regular on a neighborhood emergency phone tree and has two close neighbors who rely on him. One neighbor calls because their power is out and asks Rafael to check whether their extension cord is safe to use with a backup light. Another neighbor reminds Rafael that he promised to answer the phone tree at 7 p.m. because the coordinator is out of town and people may need a quick response. Rafael can take care of only one of these requests right away.,What should Rafael do?,You are a regular on a neighborhood emergency phone tree and have two close neighbors who rely on you. One neighbor calls because their power is out and asks you to check whether their extension cord is safe to use with a backup light. Another neighbor reminds you that you promised to answer the phone tree at 7 p.m. because the coordinator is out of town and people may need a quick response. You can take care of only one of these requests right away.,What should you do?,Check the extension cord situation for the neighbor so they can use the backup light safely tonight.,Answer the phone tree at 7 p.m. so people can rely on you while the coordinator is away.,community emergency support,Choose between helping a neighbor with an immediate power-out problem or keeping a scheduled emergency-response commitment.,Rafael has time for only one immediate response before the phone tree begins.,This option prioritizes the neighbor’s immediate practical welfare.,This option prioritizes being dependable for the neighborhood system that counts on him.
VP10,Benevolence: Caring vs Dependability,16,"Claire teaches swimming lessons and is asked by two parents she knows well for help after class. One parent needs Claire to stay a little longer and reassure their child, who is nervous about entering deeper water next week. The other parent needs Claire to sign the lesson log before leaving because they need the record to arrange transportation and have already waited past pickup time. Claire has time to handle only one request before she has to lock up the pool office.",What should Claire do?,"You teach swimming lessons and are asked by two parents you know well for help after class. One parent needs you to stay a little longer and reassure their child, who is nervous about entering deeper water next week. The other parent needs you to sign the lesson log before leaving because they need the record to arrange transportation and have already waited past pickup time. You have time to handle only one request before you have to lock up the pool office.",What should you do?,Stay a little longer and reassure the nervous child about entering deeper water next week.,Sign the lesson log before leaving so the other parent can arrange transportation as planned.,recreation/education,Choose between staying to reassure a nervous child or completing a log a parent needs for transportation.,The office closing time prevents Claire from fully doing both.,This option emphasizes direct support for the child’s comfort and welfare.,This option emphasizes being someone the parent can rely on for the record.
VP10,Benevolence: Caring vs Dependability,17,Isaac serves on the organizing committee for a local book fair and is responsible for two helpers from his book club. One helper wants Isaac to stay and help them sort donated books because they are overwhelmed and behind. Another helper expects Isaac to arrive at the registration table on time because he promised to cover the first hour while they set up signage. Isaac can do only one of those things before visitors start arriving.,What should Isaac do?,You serve on the organizing committee for a local book fair and are responsible for two helpers from your book club. One helper wants you to stay and help them sort donated books because they are overwhelmed and behind. Another helper expects you to arrive at the registration table on time because you promised to cover the first hour while they set up signage. You can do only one of those things before visitors start arriving.,What should you do?,Stay and help sort donated books until the overwhelmed helper catches up.,Arrive at the registration table on time and cover the first hour as promised.,community event,Choose between helping an overwhelmed helper sort books or honoring a promised registration shift.,"Visitors will arrive before both tasks can be completed, so only one can be prioritized.",This option centers on supporting a helper who needs immediate assistance.,This option centers on being reliable for the assigned shift.
VP10,Benevolence: Caring vs Dependability,18,"Monica manages the front desk at a small clinic and knows two coworkers well. One coworker asks Monica to cover a short patient question because the patient is confused about the paperwork and seems frustrated. Another coworker needs Monica to finish a shared intake list before the end of the morning, since the doctor is waiting on it and has come to rely on Monica’s accuracy. Monica has time to address only one request before her next appointment.",What should Monica do?,"You manage the front desk at a small clinic and know two coworkers well. One coworker asks you to cover a short patient question because the patient is confused about the paperwork and seems frustrated. Another coworker needs you to finish a shared intake list before the end of the morning, since the doctor is waiting on it and has come to rely on your accuracy. You have time to address only one request before your next appointment.",What should you do?,Cover the patient question so the confused patient can get through the paperwork more easily.,Finish the shared intake list before the morning ends so the doctor can rely on it.,public service/healthcare administration,Choose between helping a confused patient with paperwork or completing a list another coworker and doctor depend on.,The next appointment limits the time available to complete both tasks.,This option prioritizes immediate care for the patient’s confusion and frustration.,This option prioritizes being dependable for the shared administrative workflow.
VP10,Benevolence: Caring vs Dependability,19,"Victor coordinates a small mentoring program and has two participants who often seek him out. One participant has a tough family week and asks Victor to meet briefly after the session so they do not have to leave feeling alone with it. Another participant needs Victor to confirm the date of the next meeting before they leave, because they are arranging transportation and have trusted his schedule. Victor can only do one of those things before the room must be cleared.",What should Victor do?,"You coordinate a small mentoring program and have two participants who often seek you out. One participant has a tough family week and asks you to meet briefly after the session so they do not have to leave feeling alone with it. Another participant needs you to confirm the date of the next meeting before they leave, because they are arranging transportation and have trusted your schedule. You can only do one of those things before the room must be cleared.",What should you do?,Meet briefly with the participant after the session so they do not leave feeling alone with the family issue.,Confirm the next meeting date before they leave so they can rely on your schedule.,education/community mentoring,Choose between giving a participant brief personal support or confirming a schedule another participant depends on.,The room clearing deadline means only one immediate follow-up is possible.,This option emphasizes direct attention to a participant’s personal welfare.,This option emphasizes being trustworthy about future plans.
VP10,Benevolence: Caring vs Dependability,20,"Nadia is the treasurer for a small sports club and also helps two teammates outside practice. One teammate’s child is sick and needs help picking up equipment early so they can leave practice on time. Another teammate needs Nadia to bring the receipts for a reimbursement form she said she would prepare before the monthly meeting ends, because the club budget depends on it. Nadia has enough time to do only one of those tasks before the meeting starts.",What should Nadia do?,"You are the treasurer for a small sports club and also help two teammates outside practice. One teammate’s child is sick and needs help picking up equipment early so they can leave practice on time. Another teammate needs you to bring the receipts for a reimbursement form you said you would prepare before the monthly meeting ends, because the club budget depends on it. You have enough time to do only one of those tasks before the meeting starts.",What should you do?,Help pick up the equipment early so the teammate with the sick child can leave practice on time.,Bring the receipts for the reimbursement form before the meeting ends so the club can rely on the budget process.,recreation/sports club,Choose between easing a teammate’s family-related scheduling problem or completing a promised reimbursement task.,The meeting schedule allows only one of the two tasks to be completed in time.,This option prioritizes helping a teammate with an immediate family-related need.,This option prioritizes being dependable for the club’s financial process.
VP11,Universalism: Human/Societal Concern vs Nature,01,"Maya, the manager of a neighborhood food pantry, has received a one-time donation that can cover only one major purchase this month. Several client families have reported that the pantry’s staple foods have become too limited for parents managing tight budgets. At the same time, the pantry’s delivery van has been dropping a small amount of oil, and a local repair shop says replacing the aging engine seal would reduce future leaks and fuel waste. Maya must decide whether to use the donation to expand the food supply for clients or to repair the van before the next round of deliveries.",What should Maya do?,"You, the manager of a neighborhood food pantry, have received a one-time donation that can cover only one major purchase this month. Several client families have reported that the pantry’s staple foods have become too limited for parents managing tight budgets. At the same time, the pantry’s delivery van has been dropping a small amount of oil, and a local repair shop says replacing the aging engine seal would reduce future leaks and fuel waste. You must decide whether to use the donation to expand the food supply for clients or to repair the van before the next round of deliveries.",What should you do?,"{'option_id': 'v1', 'text': 'Use the donation to buy additional staple foods for pantry clients this month.'}","{'option_id': 'v2', 'text': 'Use the donation to repair the delivery van’s engine seal before the next round of deliveries.'}",community food pantry,Choose between spending a limited donation on client food supplies or on a van repair that would reduce leaks and waste.,"The pantry has enough money for only one major purchase this month, so it cannot both expand food aid and repair the vehicle.",This option prioritizes the welfare of people relying on the pantry by increasing access to basic food support.,This option prioritizes protection of the environment by reducing oil leakage and fuel waste from the delivery van.
VP11,Universalism: Human/Societal Concern vs Nature,02,"Ethan, a middle-school principal, has a small discretionary fund that can go toward one of two urgent projects before winter. Several students in older classrooms have complained that the heating system leaves those rooms too cold, and teachers want the money for additional space heaters and insulation panels. The district facilities team also identified a section of the school roof where runoff is entering a nearby drainage channel, and a contractor says a fix would prevent pollutants from washing into the creek after storms. Ethan must decide where to direct the fund because it is too small to cover both projects right away.",What should Ethan do?,"You, a middle-school principal, have a small discretionary fund that can go toward one of two urgent projects before winter. Several students in older classrooms have complained that the heating system leaves those rooms too cold, and teachers want the money for additional space heaters and insulation panels. The district facilities team also identified a section of the school roof where runoff is entering a nearby drainage channel, and a contractor says a fix would prevent pollutants from washing into the creek after storms. You must decide where to direct the fund because it is too small to cover both projects right away.",What should you do?,"{'option_id': 'v1', 'text': 'Direct the fund to heat the older classrooms more effectively for students and teachers.'}","{'option_id': 'v2', 'text': 'Direct the fund to fix the roof runoff so it no longer enters the drainage channel.'}",school administration,Choose between improving classroom conditions for students or preventing runoff pollution into a creek.,"The discretionary fund can cover only one urgent project before winter, forcing a single allocation.",This option prioritizes the welfare of people in the school by addressing cold classrooms that affect students and teachers.,This option prioritizes protection of nature by stopping pollutants from reaching the nearby creek.
VP11,Universalism: Human/Societal Concern vs Nature,03,"Leila, the operations lead for a municipal library, oversees a renovation budget that can fund either a new accessible entrance or replacement of several exterior planters with native landscaping. Some older patrons and wheelchair users have difficulty using the current front steps, and staff have urged Leila to install a ramp and automatic door. A local conservation group has also asked the library to remove the water-hungry ornamental planters and replace them with native plants that support pollinators and use less irrigation. Because the budget is limited, Leila can complete only one of these projects this quarter.",What should Leila do?,"You, the operations lead for a municipal library, oversee a renovation budget that can fund either a new accessible entrance or replacement of several exterior planters with native landscaping. Some older patrons and wheelchair users have difficulty using the current front steps, and staff have urged you to install a ramp and automatic door. A local conservation group has also asked the library to remove the water-hungry ornamental planters and replace them with native plants that support pollinators and use less irrigation. Because the budget is limited, you can complete only one of these projects this quarter.",What should you do?,"{'option_id': 'v1', 'text': 'Use the renovation budget to install the ramp and automatic door at the main entrance.'}","{'option_id': 'v2', 'text': 'Use the renovation budget to replace the exterior planters with native landscaping.'}",public library,Choose between improving access for patrons or converting the grounds to support native plants and lower irrigation use.,"The budget supports only one renovation this quarter, so the library cannot do both immediately.",This option prioritizes social inclusion and equal access for patrons who struggle with the current entrance.,"This option prioritizes the environment by replacing ornamental planters with native, lower-water landscaping."
VP11,Universalism: Human/Societal Concern vs Nature,04,"Nora, a city parks supervisor, is assigning next season’s maintenance crew and has room for only one special project. Residents from a dense apartment area have requested that the city repair a long-broken playground path so children and older adults can reach the equipment safely. Separately, an ecologist working with the city noted that a section of the park’s stream bank is eroding and needs native vegetation and barriers to protect habitat and keep sediment out of the water. Nora cannot fully staff both projects with the crew hours available this season.",What should Nora do?,"You, a city parks supervisor, are assigning next season’s maintenance crew and have room for only one special project. Residents from a dense apartment area have requested that the city repair a long-broken playground path so children and older adults can reach the equipment safely. Separately, an ecologist working with the city noted that a section of the park’s stream bank is eroding and needs native vegetation and barriers to protect habitat and keep sediment out of the water. You cannot fully staff both projects with the crew hours available this season.",What should you do?,"{'option_id': 'v1', 'text': 'Assign the crew to repair the playground path for safer access to the equipment.'}","{'option_id': 'v2', 'text': 'Assign the crew to stabilize the stream bank with native vegetation and barriers.'}",city parks,Choose between making a park feature safer and more accessible or protecting the stream bank habitat.,"Crew hours are limited, so only one special project can be fully staffed this season.",This option prioritizes people’s access to a public space by repairing the playground path.,This option prioritizes nature by stabilizing the stream bank and protecting habitat.
VP11,Universalism: Human/Societal Concern vs Nature,05,"Samir, the coordinator for a community health clinic, must decide how to use a donated supply budget before the next appointment cycle. Several uninsured patients need more appointment slots for follow-up care, and the clinic nurse says adding a part-time front-desk worker would reduce wait times for them. At the same time, the clinic’s waste bin has been filling with single-use plastic packaging from supplies, and a vendor says switching to reusable containers would cut landfill waste but costs more upfront. Samir can pay for either the extra staffing or the packaging switch, but not both this quarter.",What should Samir do?,"You, the coordinator for a community health clinic, must decide how to use a donated supply budget before the next appointment cycle. Several uninsured patients need more appointment slots for follow-up care, and the clinic nurse says adding a part-time front-desk worker would reduce wait times for them. At the same time, the clinic’s waste bin has been filling with single-use plastic packaging from supplies, and a vendor says switching to reusable containers would cut landfill waste but costs more upfront. You can pay for either the extra staffing or the packaging switch, but not both this quarter.",What should you do?,"{'option_id': 'v1', 'text': 'Use the budget to add the part-time front-desk worker for patients who need follow-up care.'}","{'option_id': 'v2', 'text': 'Use the budget to switch the clinic’s supplies to reusable containers.'}",community clinic,Choose between improving patient access to care or reducing the clinic’s packaging waste.,The donated budget covers only one of the two improvements this quarter.,This option prioritizes people’s welfare by reducing wait times and improving access for uninsured patients.,This option prioritizes nature by cutting landfill waste through reusable containers.
VP11,Universalism: Human/Societal Concern vs Nature,06,"Hannah, who directs a local recreation center, has enough grant money to complete either a scholarship program for low-income teens or a solar canopy over the parking lot. Several families have said their teenagers may have to stop using the center’s sports and tutoring programs unless the fee aid is expanded. The city energy office also warned that the center’s parking lot gets full sun all day and contributes to high electricity use for cooling, so the solar canopy would reduce emissions and shade parked cars. Hannah can only authorize one project before the grant deadline.",What should Hannah do?,"You, who direct a local recreation center, have enough grant money to complete either a scholarship program for low-income teens or a solar canopy over the parking lot. Several families have said their teenagers may have to stop using the center’s sports and tutoring programs unless the fee aid is expanded. The city energy office also warned that the center’s parking lot gets full sun all day and contributes to high electricity use for cooling, so the solar canopy would reduce emissions and shade parked cars. You can only authorize one project before the grant deadline.",What should you do?,"{'option_id': 'v1', 'text': 'Authorize the scholarship program so low-income teens can keep using the center’s programs.'}","{'option_id': 'v2', 'text': 'Authorize the solar canopy to cut electricity use and provide shade in the lot.'}",recreation center,Choose between funding participation support for teens or installing solar infrastructure over the parking lot.,The grant deadline and budget allow only one project to be completed.,This option prioritizes the welfare of people by keeping center programs affordable for low-income teens.,This option prioritizes nature by reducing electricity use and associated emissions through solar shading.
VP11,Universalism: Human/Societal Concern vs Nature,07,"Priya, the editor of a neighborhood news site, has room in this month’s budget for either a paid reporter on housing issues or a data project on local air quality. Residents facing eviction have asked for more coverage of tenant rights, rent increases, and available assistance, and Priya knows a reporter could help people navigate the system. Environmental volunteers have also documented several weeks of poor air readings near two industrial corridors, and a data project would make the pattern easier for the public to understand. Priya must choose one assignment because the budget can support only one additional hire this month.",What should Priya do?,"You, the editor of a neighborhood news site, have room in this month’s budget for either a paid reporter on housing issues or a data project on local air quality. Residents facing eviction have asked for more coverage of tenant rights, rent increases, and available assistance, and you know a reporter could help people navigate the system. Environmental volunteers have also documented several weeks of poor air readings near two industrial corridors, and a data project would make the pattern easier for the public to understand. You must choose one assignment because the budget can support only one additional hire this month.",What should you do?,"{'option_id': 'v1', 'text': 'Hire the reporter to cover housing issues and tenant assistance for residents.'}","{'option_id': 'v2', 'text': 'Commission the data project that maps air quality near the industrial corridors.'}",local journalism,Choose between reporting on housing problems affecting residents or investigating local air pollution data.,"The budget allows only one additional assignment this month, so both projects cannot be pursued at once.",This option prioritizes social welfare by helping residents understand housing rights and available assistance.,This option prioritizes protection of nature through public attention to air quality conditions and pollution patterns.
VP11,Universalism: Human/Societal Concern vs Nature,08,"Carlos, the captain of a volunteer beach-cleanup group, has enough volunteers for one of two morning tasks. Several nearby apartment residents asked the group to clear a blocked walkway that is making it harder for older people and parents with strollers to reach the bus stop. At the same time, a marine biologist pointed out that a tide pool area beyond the walkway is collecting plastic debris that can trap small shore animals, and the cleanup there would need most of the volunteers’ time. Carlos can send the team to only one place this morning before the tide changes.",What should Carlos do?,"You, the captain of a volunteer beach-cleanup group, have enough volunteers for one of two morning tasks. Several nearby apartment residents asked the group to clear a blocked walkway that is making it harder for older people and parents with strollers to reach the bus stop. At the same time, a marine biologist pointed out that a tide pool area beyond the walkway is collecting plastic debris that can trap small shore animals, and the cleanup there would need most of the volunteers’ time. You can send the team to only one place this morning before the tide changes.",What should you do?,"{'option_id': 'v1', 'text': 'Send the volunteers to clear the blocked walkway for nearby residents.'}","{'option_id': 'v2', 'text': 'Send the volunteers to clean the tide pool area before the tide changes.'}",volunteer cleanup,Choose between clearing access for residents or cleaning a tide pool area that affects shore animals.,The team has enough time and volunteers for only one morning task before the tide changes.,This option prioritizes people by restoring safer passage for residents going to the bus stop.,This option prioritizes nature by removing debris from a tide pool used by small shore animals.
VP11,Universalism: Human/Societal Concern vs Nature,09,"Olivia, a county road planner, must decide how to spend the remaining funds for a small bridge project. Farm workers and school buses use the bridge daily, and several families have complained that its narrow lane makes it hard to pass safely during rush hour. The bridge also crosses a wetland stream, and engineers say adding a wider deck would require more fill material, while a smaller redesign with animal passage rails would protect the stream corridor but leave the traffic pinch point in place. Olivia has money for only one version of the project.",What should Olivia do?,"You, a county road planner, must decide how to spend the remaining funds for a small bridge project. Farm workers and school buses use the bridge daily, and several families have complained that its narrow lane makes it hard to pass safely during rush hour. The bridge also crosses a wetland stream, and engineers say adding a wider deck would require more fill material, while a smaller redesign with animal passage rails would protect the stream corridor but leave the traffic pinch point in place. You have money for only one version of the project.",What should you do?,"{'option_id': 'v1', 'text': 'Build the wider bridge deck so daily traffic can cross more safely and easily.'}","{'option_id': 'v2', 'text': 'Choose the smaller redesign with animal passage rails to protect the wetland stream corridor.'}",county infrastructure,Choose between making a bridge safer for regular users or using a smaller design that better protects the wetland.,"The project budget covers only one bridge design, so the planner must select a single version.","This option prioritizes people’s welfare by improving safe passage for workers, families, and school buses.",This option prioritizes nature by protecting the stream corridor and allowing animal movement.
VP11,Universalism: Human/Societal Concern vs Nature,10,"Denise, who oversees a university residence hall, has a small capital budget for one upgrade before the next semester. Students have been asking for a new accessible laundry room on the ground floor because the current one is down two steep flights of stairs. The facilities office also identified the dorm’s old cooling unit as unusually energy-intensive, and replacing it with a modern system would reduce electricity use and emissions. Denise can authorize only one of these improvements this year.",What should Denise do?,"You, who oversee a university residence hall, have a small capital budget for one upgrade before the next semester. Students have been asking for a new accessible laundry room on the ground floor because the current one is down two steep flights of stairs. The facilities office also identified the dorm’s old cooling unit as unusually energy-intensive, and replacing it with a modern system would reduce electricity use and emissions. You can authorize only one of these improvements this year.",What should you do?,"{'option_id': 'v1', 'text': 'Authorize the accessible ground-floor laundry room for the students in the hall.'}","{'option_id': 'v2', 'text': 'Authorize the modern cooling unit to reduce electricity use and emissions.'}",university housing,Choose between improving accessibility for residents or upgrading HVAC equipment to lower energy use.,The capital budget is enough for only one upgrade this year.,This option prioritizes social inclusion by making laundry access easier for students with mobility barriers.,This option prioritizes nature by lowering the building’s electricity use and emissions.
VP11,Universalism: Human/Societal Concern vs Nature,11,"Jorge, the director of a migrant support nonprofit, must allocate a small emergency grant to one of two urgent needs. Several families need help paying for temporary legal translation during housing hearings, and staff say that support would prevent missed deadlines and unfair outcomes. A regional river spill has also led to a short-term cleanup request, and buying absorbent materials and protective equipment would keep runoff from reaching a nearby marsh. Jorge can fund only one response before the grant expires.",What should Jorge do?,"You, the director of a migrant support nonprofit, must allocate a small emergency grant to one of two urgent needs. Several families need help paying for temporary legal translation during housing hearings, and staff say that support would prevent missed deadlines and unfair outcomes. A regional river spill has also led to a short-term cleanup request, and buying absorbent materials and protective equipment would keep runoff from reaching a nearby marsh. You can fund only one response before the grant expires.",What should you do?,"{'option_id': 'v1', 'text': 'Use the grant to pay for legal translation support during the housing hearings.'}","{'option_id': 'v2', 'text': 'Use the grant to buy cleanup supplies that keep runoff away from the marsh.'}",nonprofit crisis response,Choose between helping migrant families in legal hearings or funding cleanup materials for a river spill.,The emergency grant must be spent on one urgent need before it expires.,This option prioritizes people’s welfare by helping families understand and participate in housing hearings.,This option prioritizes nature by reducing runoff into the nearby marsh after the spill.
VP11,Universalism: Human/Societal Concern vs Nature,12,"Alicia, the coordinator of a youth sports league, has enough sponsor money to support either fee waivers or a field restoration project this season. Several children from low-income households are waiting to join the league, and without waivers they may not be able to participate. The league’s main field also has compacted soil and patchy grass, and the groundskeeper says it could be restored with native seed and reduced watering, which would improve habitat for insects and birds but require postponing some registrations. Alicia must choose where the sponsor money goes.",What should Alicia do?,"You, the coordinator of a youth sports league, have enough sponsor money to support either fee waivers or a field restoration project this season. Several children from low-income households are waiting to join the league, and without waivers they may not be able to participate. The league’s main field also has compacted soil and patchy grass, and the groundskeeper says it could be restored with native seed and reduced watering, which would improve habitat for insects and birds but require postponing some registrations. You must choose where the sponsor money goes.",What should you do?,"{'option_id': 'v1', 'text': 'Use the sponsor money for fee waivers so low-income children can join the league.'}","{'option_id': 'v2', 'text': 'Use the sponsor money to restore the field with native seed and reduced watering.'}",youth sports,Choose between subsidizing participation for children or restoring the field with native plants and less water use.,"The sponsor money supports only one season project, so registrations and restoration cannot both be funded.",This option prioritizes social welfare by making league participation available to children from low-income households.,This option prioritizes nature by improving habitat and lowering watering needs through field restoration.
VP11,Universalism: Human/Societal Concern vs Nature,13,"Mei, who manages a small online neighborhood forum, has room for only one pinned announcement this week. Residents are requesting a post that lists free meals, rent help, and language services after several expensive utility bills have gone out. Another group of members wants the forum to pin guidance about a nearby nesting area where walkers have been leaving dogs off leash, because the disturbance has been disrupting birds during breeding season. Mei cannot keep both posts pinned at the same time.",What should Mei do?,"You, who manage a small online neighborhood forum, have room for only one pinned announcement this week. Residents are requesting a post that lists free meals, rent help, and language services after several expensive utility bills have gone out. Another group of members wants the forum to pin guidance about a nearby nesting area where walkers have been leaving dogs off leash, because the disturbance has been disrupting birds during breeding season. You cannot keep both posts pinned at the same time.",What should you do?,"{'option_id': 'v1', 'text': 'Pin the announcement that lists free meals, rent help, and language services.'}","{'option_id': 'v2', 'text': 'Pin the guidance about the nesting area and keeping dogs off leash.'}",online community forum,Choose between highlighting local human services or posting guidance to protect a nesting area.,"The forum can pin only one announcement this week, forcing a single priority.",This option prioritizes people by directing residents to basic support services.,This option prioritizes nature by reducing disturbance to birds in the nesting area.
VP11,Universalism: Human/Societal Concern vs Nature,14,"Trevor, the owner of a small grocery store, can use a limited equipment budget for either a second checkout lane or a refrigeration upgrade. Customers have been waiting in long lines, and older shoppers in particular have said a second lane would make errands easier and faster. The current refrigerator case also leaks more cold air than it should, and a newer unit would use less electricity and reduce the store’s energy demand. Trevor has enough money for only one purchase this month.",What should Trevor do?,"You, the owner of a small grocery store, can use a limited equipment budget for either a second checkout lane or a refrigeration upgrade. Customers have been waiting in long lines, and older shoppers in particular have said a second lane would make errands easier and faster. The current refrigerator case also leaks more cold air than it should, and a newer unit would use less electricity and reduce the store’s energy demand. You have enough money for only one purchase this month.",What should you do?,"{'option_id': 'v1', 'text': 'Buy the second checkout lane to shorten lines for customers.'}","{'option_id': 'v2', 'text': 'Buy the refrigeration upgrade to lower electricity use in the store.'}",small business,Choose between reducing customer wait times or reducing the store’s electricity use.,The monthly equipment budget covers only one purchase.,"This option prioritizes people by making shopping faster and easier for customers, including older shoppers.",This option prioritizes nature by lowering electricity demand through a more efficient refrigeration system.
VP11,Universalism: Human/Societal Concern vs Nature,15,"Fatima, the chair of a parent advisory committee, has a small grant to spend on one district-wide improvement. Some families have asked for translation software at school meetings so parents who speak different languages can participate more fully. Conservation volunteers in the district also identified an unused courtyard that could be turned into a rain garden to absorb stormwater and support native plants, but the project would use most of the grant and leave less for meeting access. Fatima must decide which project the committee will fund this year.",What should Fatima do?,"You, the chair of a parent advisory committee, have a small grant to spend on one district-wide improvement. Some families have asked for translation software at school meetings so parents who speak different languages can participate more fully. Conservation volunteers in the district also identified an unused courtyard that could be turned into a rain garden to absorb stormwater and support native plants, but the project would use most of the grant and leave less for meeting access. You must decide which project the committee will fund this year.",What should you do?,"{'option_id': 'v1', 'text': 'Fund the translation software so more parents can take part in school meetings.'}","{'option_id': 'v2', 'text': 'Fund the rain garden so the courtyard can absorb stormwater and support native plants.'}",school parent committee,Choose between improving meeting access for multilingual parents or creating a rain garden in an unused courtyard.,The grant can support only one district-wide improvement this year.,This option prioritizes social participation by helping parents join school meetings across language barriers.,This option prioritizes nature by converting the courtyard into a stormwater-absorbing rain garden.
VP11,Universalism: Human/Societal Concern vs Nature,16,"Grace, who runs a makerspace, has a small equipment fund that can pay for either adjustable worktables or a composting system for wood scraps. Several members with limited mobility have said that adjustable tables would let them use the tools safely and independently. The shop also produces a steady stream of sawdust and offcuts, and a composting system would reduce waste and create material for a nearby community garden. Grace can only buy one system this quarter.",What should Grace do?,"You, who run a makerspace, have a small equipment fund that can pay for either adjustable worktables or a composting system for wood scraps. Several members with limited mobility have said that adjustable tables would let them use the tools safely and independently. The shop also produces a steady stream of sawdust and offcuts, and a composting system would reduce waste and create material for a nearby community garden. You can only buy one system this quarter.",What should you do?,"{'option_id': 'v1', 'text': 'Buy the adjustable worktables so members with limited mobility can use the shop safely.'}","{'option_id': 'v2', 'text': 'Buy the composting system so wood scraps can be reduced and reused.'}",makerspace,Choose between making tools more accessible to members or reducing and reusing shop waste.,The equipment fund can cover only one system this quarter.,This option prioritizes people by improving safe and independent access for members with limited mobility.,This option prioritizes nature by reducing waste through composting wood scraps.
VP11,Universalism: Human/Societal Concern vs Nature,17,"Noah, the supervisor of a public transit station, must decide how to use a maintenance reserve for one overdue upgrade. Riders with strollers and mobility aids have reported that the station’s broken escalator slows them down and sometimes forces them to take a longer route. At the same time, the station’s lighting system still uses old fixtures that consume a large amount of power, and replacing them with LEDs would cut electricity use and heat output. Noah has funds for only one upgrade before the next service review.",What should Noah do?,"You, the supervisor of a public transit station, must decide how to use a maintenance reserve for one overdue upgrade. Riders with strollers and mobility aids have reported that the station’s broken escalator slows them down and sometimes forces them to take a longer route. At the same time, the station’s lighting system still uses old fixtures that consume a large amount of power, and replacing them with LEDs would cut electricity use and heat output. You have funds for only one upgrade before the next service review.",What should you do?,"{'option_id': 'v1', 'text': 'Use the reserve to repair the escalator for riders who rely on it.'}","{'option_id': 'v2', 'text': 'Use the reserve to replace the old station lighting with LEDs.'}",public transit,Choose between repairing an access bottleneck for riders or replacing old lighting with efficient LEDs.,The maintenance reserve is enough for only one overdue upgrade before the service review.,This option prioritizes people by improving station access for riders with strollers and mobility aids.,This option prioritizes nature by lowering electricity use and heat output through LED replacement.
VP11,Universalism: Human/Societal Concern vs Nature,18,"Lena, the coordinator of a neighborhood mutual aid group, has funds to support only one of two winter projects. Several older residents have requested help paying for home heating, and volunteers say the aid would prevent dangerous cold in their apartments. A local stream behind the housing block is also under pressure from a broken retaining edge, and a contractor says a repair would keep soil from washing into the stream and protect the banks through heavy rain. Lena must choose where the limited funds go.",What should Lena do?,"You, the coordinator of a neighborhood mutual aid group, have funds to support only one of two winter projects. Several older residents have requested help paying for home heating, and volunteers say the aid would prevent dangerous cold in their apartments. A local stream behind the housing block is also under pressure from a broken retaining edge, and a contractor says a repair would keep soil from washing into the stream and protect the banks through heavy rain. You must choose where the limited funds go.",What should you do?,"{'option_id': 'v1', 'text': 'Use the funds to help older residents pay for home heating this winter.'}","{'option_id': 'v2', 'text': 'Use the funds to repair the retaining edge beside the stream.'}",mutual aid,Choose between helping residents afford heating or repairing a streamside retaining edge.,The group has enough funds for only one winter project.,This option prioritizes social welfare by preventing dangerous cold for older residents.,This option prioritizes nature by preventing soil from washing into the stream.
VP11,Universalism: Human/Societal Concern vs Nature,19,"Ibrahim, the athletic director at a high school, has a limited booster budget for one fall purchase. The girls’ and boys’ teams both need safer evening practice conditions, and coaches want a set of portable lights to reduce schedule conflicts and allow more students to train. The school grounds also border a wet meadow, and a biologist on the advisory board says installing lower-light, shielded fixtures would better protect nocturnal insects and birds, though the field would remain less bright. Ibrahim can fund only one lighting approach this season.",What should Ibrahim do?,"You, the athletic director at a high school, have a limited booster budget for one fall purchase. The girls’ and boys’ teams both need safer evening practice conditions, and coaches want a set of portable lights to reduce schedule conflicts and allow more students to train. The school grounds also border a wet meadow, and a biologist on the advisory board says installing lower-light, shielded fixtures would better protect nocturnal insects and birds, though the field would remain less bright. You can fund only one lighting approach this season.",What should you do?,"{'option_id': 'v1', 'text': 'Buy the portable lights so more students can practice safely in the evening.'}","{'option_id': 'v2', 'text': 'Buy the lower-light shielded fixtures to protect the wet meadow at night.'}",high school athletics,Choose between improving evening practice access or using lighting that better protects the adjacent wet meadow.,The booster budget covers only one lighting purchase this season.,This option prioritizes people by giving more students safe evening practice time.,This option prioritizes nature by reducing disturbance to nocturnal insects and birds near the meadow.
VP11,Universalism: Human/Societal Concern vs Nature,20,"Rosa, who manages a public pool, has a small repair budget for one of two improvements before summer opens. Families in the area have asked for a lower pool entrance because some children and older swimmers have trouble using the current high step. A water-quality consultant also identified the pool’s old filtration system as inefficient, and replacing it would reduce water waste and chemical runoff during maintenance. Rosa can complete only one improvement before the season starts.",What should Rosa do?,"You, who manage a public pool, have a small repair budget for one of two improvements before summer opens. Families in the area have asked for a lower pool entrance because some children and older swimmers have trouble using the current high step. A water-quality consultant also identified the pool’s old filtration system as inefficient, and replacing it would reduce water waste and chemical runoff during maintenance. You can complete only one improvement before the season starts.",What should you do?,"{'option_id': 'v1', 'text': 'Use the repair budget to lower the pool entrance for children and older swimmers.'}","{'option_id': 'v2', 'text': 'Use the repair budget to replace the filtration system and reduce water waste.'}",public pool,Choose between improving access to the pool or upgrading filtration to reduce waste and runoff.,The repair budget covers only one improvement before summer opens.,This option prioritizes people by making pool access easier for children and older swimmers.,This option prioritizes nature by reducing water waste and chemical runoff through better filtration.
VP12,Security: Personal vs Societal,01,"Maya manages a small pharmacy near a busy train station, and several customers have recently mentioned seeing someone tamper with the outer door after closing time. At the same time, the station area has had a string of thefts, and the city inspector has asked local businesses to report any unusual activity by the end of the day. Maya can spend her remaining time either reviewing her own store’s locks and camera coverage before leaving or compiling and sending the incident details to the inspector and station manager. She does not have time to do both before the office closes.",What should Maya do?,"You manage a small pharmacy near a busy train station, and several customers have recently mentioned seeing someone tamper with the outer door after closing time. At the same time, the station area has had a string of thefts, and the city inspector has asked local businesses to report any unusual activity by the end of the day. You can spend your remaining time either reviewing your own store’s locks and camera coverage before leaving or compiling and sending the incident details to the inspector and station manager. You do not have time to do both before the office closes.",What should you do?,"Inspect the door, cameras, and alarm settings before closing, then leave the report for tomorrow.",Compile the incident details and send them to the inspector and station manager before checking the store hardware.,workplace / retail,A pharmacy manager must choose between securing the shop immediately or reporting suspicious activity that may affect the surrounding area.,The manager has only enough time before closing to either strengthen the store’s own protection or submit the wider safety report.,"This option prioritizes safety in the immediate surroundings by focusing on the pharmacy’s locks, cameras, and alarm settings.",This option prioritizes safety and stability in the broader society by quickly sharing information that could help address the station-area theft pattern.
VP12,Security: Personal vs Societal,02,"Daniel teaches a high school civics class and serves on the neighborhood emergency network that coordinates with the local council. A burst pipe in the school hallway has left water near a side entrance, and students will be crossing there during dismissal unless someone blocks it off. The council also needs a short notice from Daniel about repeated power outages in the district, because the report will be discussed at tonight’s public meeting. Daniel can either stay at the hallway to secure the students’ route or leave immediately to submit the council notice before the deadline, but he cannot do both in time.",What should Daniel do?,"You teach a high school civics class and serve on the neighborhood emergency network that coordinates with the local council. A burst pipe in the school hallway has left water near a side entrance, and students will be crossing there during dismissal unless someone blocks it off. The council also needs a short notice from you about repeated power outages in the district, because the report will be discussed at tonight’s public meeting. You can either stay at the hallway to secure the students’ route or leave immediately to submit the council notice before the deadline, but you cannot do both in time.",What should you do?,Stay by the hallway until dismissal ends and keep students away from the wet entrance.,Leave at once to submit the outage notice to the council before tonight’s meeting.,education / community coordination,A teacher must choose between managing a local hazard at school and filing information needed for a districtwide meeting.,"Dismissal supervision and the council deadline overlap, so Daniel cannot secure the hallway and complete the notice.",This option centers on the immediate surroundings by keeping the school entrance safe for students passing through.,This option centers on the broader society by delivering the outage notice for use in a public council discussion.
VP12,Security: Personal vs Societal,03,"Leila volunteers as the coordinator for a neighborhood food pantry and also helps with the city’s winter shelter planning group. A delivery of frozen food has arrived earlier than expected, and it needs to be moved inside before the freezer truck leaves. The planning group has asked Leila to attend a brief online call to confirm how many extra beds the pantry can spare for the coming cold snap. She can either direct the pantry volunteers to store the delivery now or join the call and send the bed count, but there is not enough time to do both before the truck departs.",What should Leila do?,"You volunteer as the coordinator for a neighborhood food pantry and also help with the city’s winter shelter planning group. A delivery of frozen food has arrived earlier than expected, and it needs to be moved inside before the freezer truck leaves. The planning group has asked you to attend a brief online call to confirm how many extra beds the pantry can spare for the coming cold snap. You can either direct the pantry volunteers to store the delivery now or join the call and send the bed count, but there is not enough time to do both before the truck departs.",What should you do?,Direct the volunteers to store the frozen delivery immediately before it warms up.,Join the online call and send the pantry’s spare-bed count to the shelter planners.,community organization / nonprofit,A pantry coordinator must choose between protecting a delivery on site and informing city shelter planners.,The incoming truck creates a short window in which Leila can either handle the local delivery or participate in the planning call.,This option prioritizes safety in the immediate surroundings by making sure the pantry’s delivery is secured right away.,This option prioritizes safety and stability in the broader society by helping the shelter planners prepare for the cold snap.
VP12,Security: Personal vs Societal,04,"Rafael works as a train conductor on an intercity line and is the point person when something unusual happens on board. During a short stop, he notices a passenger behaving erratically near the rear door, while the platform supervisor phones to ask whether anyone onboard saw damage to the station staircase after an earlier crowd surge. If Rafael delays, the train will depart without him finishing either task. He can either stay near the rear door and keep other passengers away from that area or call the supervisor with the staircase information before departure.",What should Rafael do?,"You work as a train conductor on an intercity line and are the point person when something unusual happens on board. During a short stop, you notice a passenger behaving erratically near the rear door, while the platform supervisor phones to ask whether anyone onboard saw damage to the station staircase after an earlier crowd surge. If you delay, the train will depart without you finishing either task. You can either stay near the rear door and keep other passengers away from that area or call the supervisor with the staircase information before departure.",What should you do?,Stay near the rear door and keep passengers away from the unsettled area.,Call the platform supervisor with the staircase information before the train departs.,public transportation,A conductor must choose between handling a local onboard concern and relaying information about a station hazard.,The train’s departure time allows only one of the two safety-related responses to be completed.,This option emphasizes immediate surroundings by focusing on passenger safety inside the train car.,This option emphasizes broader society by reporting the staircase damage for the station’s use.
VP12,Security: Personal vs Societal,05,"Priya owns a small daycare center and also serves on the town’s emergency preparedness committee. A neighbor has reported a loose dog in the alley behind the daycare, and Priya can lock the rear gate and escort the children away from the windows. At the same time, the committee needs her to upload a short summary of the center’s generator capacity because several community shelters may depend on it during the forecast storm. She has enough time to do one task before pickup starts, but not both.",What should Priya do?,"You own a small daycare center and also serve on the town’s emergency preparedness committee. A neighbor has reported a loose dog in the alley behind the daycare, and you can lock the rear gate and escort the children away from the windows. At the same time, the committee needs you to upload a short summary of the center’s generator capacity because several community shelters may depend on it during the forecast storm. You have enough time to do one task before pickup starts, but not both.",What should you do?,Lock the rear gate and move the children away from the windows before pickup.,Upload the generator-capacity summary to the preparedness committee before pickup starts.,family service / childcare,A daycare owner must choose between addressing a nearby immediate hazard and providing information for storm planning.,The pickup window leaves time for only one response before children begin leaving the center.,This option prioritizes safety in the immediate surroundings by securing the daycare against the loose dog.,This option prioritizes safety and stability in the broader society by supplying generator information for shelter planning.
VP12,Security: Personal vs Societal,06,"Elena moderates a large neighborhood forum on a social platform and also helps coordinate local reporting to the city’s transit office. A thread has begun sharing a rumour about a chemical smell near the bus depot, and Elena can pin a post telling people to avoid the area until the source is checked. The transit office has also requested a compiled summary of comments from residents about repeated route delays, which they plan to use in tomorrow’s service review. She has time to handle only one of these tasks before the platform’s busiest hour begins.",What should Elena do?,"You moderate a large neighborhood forum on a social platform and also help coordinate local reporting to the city’s transit office. A thread has begun sharing a rumour about a chemical smell near the bus depot, and you can pin a post telling people to avoid the area until the source is checked. The transit office has also requested a compiled summary of comments from residents about repeated route delays, which they plan to use in tomorrow’s service review. You have time to handle only one of these tasks before the platform’s busiest hour begins.",What should you do?,Pin the warning about the bus depot area and keep the thread visible to local users.,Compile the resident comments and send the delay summary to the transit office today.,online community / public services,A forum moderator must choose between warning local users about a possible hazard and preparing a transportation complaint summary.,The approaching peak hour means Elena can either manage the immediate online warning or complete the report for the transit office.,This option favors the immediate surroundings by using the forum to keep local users away from a possibly affected area.,This option favors the broader society by helping the transit office address repeated delays in public service.
VP12,Security: Personal vs Societal,07,"Thomas is the captain of a volunteer search-and-rescue team that uses a shared garage at the town hall. After a minor aftershock, one wall in the garage has cracked, and he can have the team move the equipment farther from the wall before the evening drill. The county emergency office has also asked him to file the team’s response times from last month so it can update regional earthquake guidance. He has enough time to do one of these before the drill begins, but not both.",What should Thomas do?,"You are the captain of a volunteer search-and-rescue team that uses a shared garage at the town hall. After a minor aftershock, one wall in the garage has cracked, and you can have the team move the equipment farther from the wall before the evening drill. The county emergency office has also asked you to file the team’s response times from last month so it can update regional earthquake guidance. You have enough time to do one of these before the drill begins, but not both.",What should you do?,Move the rescue equipment away from the cracked wall before the evening drill.,File the response-time data with the county emergency office before the drill starts.,community emergency service,A rescue captain must choose between securing equipment on site and sending data for regional preparedness planning.,"The drill schedule gives Thomas time for either a local safety check or the county report, but not both.",This option emphasizes immediate surroundings by protecting the team’s equipment area from the cracked wall.,This option emphasizes broader society by contributing data for county earthquake guidance.
VP12,Security: Personal vs Societal,08,"Nadia manages a public library branch and oversees the basement archives room, where a leaking pipe has recently left the floor damp. She also belongs to a city working group that is collecting branch-level notes on building access problems for an upcoming accessibility overhaul. Nadia can either close the archives room and place warning signs before the afternoon program or spend that time finishing the access notes for the working group. She does not have enough time before the program to complete both tasks.",What should Nadia do?,"You manage a public library branch and oversee the basement archives room, where a leaking pipe has recently left the floor damp. You also belong to a city working group that is collecting branch-level notes on building access problems for an upcoming accessibility overhaul. You can either close the archives room and place warning signs before the afternoon program or spend that time finishing the access notes for the working group. You do not have enough time before the program to complete both tasks.",What should you do?,Close the archives room and place warning signs before the afternoon program.,Finish the branch access notes for the city working group before the program begins.,public library / civic planning,A library manager must choose between limiting access to a wet room and submitting notes for a citywide accessibility project.,The afternoon program creates a short window in which Nadia can complete only one of the two tasks.,This option prioritizes safety in the immediate surroundings by securing the damp archives room.,This option prioritizes safety and stability in the broader society by helping the city improve access conditions.
VP12,Security: Personal vs Societal,09,"Owen coaches youth soccer and also sits on the board of the district sports association. During practice, a section of chain-link fence beside the field comes loose, and he can pause practice to move the players away from that side. The association secretary has asked him to send the attendance numbers from the last three matches because the district wants to plan field repairs across the league. Owen has time for one action before practice resumes, but not both.",What should Owen do?,"You coach youth soccer and also sit on the board of the district sports association. During practice, a section of chain-link fence beside the field comes loose, and you can pause practice to move the players away from that side. The association secretary has asked you to send the attendance numbers from the last three matches because the district wants to plan field repairs across the league. You have time for one action before practice resumes, but not both.",What should you do?,Pause practice and move the players away from the loose fence section.,Send the attendance numbers to the district association before practice resumes.,recreation / sports,A coach must choose between securing a local practice area and submitting league information for planning.,"Practice will restart soon, allowing time for either immediate field supervision or the district report.",This option focuses on the immediate surroundings by keeping players away from the loose fence.,This option focuses on broader society by supplying data the district can use to plan repairs.
VP12,Security: Personal vs Societal,10,"Fatima owns a small grocery store and is also a member of the town water advisory group. Late in the day, she learns that a freezer outage has warmed some of the store’s stock, and she can inspect the affected shelves before customers return. The advisory group is waiting for her to confirm whether the store has enough bottled water to lend to the emergency center during the heat wave. She can only do one of these before the next delivery arrives.",What should Fatima do?,"You own a small grocery store and are also a member of the town water advisory group. Late in the day, you learn that a freezer outage has warmed some of the store’s stock, and you can inspect the affected shelves before customers return. The advisory group is waiting for you to confirm whether the store has enough bottled water to lend to the emergency center during the heat wave. You can only do one of these before the next delivery arrives.",What should you do?,Inspect the affected shelves and separate the warm stock before customers return.,Confirm the bottled-water amount to the advisory group before the next delivery arrives.,local business / civic support,A store owner must choose between checking product safety on site and reporting resources for emergency planning.,The next delivery creates a narrow window in which Fatima can handle only one responsibility.,This option emphasizes safety in the immediate surroundings by dealing with the store’s compromised stock.,This option emphasizes broader society by helping the advisory group plan support for the emergency center.
VP12,Security: Personal vs Societal,11,"Gavin is the lead organizer for a volunteer neighborhood watch and also helps run the city’s streetlight reporting portal. After a parked car blocks sightlines near an apartment entry, he can walk over and ask the residents to shift it so the entry is clearer tonight. The city portal has also requested his final notes on several dark intersections so maintenance crews can be assigned this week. Gavin has enough time before his next call to do one task or the other, but not both.",What should Gavin do?,"You are the lead organizer for a volunteer neighborhood watch and also help run the city’s streetlight reporting portal. After a parked car blocks sightlines near an apartment entry, you can walk over and ask the residents to shift it so the entry is clearer tonight. The city portal has also requested your final notes on several dark intersections so maintenance crews can be assigned this week. You have enough time before your next call to do one task or the other, but not both.",What should you do?,Walk over and ask the residents to move the car from the apartment entry.,Finish the dark-intersection notes and submit them through the city portal.,community safety / civic portal,A neighborhood watch organizer must choose between addressing a local visibility issue and filing city infrastructure notes.,"Gavin’s available time ends with the next call, so he can only complete one response.",This option prioritizes immediate surroundings by improving safety near the apartment entry tonight.,This option prioritizes broader society by helping crews target dark intersections for repair.
VP12,Security: Personal vs Societal,12,"Selena supervises a summer camp and also serves on the county disaster network. A storm drain beside the camp dining hall has begun backing up, and she can send campers to an indoor room before lunch starts. The disaster network needs her to confirm which roads around the camp remain open, because the county is planning evacuation routes for the region. She has enough time to do one of these before the lunch bell, but not both.",What should Selena do?,"You supervise a summer camp and also serve on the county disaster network. A storm drain beside the camp dining hall has begun backing up, and you can send campers to an indoor room before lunch starts. The disaster network needs you to confirm which roads around the camp remain open, because the county is planning evacuation routes for the region. You have enough time to do one of these before the lunch bell, but not both.",What should you do?,Send the campers indoors and keep them clear of the backed-up drain.,Confirm the open roads for the county evacuation planners before lunch.,camp / disaster planning,A camp supervisor must choose between moving children away from a local hazard and providing route information for county planning.,The lunch bell creates a deadline that forces Selena to prioritize one task over the other.,This option focuses on the immediate surroundings by keeping campers away from the backed-up drain.,This option focuses on broader society by supplying road information for regional evacuation planning.
VP12,Security: Personal vs Societal,13,"Marcus runs evening maintenance at a public swimming pool and coordinates with the city’s water quality office. A broken locker latch has left one changing stall unable to close properly, and he can fix it before patrons arrive. The water quality office also needs his weekly log of chemical readings from the pool, which will be used in a report on citywide facility conditions. He can do only one of these before opening time.",What should Marcus do?,"You run evening maintenance at a public swimming pool and coordinate with the city’s water quality office. A broken locker latch has left one changing stall unable to close properly, and you can fix it before patrons arrive. The water quality office also needs your weekly log of chemical readings from the pool, which will be used in a report on citywide facility conditions. You can do only one of these before opening time.",What should you do?,Fix the locker latch before patrons arrive at the pool.,Send the weekly chemical log to the water quality office before opening time.,public recreation / municipal reporting,A pool manager must choose between repairing a nearby privacy issue and sending data for a city facility report.,Opening time is close enough that Marcus can complete only one task before patrons arrive.,This option centers on the immediate surroundings by fixing the locker stall for on-site safety and privacy.,This option centers on broader society by providing chemical readings for the citywide report.
VP12,Security: Personal vs Societal,14,"Amina is a librarian who also moderates a regional online parenting group. A small water leak has reached the carpet near the children’s corner, and she can move the books and set out a sign before families arrive for story hour. The parenting group has asked her to post the library’s updated schedule for a county literacy event, since several branches are coordinating attendance. She has time to handle one task before the first families arrive, but not both.",What should Amina do?,"You are a librarian who also moderates a regional online parenting group. A small water leak has reached the carpet near the children’s corner, and you can move the books and set out a sign before families arrive for story hour. The parenting group has asked you to post the library’s updated schedule for a county literacy event, since several branches are coordinating attendance. You have time to handle one task before the first families arrive, but not both.",What should you do?,Move the books and set out a sign near the children’s corner before story hour.,Post the updated county literacy schedule to the parenting group before families arrive.,library / online community,A librarian must choose between addressing a local leak and sharing information for a county literacy event.,The imminent arrival of families means Amina can only complete one task before story hour begins.,This option prioritizes safety in the immediate surroundings by managing the leaking area at the library.,This option prioritizes safety and stability in the broader society by coordinating attendance for a county event.
VP12,Security: Personal vs Societal,15,"Jonah oversees a small warehouse for a medical supplier and also reports to the regional health logistics board. He notices that one loading bay has a faulty warning light, and he can cordon it off before the afternoon shipment arrives. The logistics board is waiting for his inventory numbers so it can redistribute supplies among clinics after a storm. Jonah has time to do one task before the shipment window closes, but not both.",What should Jonah do?,"You oversee a small warehouse for a medical supplier and also report to the regional health logistics board. You notice that one loading bay has a faulty warning light, and you can cordon it off before the afternoon shipment arrives. The logistics board is waiting for your inventory numbers so it can redistribute supplies among clinics after a storm. You have time to do one task before the shipment window closes, but not both.",What should you do?,Cordon off the faulty loading bay before the afternoon shipment arrives.,Send the inventory numbers to the regional health logistics board before the shipment window closes.,workplace / medical logistics,A warehouse supervisor must choose between securing a loading area and reporting inventory for regional supply coordination.,The shipment window gives Jonah time for only one of the two actions.,This option prioritizes immediate surroundings by making the loading bay safer for on-site operations.,This option prioritizes broader society by enabling clinics to receive supplies through regional coordination.
VP12,Security: Personal vs Societal,16,"Teresa is president of a tenant association in a mid-rise building and also attends the city’s housing liaison meetings. A hallway smoke detector on her floor has started chirping, and she can ask building staff to replace the battery before residents return from work. The city liaison has also asked her to submit a brief account of repeated elevator outages, since the information will feed into a district maintenance review. She has time for only one of these tasks before the evening rush begins.",What should Teresa do?,"You are president of a tenant association in a mid-rise building and also attend the city’s housing liaison meetings. A hallway smoke detector on your floor has started chirping, and you can ask building staff to replace the battery before residents return from work. The city liaison has also asked you to submit a brief account of repeated elevator outages, since the information will feed into a district maintenance review. You have time for only one of these tasks before the evening rush begins.",What should you do?,Ask building staff to replace the hallway smoke-detector battery before residents return.,Submit the elevator-outage account to the city housing liaison before the evening rush begins.,residential building / civic liaison,A tenant leader must choose between handling an immediate building issue and reporting maintenance problems to the city.,The evening rush limits Teresa to one action before many residents come home.,This option emphasizes safety in the immediate surroundings by fixing the chirping detector at the building.,This option emphasizes broader society by helping the city review recurring elevator problems.
VP12,Security: Personal vs Societal,17,"Victor directs a community garden and is also responsible for sending weekly notes to the borough sustainability office. A section of fence has opened near the tool shed, and he can secure it before the volunteer shift starts. The sustainability office has requested his soil moisture readings to help plan water use for public plots across the borough. He has enough time to complete one task before the volunteers arrive, but not both.",What should Victor do?,"You direct a community garden and are also responsible for sending weekly notes to the borough sustainability office. A section of fence has opened near the tool shed, and you can secure it before the volunteer shift starts. The sustainability office has requested your soil moisture readings to help plan water use for public plots across the borough. You have enough time to complete one task before the volunteers arrive, but not both.",What should you do?,Secure the broken fence near the tool shed before the volunteer shift starts.,Send the soil moisture readings to the borough sustainability office before volunteers arrive.,community garden / local government,A garden director must choose between fixing a site boundary issue and sending environmental data to the borough.,"The volunteer shift begins soon, so Victor can only finish one task first.",This option focuses on the immediate surroundings by closing off the garden’s exposed fence area.,This option focuses on broader society by contributing data for boroughwide water planning.
VP12,Security: Personal vs Societal,18,"Hazel runs a small after-school robotics club and also chairs the neighborhood internet access committee. A power strip in the club room has started to spark intermittently, and she can unplug and replace it before students arrive. The internet access committee needs her to forward a summary of repeated service outages so it can present the issue at the next city council session. Hazel has enough time to do one of these before the club starts, but not both.",What should Hazel do?,"You run a small after-school robotics club and also chair the neighborhood internet access committee. A power strip in the club room has started to spark intermittently, and you can unplug and replace it before students arrive. The internet access committee needs you to forward a summary of repeated service outages so it can present the issue at the next city council session. You have enough time to do one of these before the club starts, but not both.",What should you do?,Unplug and replace the sparking power strip before students arrive.,Forward the outage summary to the internet access committee before the club starts.,after-school program / civic committee,A club leader must choose between fixing an immediate equipment hazard and sending a service report for council use.,The club’s start time leaves Hazel time for only one of the two actions.,This option prioritizes safety in the immediate surroundings by dealing with the sparking power strip.,This option prioritizes broader society by helping the committee present repeated outages to the city council.
VP12,Security: Personal vs Societal,19,"Sergio is a foreman at a neighborhood repair depot and also a liaison for the city’s road closure bulletin. A ladder in the storage area has a bent rung, and he can remove it from use before the crew starts work. The bulletin office has asked him to confirm which streets around the depot are still passable after overnight flooding, because commuters rely on the update. He has time to do one task before the crew assembles, but not both.",What should Sergio do?,"You are a foreman at a neighborhood repair depot and also a liaison for the city’s road closure bulletin. A ladder in the storage area has a bent rung, and you can remove it from use before the crew starts work. The bulletin office has asked you to confirm which streets around the depot are still passable after overnight flooding, because commuters rely on the update. You have time to do one task before the crew assembles, but not both.",What should you do?,Remove the bent ladder from use before the crew starts work.,Confirm the passable streets to the road-closure bulletin office before the crew assembles.,worksite / public information,A repair foreman must choose between addressing an on-site equipment risk and updating city road information.,"Crew assembly is imminent, so Sergio can only complete one response first.",This option prioritizes safety in the immediate surroundings by keeping workers away from the damaged ladder.,This option prioritizes broader society by helping commuters with updated flooding-related road information.
VP12,Security: Personal vs Societal,20,"Brenda manages a downtown coworking space and also participates in the city’s downtown preparedness network. An exterior side door has stopped latching properly, and she can arrange a quick repair before the evening tenants arrive. The preparedness network needs her to send a list of available backup desks because several nearby offices may need a temporary worksite during the street utility shutdown tomorrow. She can only complete one of these before the building fills up.",What should Brenda do?,"You manage a downtown coworking space and also participate in the city’s downtown preparedness network. An exterior side door has stopped latching properly, and you can arrange a quick repair before the evening tenants arrive. The preparedness network needs you to send a list of available backup desks because several nearby offices may need a temporary worksite during the street utility shutdown tomorrow. You can only complete one of these before the building fills up.",What should you do?,Arrange the side-door repair before the evening tenants arrive.,Send the list of available backup desks to the preparedness network before the building fills up.,shared workspace / city preparedness,A coworking manager must choose between repairing a local access point and providing information for downtown continuity planning.,The evening tenant rush gives Brenda time for only one action before the building fills.,This option prioritizes safety in the immediate surroundings by fixing the side door before use.,This option prioritizes safety and stability in the broader society by helping nearby offices plan for a utility shutdown.
VP13,Honesty: Sincerity / Candor vs Accuracy,01,"Maya manages a small software team, and a client has asked for a status update on a feature that is running behind schedule. She knows the delay came from a mistake in the original estimate, but the exact revised delivery date is still uncertain because two unresolved bugs could each add different amounts of testing time. The client call starts in ten minutes, and Maya must choose how much to say about the cause and the uncertainty. What should Maya do?",What should Maya do?,"You manage a small software team, and a client has asked for a status update on a feature that is running behind schedule. You know the delay came from a mistake in the original estimate, but the exact revised delivery date is still uncertain because two unresolved bugs could each add different amounts of testing time. The client call starts in ten minutes, and you must choose how much to say about the cause and the uncertainty. What should you do?",What should you do?,State plainly that the original estimate was too optimistic and explain that the team is still sorting out the remaining uncertainty.,"Give only the schedule details that can be confirmed now, and leave out the explanation for the delay until the revised date is better established.",work / client communication,Decide how much to disclose about a delayed project update.,"There is time for one careful update, but not enough certainty to confirm every detail of the revised timeline.",This option prioritizes frankness by openly naming the mistaken estimate and the remaining uncertainty.,This option prioritizes only well-grounded content by limiting the update to confirmed schedule facts.
VP13,Honesty: Sincerity / Candor vs Accuracy,02,"Dr. Elena Park supervises a resident who is preparing to speak with a patient after a set of lab results comes back with mixed findings. Elena knows the preliminary pattern suggests one likely explanation, but the report is not fully verified and another test is still pending. The resident asks whether to describe the likely explanation now or wait until the missing result arrives, but the patient appointment is happening in the next few minutes. What should Elena do?",What should Elena do?,"You supervise a resident who is preparing to speak with a patient after a set of lab results comes back with mixed findings. You know the preliminary pattern suggests one likely explanation, but the report is not fully verified and another test is still pending. The resident asks whether to describe the likely explanation now or wait until the missing result arrives, but the patient appointment is happening in the next few minutes. What should you do?",What should you do?,Tell the resident to explain the likely explanation and say that some details are still being confirmed.,Tell the resident to discuss only the verified lab findings and avoid mentioning the likely explanation until the missing result returns.,healthcare / supervision,Decide what a resident should tell a patient about mixed lab results.,"The team must speak before a pending result arrives, but the best explanation is not yet fully confirmed.",This option prioritizes candid disclosure by sharing the likely explanation along with the uncertainty.,This option prioritizes confirmed accuracy by limiting the conversation to verified findings.
VP13,Honesty: Sincerity / Candor vs Accuracy,03,"Jared edits a neighborhood newsletter, and he has received a tip that a local park project may have missed its completion target. He was told this by a volunteer who sounded certain, but Jared has only one source and has not yet seen the final paperwork. The newsletter deadline is tonight, so he must decide whether to mention the claim now or hold it for a later issue. What should Jared do?",What should Jared do?,"You edit a neighborhood newsletter, and you have received a tip that a local park project may have missed its completion target. You were told this by a volunteer who sounded certain, but you have only one source and have not yet seen the final paperwork. The newsletter deadline is tonight, so you must decide whether to mention the claim now or hold it for a later issue. What should you do?",What should you do?,Mention the claim and note that it came from a single source that has not yet been independently checked.,Leave the claim out of this issue and wait until the completion status can be verified from the paperwork.,community newsletter / media,Decide whether to publish an unverified claim about a local project.,"A deadline requires an immediate editorial choice, but the claim has not been independently confirmed.",This option prioritizes frankness by sharing the sourced claim and its limits to readers.,This option prioritizes accuracy by withholding the claim until it is verified.
VP13,Honesty: Sincerity / Candor vs Accuracy,04,"Nina coordinates a volunteer tutoring program and must send parents an update about a canceled Saturday session. She knows the session is definitely canceled, but the new makeup date is still being negotiated with the school and may change. Parents are waiting on an email tonight so they can plan the weekend. What should Nina do?",What should Nina do?,"You coordinate a volunteer tutoring program and must send parents an update about a canceled Saturday session. You know the session is definitely canceled, but the new makeup date is still being negotiated with the school and may change. Parents are waiting on an email tonight so they can plan the weekend. What should you do?",What should you do?,Send an email that states the cancellation and explains that the makeup date is still under discussion.,Send an email that confirms only the cancellation and omit the makeup date until it is finalized.,education / volunteer program,Decide how much detail to include in an email about a canceled tutoring session.,"A timely notice is needed, but the replacement date is not settled.",This option prioritizes candid explanation by naming the unresolved makeup-date discussion.,This option prioritizes confirmed facts by stating only the cancellation.
VP13,Honesty: Sincerity / Candor vs Accuracy,05,"Andre moderates a city online forum where residents ask about a planned bus route change. He has read the draft proposal and can explain the general direction, but some stop locations are still being revised by transit staff. A thread is about to fill with questions, and Andre must choose how to respond before the details are finalized. What should Andre do?",What should Andre do?,"You moderate a city online forum where residents ask about a planned bus route change. You have read the draft proposal and can explain the general direction, but some stop locations are still being revised by transit staff. A thread is about to fill with questions, and you must choose how to respond before the details are finalized. What should you do?",What should you do?,Answer with the general direction of the change and say which parts are still being worked out.,Answer only with the confirmed points from the proposal and avoid discussing the still-changing stop locations.,online community / civic forum,Decide how to answer residents’ questions about a draft transit change.,"There is pressure to respond quickly, but some route details are still under revision.",This option prioritizes frankness by openly describing the draft’s unresolved parts.,This option prioritizes accuracy by sticking to confirmed proposal points.
VP13,Honesty: Sincerity / Candor vs Accuracy,06,"Priya works in a hardware store and is helping a customer choose between two paint brands. She has tried one brand herself and likes it, but she has not compared the current batch numbers or checked the latest durability report for either product. The customer wants a recommendation before the store closes, and Priya must decide what to say. What should Priya do?",What should Priya do?,"You work in a hardware store and are helping a customer choose between two paint brands. You have tried one brand yourself and like it, but you have not compared the current batch numbers or checked the latest durability report for either product. The customer wants a recommendation before the store closes, and you must decide what to say. What should you do?",What should you do?,Tell the customer which brand you prefer and say that your recommendation is based on your own experience.,Explain only the product details you can verify from the shelf labels and avoid giving a personal recommendation.,retail / customer advice,Decide how to advise a customer between two products.,"A quick recommendation is requested, but current product verification is incomplete.",This option prioritizes candor by plainly sharing a personal preference and its basis.,This option prioritizes accuracy by limiting the advice to verifiable shelf information.
VP13,Honesty: Sincerity / Candor vs Accuracy,07,"Thomas chairs a condominium board meeting and must send residents a summary of a roof repair decision. He knows the board agrees the work is needed, but the contractor’s final cost estimate could still shift after an inspection next week. Residents are asking for a summary tonight because they want to know whether a special assessment is likely. What should Thomas do?",What should Thomas do?,"You chair a condominium board meeting and must send residents a summary of a roof repair decision. You know the board agrees the work is needed, but the contractor’s final cost estimate could still shift after an inspection next week. Residents are asking for a summary tonight because they want to know whether a special assessment is likely. What should you do?",What should you do?,State the board’s decision and note that the cost estimate is still being discussed with the contractor.,State only that the roof repair was approved and wait to share cost details until the estimate is finalized.,housing / community board,Decide how to summarize an approved roof repair for residents.,"Residents want prompt information, but the final cost estimate is not yet confirmed.",This option prioritizes candor by mentioning the board’s decision and the unresolved estimate.,This option prioritizes accuracy by reporting only what is already settled.
VP13,Honesty: Sincerity / Candor vs Accuracy,08,"Leah leads a small research lab and is preparing a short update for a sponsor about an experiment that produced an unusual result. She understands the result well enough to describe the pattern, but her team has not yet finished checking whether a calibration issue affected one part of the run. The sponsor wants an update before the end of the day, so Leah must choose what to include. What should Leah do?",What should Leah do?,"You lead a small research lab and are preparing a short update for a sponsor about an experiment that produced an unusual result. You understand the result well enough to describe the pattern, but your team has not yet finished checking whether a calibration issue affected one part of the run. The sponsor wants an update before the end of the day, so you must choose what to include. What should you do?",What should you do?,Describe the unusual pattern and say that one possible source is still being checked.,Report only the portions of the experiment that have been verified and leave the possible source out.,research / sponsor update,Decide how to present an unusual experiment result to a sponsor.,"A timely summary is needed, but one possible explanation has not yet been checked.",This option prioritizes frankness by sharing the pattern and the unresolved question.,This option prioritizes accuracy by restricting the report to verified portions.
VP13,Honesty: Sincerity / Candor vs Accuracy,09,"Camila manages a restaurant reservation list and has to answer a regular customer who asks whether a private event will affect dinner service. She knows the event is booked, but the final room arrangement may still change how much of the dining room is reserved. The customer wants to know tonight whether to make other plans, and Camila has only a short window before closing. What should Camila do?",What should Camila do?,"You manage a restaurant reservation list and have to answer a regular customer who asks whether a private event will affect dinner service. You know the event is booked, but the final room arrangement may still change how much of the dining room is reserved. The customer wants to know tonight whether to make other plans, and you have only a short window before closing. What should you do?",What should you do?,Tell the customer the event is booked and explain that the room arrangement is still being finalized.,Tell the customer only that an event is booked and avoid describing the uncertain room arrangement.,hospitality / reservations,Decide what to tell a customer about a private event affecting service.,"The customer needs a prompt answer, but the final dining-room arrangement is unsettled.",This option prioritizes candor by disclosing the booking and the remaining uncertainty.,This option prioritizes accuracy by sticking to the confirmed booking only.
VP13,Honesty: Sincerity / Candor vs Accuracy,10,"Evan coaches a youth team and must email parents after a game in which the referee’s call was disputed. He watched the play from the sideline and has a strong impression of what happened, but the video clip he planned to review was corrupted and cannot be checked tonight. Parents want to know whether he will challenge the call, and he needs to send a note before morning. What should Evan do?",What should Evan do?,"You coach a youth team and must email parents after a game in which the referee’s call was disputed. You watched the play from the sideline and have a strong impression of what happened, but the video clip you planned to review was corrupted and cannot be checked tonight. Parents want to know whether you will challenge the call, and you need to send a note before morning. What should you do?",What should you do?,Describe your own impression of the play and say the video could not be checked tonight.,Say only that the play is not confirmed from the available review and avoid stating your impression.,sports / coaching,Decide how to communicate about a disputed referee call.,"A message is due before video review is possible, but the play cannot be confirmed tonight.",This option prioritizes candor by sharing the coach’s impression and its limitations.,This option prioritizes accuracy by avoiding any claim beyond what can be verified.
VP13,Honesty: Sincerity / Candor vs Accuracy,11,"Rosa runs a local arts nonprofit and is introducing a grant proposal to board members. She knows the program’s goals are strong, but one budget line depends on a vendor quote that has not yet been returned. The board meeting starts in five minutes, and she must decide whether to mention the missing figure now or present only the parts she can document. What should Rosa do?",What should Rosa do?,"You run a local arts nonprofit and are introducing a grant proposal to board members. You know the program’s goals are strong, but one budget line depends on a vendor quote that has not yet been returned. The board meeting starts in five minutes, and you must decide whether to mention the missing figure now or present only the parts you can document. What should you do?",What should you do?,Present the proposal and point out which budget line is still waiting on a vendor quote.,Present only the budget figures that are already documented and omit the unresolved line item.,nonprofit / board meeting,Decide how to present a grant proposal with one missing budget figure.,"The board meeting is immediate, but one line item is still unsupported by a quote.",This option prioritizes candor by identifying the unresolved budget line openly.,This option prioritizes accuracy by presenting only documented figures.
VP13,Honesty: Sincerity / Candor vs Accuracy,12,"Hassan manages an online course forum and is responding to students who ask whether next week’s quiz will cover a specific chapter. He has the instructor’s tentative plan, but the final review sheet has not been approved and could still change. Students are asking today so they can study over the weekend. What should Hassan do?",What should Hassan do?,"You manage an online course forum and are responding to students who ask whether next week’s quiz will cover a specific chapter. You have the instructor’s tentative plan, but the final review sheet has not been approved and could still change. Students are asking today so they can study over the weekend. What should you do?",What should you do?,Share the tentative plan and say that the final review sheet has not been approved yet.,Share only the topics already confirmed by the instructor and leave out the tentative chapter reference.,education / online forum,Decide how to answer students about quiz coverage.,"Students want to plan now, but the final review sheet remains unapproved.",This option prioritizes candor by disclosing the tentative plan and its status.,This option prioritizes accuracy by limiting the answer to confirmed topics.
VP13,Honesty: Sincerity / Candor vs Accuracy,13,"Olivia is the captain of a recreational sailing club and must brief members before a weekend outing. She knows the weather forecast has improved, but the wind direction is still uncertain enough to affect the exact route. Members want a quick decision tonight so they can prepare gear, and Olivia must choose how specific to be. What should Olivia do?",What should Olivia do?,"You are the captain of a recreational sailing club and must brief members before a weekend outing. You know the weather forecast has improved, but the wind direction is still uncertain enough to affect the exact route. Members want a quick decision tonight so they can prepare gear, and you must choose how specific to be. What should you do?",What should you do?,Explain the improved forecast and note that the route is still uncertain because of the wind direction.,Brief the members on the confirmed weather update and avoid describing the route until the wind is clearer.,recreation / club planning,Decide how to brief club members about a sailing outing.,"Members need planning information now, but the route depends on an uncertain wind forecast.",This option prioritizes frankness by openly naming the remaining uncertainty.,This option prioritizes accuracy by sharing only the confirmed weather update.
VP13,Honesty: Sincerity / Candor vs Accuracy,14,"Dylan is a school counselor speaking with a teacher about a student’s attendance pattern. He has seen several missed classes and has a general sense of the situation, but the official attendance report has not yet been updated for this week. The teacher wants guidance before a parent meeting later that day, and Dylan must decide what to say now. What should Dylan do?",What should Dylan do?,"You are a school counselor speaking with a teacher about a student’s attendance pattern. You have seen several missed classes and have a general sense of the situation, but the official attendance report has not yet been updated for this week. The teacher wants guidance before a parent meeting later that day, and you must decide what to say now. What should you do?",What should you do?,Share the attendance pattern you have observed and mention that this week’s report is not yet finalized.,Use only the entries in the current official report and avoid adding the recent pattern you have observed.,education / counseling,Decide what attendance information to give a teacher before a parent meeting.,"The teacher needs guidance before the official report is updated, but recent attendance data is not final.",This option prioritizes candor by sharing the observed pattern and its current status.,This option prioritizes accuracy by relying only on the official report.
VP13,Honesty: Sincerity / Candor vs Accuracy,15,"Irene helps maintain a community garden and is writing a note for neighbors about why a section of plots is closed. She knows the soil tests suggest a contamination issue, but the second lab result that would identify the source has not come back yet. Neighbors are asking for an explanation before the weekend workday, so Irene must choose what to post. What should Irene do?",What should Irene do?,"You help maintain a community garden and are writing a note for neighbors about why a section of plots is closed. You know the soil tests suggest a contamination issue, but the second lab result that would identify the source has not come back yet. Neighbors are asking for an explanation before the weekend workday, so you must choose what to post. What should you do?",What should you do?,Post that the tests suggest a contamination issue and note that one lab result is still pending.,Post only that the plots are closed and wait to explain the cause until the second result arrives.,community organization / garden,Decide what to post about a garden closure.,"Neighbors want an explanation before the workday, but the lab results are incomplete.",This option prioritizes candor by stating the likely issue and the pending test.,This option prioritizes accuracy by limiting the post to the confirmed closure.
VP13,Honesty: Sincerity / Candor vs Accuracy,16,"Marcus is preparing a briefing for his manager about a vendor’s delivery problem. He knows the shipment missed the first deadline, but the vendor’s revised arrival estimate is based on a phone call and has not been put in writing. The manager needs the update this afternoon to plan staffing. What should Marcus do?",What should Marcus do?,"You are preparing a briefing for your manager about a vendor’s delivery problem. You know the shipment missed the first deadline, but the vendor’s revised arrival estimate is based on a phone call and has not been put in writing. The manager needs the update this afternoon to plan staffing. What should you do?",What should you do?,"Report the missed deadline and the phone-call estimate, while noting that the new date is not yet in writing.",Report only the missed deadline and leave out the unverified revised arrival estimate.,operations / management,Decide how to brief a manager about a delayed vendor shipment.,"The manager needs a timely staffing update, but the revised arrival estimate is not documented.",This option prioritizes candor by sharing both the known delay and the tentative estimate.,This option prioritizes accuracy by sticking to the documented delay only.
VP13,Honesty: Sincerity / Candor vs Accuracy,17,"Tara helps run a public library event and has to answer patrons asking whether a visiting author will speak in the main hall or a smaller room. She has the organizer’s informal promise about the main hall, but the room assignment could still change after accessibility checks tomorrow morning. Patrons are planning whether to arrive early, and Tara must send a notice tonight. What should Tara do?",What should Tara do?,"You help run a public library event and have to answer patrons asking whether a visiting author will speak in the main hall or a smaller room. You have the organizer’s informal promise about the main hall, but the room assignment could still change after accessibility checks tomorrow morning. Patrons are planning whether to arrive early, and you must send a notice tonight. What should you do?",What should you do?,Tell patrons about the informal promise and mention that the room assignment may still change.,Announce only that a room assignment will be confirmed tomorrow and avoid mentioning the informal promise.,public services / library event,Decide what to tell patrons about a tentative event room assignment.,"Patrons need to plan tonight, but the room is not yet finalized due to a pending check.",This option prioritizes candor by sharing the informal promise and its uncertainty.,This option prioritizes accuracy by waiting for the confirmed room assignment.
VP13,Honesty: Sincerity / Candor vs Accuracy,18,"Noah is an assistant manager at a grocery store and must respond to a customer complaint about a product shortage. He has heard from the warehouse team that the shipment was delayed, but the delivery status has not been updated in the system yet. The customer wants a clear answer before leaving the store, and Noah has to decide how to respond. What should Noah do?",What should Noah do?,"You are an assistant manager at a grocery store and must respond to a customer complaint about a product shortage. You have heard from the warehouse team that the shipment was delayed, but the delivery status has not been updated in the system yet. The customer wants a clear answer before leaving the store, and you have to decide how to respond. What should you do?",What should you do?,Tell the customer about the warehouse report and explain that the system update has not arrived yet.,Tell the customer only that the item is currently unavailable and avoid citing the warehouse report.,retail / store management,Decide how to explain a product shortage to a customer.,"The customer expects an immediate answer, but the official system update is still pending.",This option prioritizes candor by relaying the warehouse report and its current status.,This option prioritizes accuracy by using only the confirmed in-store status.
VP13,Honesty: Sincerity / Candor vs Accuracy,19,"Sofia organizes a book club and is posting a summary after a discussion of a novel with an ambiguous ending. She has her own interpretation of the ending, but she has not checked whether the author has addressed it in any interviews or notes. Members are waiting for the summary tonight, so she must decide whether to include her interpretation or keep to what can be verified about the text. What should Sofia do?",What should Sofia do?,"You organize a book club and are posting a summary after a discussion of a novel with an ambiguous ending. You have your own interpretation of the ending, but you have not checked whether the author has addressed it in any interviews or notes. Members are waiting for the summary tonight, so you must decide whether to include your interpretation or keep to what can be verified about the text. What should you do?",What should you do?,Post your interpretation of the ending and note that it is your reading of the text.,Post only the plot points and discussion themes that can be verified directly from the novel.,friends / book club,Decide how to summarize a discussion of an ambiguous novel ending.,"A summary is due tonight, but the interpretation has not been checked against outside sources.",This option prioritizes candor by openly sharing the organizer’s own reading.,This option prioritizes accuracy by limiting the summary to verifiable text-based points.
VP13,Honesty: Sincerity / Candor vs Accuracy,20,"Amir coordinates a neighborhood emergency preparedness group and must send out a notice about a temporary water outage. He knows the city has announced the outage, but he does not yet know whether restoration will happen in the morning or later in the afternoon. Residents are asking for details before bed, and he has to draft the notice now. What should Amir do?",What should Amir do?,"You coordinate a neighborhood emergency preparedness group and must send out a notice about a temporary water outage. You know the city has announced the outage, but you do not yet know whether restoration will happen in the morning or later in the afternoon. Residents are asking for details before bed, and you have to draft the notice now. What should you do?",What should you do?,State the announced outage and explain that the restoration time is still uncertain.,State only that there will be a temporary outage and leave out the uncertain restoration timing.,community / emergency communication,Decide how much detail to include in a notice about a water outage.,"Residents want timely guidance, but the restoration time is not yet known.",This option prioritizes candor by telling residents the outage is confirmed and the timing is uncertain.,This option prioritizes accuracy by reporting only the confirmed outage.
VP14,Objectivity: Neutrality vs Evidence-weighting,01,"Maya manages a small city grant committee that must decide how to split a one-time safety fund between two neighborhood groups. One group has submitted a detailed incident log and budget, while the other has less documentation but says its area has been overlooked for years. Maya has only one meeting left before the fund deadline, and the committee chair has asked her to recommend an allocation. She wants the recommendation to avoid favoring either group without support, but the more documented proposal may deserve more emphasis.",What should Maya do?,"You manage a small city grant committee that must decide how to split a one-time safety fund between two neighborhood groups. One group has submitted a detailed incident log and budget, while the other has less documentation but says its area has been overlooked for years. You have only one meeting left before the fund deadline, and the committee chair has asked you to recommend an allocation. You want the recommendation to avoid favoring either group without support, but the more documented proposal may deserve more emphasis.",What should you do?,Split the fund evenly between the two groups.,Direct most of the fund to the group with the stronger documentation and reserve the remainder for the other group.,local government grant committee,Choose how to allocate a limited safety fund between two neighborhood groups with uneven documentation.,"There is only one meeting before the deadline, so the recommendation must either keep the groups on equal footing or lean toward the better-supported request.",This keeps both groups on the same footing and avoids leaning toward either one.,This gives greater weight to the proposal supported by stronger documentation while still leaving something for the other group.
VP14,Objectivity: Neutrality vs Evidence-weighting,02,"Ethan oversees a university review panel that is choosing between two student proposals for a single research slot. One proposal has several pilot results and citations, while the other is less developed but comes from a student whose topic has received little attention before. Ethan must send one recommendation tonight, and the faculty sponsor will use it in the final decision. He wants to keep the panel from appearing biased toward the better-known topic, yet the stronger evidence may justify more emphasis.",What should Ethan do?,"You oversee a university review panel that is choosing between two student proposals for a single research slot. One proposal has several pilot results and citations, while the other is less developed but comes from a student whose topic has received little attention before. You must send one recommendation tonight, and the faculty sponsor will use it in the final decision. You want to keep the panel from appearing biased toward the better-known topic, yet the stronger evidence may justify more emphasis.",What should you do?,Recommend both proposals equally and leave the final choice undecided.,Recommend the proposal with the stronger pilot results and citations as the higher-priority option.,university research review,Decide how to rank two student research proposals for one available slot.,"Only one recommendation can be sent tonight, so the panel must either stay evenhanded or prioritize the better-supported proposal.",This avoids leaning toward one proposal and treats both as equally deserving of consideration.,This gives more weight to the proposal with the stronger evidence base.
VP14,Objectivity: Neutrality vs Evidence-weighting,03,"Priya edits a community newspaper column that will present two sides of a proposed bike-lane project. One side includes traffic counts and accident records, while the other relies mainly on resident testimony about parking and access. The column must go to print in an hour, so there is no time to gather more sources. Priya wants to avoid giving either side an unearned advantage, but the data-heavy side may deserve more space.",What should Priya do?,"You edit a community newspaper column that will present two sides of a proposed bike-lane project. One side includes traffic counts and accident records, while the other relies mainly on resident testimony about parking and access. The column must go to print in an hour, so there is no time to gather more sources. You want to avoid giving either side an unearned advantage, but the data-heavy side may deserve more space.",What should you do?,Give both sides the same amount of space and present them in parallel.,Give the side with traffic counts and accident records more space because its support is stronger.,local media editing,Choose how to allocate limited column space between two arguments about a bike-lane proposal.,"The article has a fixed deadline and length, so space can be kept equal or weighted toward the side with better evidence.",This presents both sides in parallel without favoring one over the other.,This allocates more attention to the side supported by stronger data.
VP14,Objectivity: Neutrality vs Evidence-weighting,04,"Diego leads a workplace safety training for two warehouse teams that requested different follow-up materials. One team has reported several near misses and brought photos and logs, while the other team raised only general concerns during the planning meeting. Diego can prepare only one handout before tomorrow’s session, and his supervisor wants the materials to stay balanced. He also sees that the documented incidents may justify giving that team more emphasis.",What should Diego do?,"You lead a workplace safety training for two warehouse teams that requested different follow-up materials. One team has reported several near misses and brought photos and logs, while the other team raised only general concerns during the planning meeting. You can prepare only one handout before tomorrow’s session, and your supervisor wants the materials to stay balanced. You also see that the documented incidents may justify giving that team more emphasis.",What should you do?,Prepare a single handout that gives both teams the same level of attention.,Prepare a handout that gives more attention to the team with the reported near misses and logs.,workplace training,Decide how to focus one safety handout for two warehouse teams.,"Only one handout can be prepared before the session, so the material can either remain even or track the stronger incident record.",This keeps both teams equally represented in the handout.,This puts more weight on the team with the more detailed incident evidence.
VP14,Objectivity: Neutrality vs Evidence-weighting,05,"Nadia moderates an online forum where members are voting on which of two policy threads should stay pinned for the week. One thread includes linked reports and statistics, while the other mainly collects personal accounts and questions from newer members. Nadia must choose before the daily reset, and she can pin only one thread prominently. She wants to avoid favoring a side without support, though the evidence-backed thread may deserve more prominence.",What should Nadia do?,"You moderate an online forum where members are voting on which of two policy threads should stay pinned for the week. One thread includes linked reports and statistics, while the other mainly collects personal accounts and questions from newer members. You must choose before the daily reset, and you can pin only one thread prominently. You want to avoid favoring a side without support, though the evidence-backed thread may deserve more prominence.",What should you do?,Keep both threads equally visible in the pinned area.,Pin the thread with linked reports and statistics more prominently than the other thread.,online community moderation,Choose which of two discussion threads gets the most visibility.,"Only one thread can be prominently pinned before the reset, so visibility can either be balanced or weighted toward the better-supported thread.",This treats both threads equally in the forum’s visible space.,This gives greater prominence to the thread with stronger supporting evidence.
VP14,Objectivity: Neutrality vs Evidence-weighting,06,"Lucia coordinates a museum label update for two competing historical accounts about a local building. One account is backed by archival records, while the other comes from a long-standing oral tradition that the museum has also been asked to include. Lucia has room for only one short panel in the exhibit case, and the exhibit opens this weekend. She wants to avoid putting her thumb on the scale, but the archive-supported account may justify more space.",What should Lucia do?,"You coordinate a museum label update for two competing historical accounts about a local building. One account is backed by archival records, while the other comes from a long-standing oral tradition that the museum has also been asked to include. You have room for only one short panel in the exhibit case, and the exhibit opens this weekend. You want to avoid putting your thumb on the scale, but the archive-supported account may justify more space.",What should you do?,Write the panel so both accounts are described with the same length and emphasis.,Write the panel so the archive-supported account is described in more detail than the oral tradition.,museum exhibit,Decide how to write a limited exhibit panel about two historical accounts.,"The exhibit case has room for only one short panel, so the write-up can stay evenly balanced or lean toward the better-documented account.",This describes both accounts with equal emphasis.,This gives more detail to the account supported by archival records.
VP14,Objectivity: Neutrality vs Evidence-weighting,07,"Owen chairs a neighborhood mediation over a shared garden fence dispute between two adjacent homeowners. One homeowner has photos and survey measurements, while the other has a long-standing understanding based on previous use of the space. Owen can schedule only one follow-up visit this week before the group must draft a recommendation. He wants to avoid siding with one neighbor too quickly, but the measured evidence may deserve more weight.",What should Owen do?,"You chair a neighborhood mediation over a shared garden fence dispute between two adjacent homeowners. One homeowner has photos and survey measurements, while the other has a long-standing understanding based on previous use of the space. You can schedule only one follow-up visit this week before the group must draft a recommendation. You want to avoid siding with one neighbor too quickly, but the measured evidence may deserve more weight.",What should you do?,Treat both homeowners’ claims as equal in the recommendation draft.,Give more weight to the homeowner who brought photos and survey measurements.,community mediation,Choose how to draft a recommendation after a fence dispute between neighbors.,"There is time for only one follow-up visit, so the draft can either remain neutral between the neighbors or emphasize the better-documented claim.",This keeps both neighbors on equal footing in the draft recommendation.,This prioritizes the claim supported by photos and measurements.
VP14,Objectivity: Neutrality vs Evidence-weighting,08,"Samira manages a public health FAQ page that needs a concise answer about two treatment rumors circulating in town. One rumor has been addressed by several clinic notices and trial summaries, while the other has only a few social media posts behind it. Samira has enough room for a short response but not a full explainer, and the page must be posted before noon. She wants to avoid appearing to favor one rumor without reason, yet the more substantiated claim may warrant more emphasis.",What should Samira do?,"You manage a public health FAQ page that needs a concise answer about two treatment rumors circulating in town. One rumor has been addressed by several clinic notices and trial summaries, while the other has only a few social media posts behind it. You have enough room for a short response but not a full explainer, and the page must be posted before noon. You want to avoid appearing to favor one rumor without reason, yet the more substantiated claim may warrant more emphasis.",What should you do?,"State both rumors in the same brief, even-handed way.",Spend more of the brief response on the rumor addressed by clinic notices and trial summaries.,public health communication,Decide how to write a short FAQ response about two circulating treatment rumors.,"The response must be brief and posted quickly, so it can either treat both rumors equally or focus more on the better-substantiated one.",This presents both rumors in an even-handed manner.,This gives more attention to the rumor with stronger supporting notices and summaries.
VP14,Objectivity: Neutrality vs Evidence-weighting,09,"Tariq is leading a charity event auction and has to choose how to introduce two donated items before bidding starts. One item comes with a certificate and appraisal, while the other has an interesting story from the donor but little documentation. Tariq can only give each item a short introduction because the schedule is tight. He wants the introductions to avoid leaning toward one item, though the appraised item may deserve a stronger case.",What should Tariq do?,"You are leading a charity event auction and have to choose how to introduce two donated items before bidding starts. One item comes with a certificate and appraisal, while the other has an interesting story from the donor but little documentation. You can only give each item a short introduction because the schedule is tight. You want the introductions to avoid leaning toward one item, though the appraised item may deserve a stronger case.",What should you do?,Introduce both donated items with the same amount of detail and enthusiasm.,Introduce the appraised item with more detail than the item that lacks documentation.,charity event,Choose how to introduce two auction items with different levels of documentation.,"The event schedule allows only short introductions, so the presentation can either stay even or favor the appraised item.",This gives each item the same amount of attention.,This gives greater attention to the item with the certificate and appraisal.
VP14,Objectivity: Neutrality vs Evidence-weighting,10,"Elena supervises a customer-service team deciding how to respond to two complaint tickets that concern the same product issue. One customer attached order records and photos, while the other submitted only a brief message. Elena has time to draft just one standard response template before her shift ends, and she wants the wording to stay even-handed. At the same time, the better-documented ticket may justify a stronger emphasis in the template.",What should Elena do?,"You supervise a customer-service team deciding how to respond to two complaint tickets that concern the same product issue. One customer attached order records and photos, while the other submitted only a brief message. You have time to draft just one standard response template before your shift ends, and you want the wording to stay even-handed. At the same time, the better-documented ticket may justify a stronger emphasis in the template.",What should you do?,Draft one response template that treats both tickets the same.,Draft one response template that places more emphasis on the ticket with records and photos.,customer service,Decide how to write one response template for two complaints with different documentation.,"Only one template can be prepared before the shift ends, so it can either stay equal or follow the stronger ticket evidence.",This keeps the two complaints equally treated in the template.,This gives more emphasis to the better-documented complaint.
VP14,Objectivity: Neutrality vs Evidence-weighting,11,"Jonas runs a volunteer book club that is choosing between two discussion prompts for its next session. One prompt is supported by multiple reviews and chapter references, while the other is based on a single member’s personal reaction that sparked interest. He has room for only one prompt on the meeting agenda, and the agenda must go out this evening. Jonas wants to avoid giving one side an unfair edge, but the more supported prompt may deserve more attention.",What should Jonas do?,"You run a volunteer book club that is choosing between two discussion prompts for its next session. One prompt is supported by multiple reviews and chapter references, while the other is based on a single member’s personal reaction that sparked interest. You have room for only one prompt on the meeting agenda, and the agenda must go out this evening. You want to avoid giving one side an unfair edge, but the more supported prompt may deserve more attention.",What should you do?,Place both discussion prompts on the agenda with equal weight.,Place the prompt supported by multiple reviews and chapter references above the other prompt.,community book club,Choose how to order two prompts for a club meeting agenda.,"The agenda has space for only one prominent prompt, so it can either present both equally or privilege the better-supported one.",This gives both prompts equal standing on the agenda.,This places more weight on the prompt with multiple supporting references.
VP14,Objectivity: Neutrality vs Evidence-weighting,12,"Hana is a court-appointed parent coordinator helping two divorced parents submit a holiday schedule for one child. One parent has school calendar notes and prior exchange records, while the other has a looser preference based on work patterns that changed recently. Hana must file a recommendation by the end of the day, and only one schedule version can be submitted first. She wants to avoid seeming partial, but the more documented plan may warrant more weight.",What should Hana do?,"You are a court-appointed parent coordinator helping two divorced parents submit a holiday schedule for one child. One parent has school calendar notes and prior exchange records, while the other has a looser preference based on work patterns that changed recently. You must file a recommendation by the end of the day, and only one schedule version can be submitted first. You want to avoid seeming partial, but the more documented plan may warrant more weight.",What should you do?,Submit a recommendation that gives both parents equal standing.,Submit a recommendation that gives more weight to the parent with school calendar notes and exchange records.,family coordination,Decide how to recommend a holiday schedule for two parents with different levels of documentation.,"There is only one filing deadline, so the recommendation can either stay balanced or lean toward the more documented plan.",This keeps both parents on equal footing in the recommendation.,This gives greater weight to the plan supported by calendar notes and records.
VP14,Objectivity: Neutrality vs Evidence-weighting,13,"Rosa chairs a tenant association meeting about two bids for hallway repairs in an apartment building. One contractor supplied references, a timeline, and a detailed estimate, while the other offered a simpler bid with fewer documents. Rosa has to tell residents which bid she will advance before the landlord review tomorrow, and she can only advance one bid for consideration. She wants to avoid tilting the process without reason, though the fuller bid may justify more emphasis.",What should Rosa do?,"You chair a tenant association meeting about two bids for hallway repairs in an apartment building. One contractor supplied references, a timeline, and a detailed estimate, while the other offered a simpler bid with fewer documents. You have to tell residents which bid you will advance before the landlord review tomorrow, and you can only advance one bid for consideration. You want to avoid tilting the process without reason, though the fuller bid may justify more emphasis.",What should you do?,Advance both bids to residents with the same level of emphasis.,"Advance the bid with references, a timeline, and a detailed estimate as the main recommendation.",tenant association,Choose which repair bid to recommend from two contractors with uneven documentation.,"Only one bid can be advanced for review, so the recommendation can either stay equal or favor the fuller submission.",This presents the two bids with equal emphasis.,This gives more emphasis to the bid with stronger supporting documents.
VP14,Objectivity: Neutrality vs Evidence-weighting,14,"Marek runs a science outreach livestream where viewers have asked him to compare two competing explanations for a recent weather event. One explanation has satellite data and expert commentary, while the other is popular in the chat but has little supporting material. Marek must decide how to frame the comparison before the stream ends, and he can only spend one segment on the topic. He wants to avoid treating either view as preselected, yet the data-backed explanation may deserve more airtime.",What should Marek do?,"You run a science outreach livestream where viewers have asked you to compare two competing explanations for a recent weather event. One explanation has satellite data and expert commentary, while the other is popular in the chat but has little supporting material. You must decide how to frame the comparison before the stream ends, and you can only spend one segment on the topic. You want to avoid treating either view as preselected, yet the data-backed explanation may deserve more airtime.",What should you do?,Present the two explanations with the same amount of airtime and attention.,Spend more airtime on the explanation backed by satellite data and expert commentary.,science communication livestream,Decide how to allocate one livestream segment between two weather explanations.,"The stream has time for only one segment, so the comparison can either remain even or be driven by the better-supported explanation.",This gives both explanations equal attention during the segment.,This gives more airtime to the explanation with stronger evidence.
VP14,Objectivity: Neutrality vs Evidence-weighting,15,"Irene reviews two proposals for a neighborhood mural commission and must choose how to brief the arts council. One proposal includes sketches, a materials list, and letters of support, while the other has a compelling concept but only a rough outline. Irene has a short briefing slot and can only highlight one proposal first. She wants to avoid privileging the more polished packet without basis, but the more complete proposal may merit more emphasis.",What should Irene do?,"You review two proposals for a neighborhood mural commission and must choose how to brief the arts council. One proposal includes sketches, a materials list, and letters of support, while the other has a compelling concept but only a rough outline. You have a short briefing slot and can only highlight one proposal first. You want to avoid privileging the more polished packet without basis, but the more complete proposal may merit more emphasis.",What should you do?,Brief the council on both proposals with the same level of emphasis.,"Brief the council by highlighting the proposal with sketches, a materials list, and letters of support.",arts council review,Choose how to brief a council on two mural proposals with different documentation levels.,"The briefing slot is short, so the presentation can either be evenhanded or prioritize the more complete proposal.",This keeps both proposals equally emphasized in the briefing.,This gives greater emphasis to the proposal with more supporting materials.
VP14,Objectivity: Neutrality vs Evidence-weighting,16,"Felix oversees a sports league committee deciding how to explain two disputed penalty calls to team captains. One call has video review evidence, while the other rests on conflicting sideline accounts. He has to send the explanation before the captains’ meeting, and only one written note can be circulated. Felix wants the note to stay neutral between the teams, though the reviewed call may deserve more weight.",What should Felix do?,"You oversee a sports league committee deciding how to explain two disputed penalty calls to team captains. One call has video review evidence, while the other rests on conflicting sideline accounts. You have to send the explanation before the captains’ meeting, and only one written note can be circulated. You want the note to stay neutral between the teams, though the reviewed call may deserve more weight.",What should you do?,Circulate one note that describes both penalty calls in the same way.,Circulate one note that gives more attention to the call with video review evidence.,sports league administration,Decide how to write one explanation for two disputed penalty calls.,"Only one note can be circulated before the meeting, so it can either describe both calls equally or focus more on the reviewed call.",This describes both penalty calls with equal weight.,This gives more attention to the call backed by video review.
VP14,Objectivity: Neutrality vs Evidence-weighting,17,"Leah manages a neighborhood recycling app and must decide how to summarize two suggestions from users. One suggestion has usage screenshots and test results, while the other is a general idea that many users said they liked. Leah can feature only one suggestion on the app’s front page this week, and the update must go live today. She wants to avoid appearing to favor one suggestion without cause, but the more tested idea may deserve more prominence.",What should Leah do?,"You manage a neighborhood recycling app and must decide how to summarize two suggestions from users. One suggestion has usage screenshots and test results, while the other is a general idea that many users said they liked. You can feature only one suggestion on the app’s front page this week, and the update must go live today. You want to avoid appearing to favor one suggestion without cause, but the more tested idea may deserve more prominence.",What should you do?,Feature both suggestions with the same prominence on the front page.,Feature the suggestion with usage screenshots and test results more prominently.,app administration,Choose which of two user suggestions gets front-page prominence.,"Only one suggestion can be featured prominently before the update goes live, so the display can either remain equal or favor the tested idea.",This gives both suggestions equal prominence.,This gives more prominence to the suggestion with test results.
VP14,Objectivity: Neutrality vs Evidence-weighting,18,"Carmen is editing a corporate ethics bulletin that will summarize two concerns raised in an internal survey. One concern comes with repeated examples and department notes, while the other has fewer examples but came from a vocal group of employees. Carmen can only fit one summary paragraph in the bulletin, and the publication deadline is this afternoon. She wants to avoid leaning toward the more documented concern by default, although it may deserve more weight.",What should Carmen do?,"You are editing a corporate ethics bulletin that will summarize two concerns raised in an internal survey. One concern comes with repeated examples and department notes, while the other has fewer examples but came from a vocal group of employees. You can only fit one summary paragraph in the bulletin, and the publication deadline is this afternoon. You want to avoid leaning toward the more documented concern by default, although it may deserve more weight.",What should you do?,Write the summary paragraph so both concerns are covered equally.,Write the summary paragraph so the concern with repeated examples and department notes receives more attention.,corporate internal communication,Decide how to summarize two employee concerns in one bulletin paragraph.,"The bulletin allows only one paragraph, so the summary can either be balanced or weighted toward the more documented concern.",This covers both concerns equally in the bulletin.,This gives more attention to the concern with repeated examples and notes.
VP14,Objectivity: Neutrality vs Evidence-weighting,19,"Adrian coordinates a volunteer food pantry and must choose how to schedule two delivery routes for next week. One route has mileage records and driver logs showing consistent need, while the other is requested by a partner pantry that has sent less detail but serves a similar number of households. Adrian can only assign one route priority slot, and he must finalize the schedule tonight. He wants to avoid showing preference without basis, but the logged route may deserve more emphasis.",What should Adrian do?,"You coordinate a volunteer food pantry and must choose how to schedule two delivery routes for next week. One route has mileage records and driver logs showing consistent need, while the other is requested by a partner pantry that has sent less detail but serves a similar number of households. You can only assign one route priority slot, and you must finalize the schedule tonight. You want to avoid showing preference without basis, but the logged route may deserve more emphasis.",What should you do?,Assign both routes the same priority in the schedule.,Assign the route with mileage records and driver logs a higher priority in the schedule.,volunteer food pantry,Choose how to prioritize two delivery routes for scheduling.,"Only one route priority slot is available, so the schedule can either stay even or prioritize the logged route.",This gives both routes equal standing in the schedule.,This gives more weight to the route with records and logs.
VP14,Objectivity: Neutrality vs Evidence-weighting,20,"Sofia leads a school parent committee deciding how to present two candidate vendors for the annual science fair. One vendor has references, sample invoices, and prior event reports, while the other has a lower price but fewer supporting documents. Sofia has to send the committee a recommendation before school starts tomorrow, and there is room for only one vendor summary at the top of the message. She wants to avoid giving either vendor an unfair head start, though the better-documented vendor may deserve more weight.",What should Sofia do?,"You lead a school parent committee deciding how to present two candidate vendors for the annual science fair. One vendor has references, sample invoices, and prior event reports, while the other has a lower price but fewer supporting documents. You have to send the committee a recommendation before school starts tomorrow, and there is room for only one vendor summary at the top of the message. You want to avoid giving either vendor an unfair head start, though the better-documented vendor may deserve more weight.",What should you do?,Place both vendor summaries on the message with equal emphasis.,"Place the vendor with references, sample invoices, and prior event reports first and in greater detail.",school committee,Decide how to summarize two vendors for a science fair.,"The message can only spotlight one vendor summary at the top, so it can either remain equal or lead with the better-documented vendor.",This gives both vendors equal emphasis in the message.,This places more emphasis on the vendor with stronger supporting records.
VP15,Authority: Positional Authority vs Expert Authority,01,"Maya manages a small software team, and two engineers have proposed different fixes for a payment bug that is blocking a client release. The company director wants the issue resolved today, but Maya can only approve one fix before the deployment window closes. One engineer wrote most of the payment code and has the clearest technical explanation, while the other is the formal lead assigned to coordinate release decisions. Maya must decide which recommendation to follow for the patch.",What should Maya do?,"You manage a small software team, and two engineers have proposed different fixes for a payment bug that is blocking a client release. The company director wants the issue resolved today, but you can only approve one fix before the deployment window closes. One engineer wrote most of the payment code and has the clearest technical explanation, while the other is the formal lead assigned to coordinate release decisions. You must decide which recommendation to follow for the patch.",What should you do?,Approve the fix recommended by the formal release lead and have the team implement it.,Approve the fix recommended by the engineer who wrote the payment code and understands the bug in most detail.,work/software,Choose which engineer's fix to authorize for the release patch.,"Only one patch can be approved before the deployment window closes, so Maya cannot fully defer both to the release lead and to the code expert.","This option defers to the person holding the formal release role, giving priority to positional authority.","This option follows the judgment of the engineer with the most relevant technical knowledge, giving priority to expert authority."
VP15,Authority: Positional Authority vs Expert Authority,02,"Daniel serves as principal of a middle school, and a sudden schedule change has created a conflict for the science fair judging panel. The district coordinator asks for a quick decision because the room can only be used once that afternoon. One teacher chairs the science department and has years of experience judging projects, while the district coordinator is the person officially assigned to approve the room allocation and event order. Daniel must decide whether to keep the planned judging sequence or rearrange it. ",What should Daniel do?,"You serve as principal of a middle school, and a sudden schedule change has created a conflict for the science fair judging panel. The district coordinator asks for a quick decision because the room can only be used once that afternoon. One teacher chairs the science department and has years of experience judging projects, while the district coordinator is the person officially assigned to approve the room allocation and event order. You must decide whether to keep the planned judging sequence or rearrange it.",What should you do?,Keep the judging sequence set by the district coordinator and ask the staff to work within that order.,Rearrange the judging sequence to match the science department chair’s recommendation for evaluating the projects.,education/school administration,Choose whether to follow the district coordinator's order or the science expert's scheduling recommendation.,"The room is available for only one afternoon, so the judging order cannot be adjusted extensively without affecting the event.",This option gives priority to the district coordinator’s formal approval role and institutional authority over the schedule.,This option gives priority to the science department chair’s specialized knowledge about how the projects should be judged.
VP15,Authority: Positional Authority vs Expert Authority,03,"Elena is the manager of a neighborhood clinic, and she needs to assign the final triage slot for a walk-in patient before the doctor leaves for the day. The head nurse has years of experience with similar cases and says the patient should be seen immediately, but the clinic administrator is insisting on using the published triage order to preserve fairness. Elena can only move one patient into the final slot, because the doctor has time for a single additional visit. She has to decide whose guidance to follow.",What should Elena do?,"You are the manager of a neighborhood clinic, and you need to assign the final triage slot for a walk-in patient before the doctor leaves for the day. The head nurse has years of experience with similar cases and says the patient should be seen immediately, but the clinic administrator is insisting on using the published triage order to preserve fairness. You can only move one patient into the final slot, because the doctor has time for a single additional visit. You have to decide whose guidance to follow.",What should you do?,Assign the final slot according to the clinic administrator’s published triage order.,Assign the final slot according to the head nurse’s judgment about which patient should be seen immediately.,healthcare/clinic,Choose whether to follow the administrator's triage order or the nurse's clinical judgment for the final slot.,"The doctor can see only one additional patient, so Elena must choose between the formal process and the experienced nurse's assessment.",This option follows the directive tied to the administrator’s role in setting and enforcing the published order.,"This option follows the assessment of the head nurse, whose relevant experience gives her expert authority on the case."
VP15,Authority: Positional Authority vs Expert Authority,04,"Owen chairs a volunteer museum committee that must choose one of two overnight security procedures after a minor break-in. The board president wants the committee to use the established policy from the bylaws, while the museum’s security consultant argues that a different routine better fits the building’s current blind spots. The volunteer staff can train on only one procedure before the weekend event, so Owen cannot adopt both approaches. He has to choose which procedure to put in place.",What should Owen do?,"You chair a volunteer museum committee that must choose one of two overnight security procedures after a minor break-in. The board president wants the committee to use the established policy from the bylaws, while the museum’s security consultant argues that a different routine better fits the building’s current blind spots. The volunteer staff can train on only one procedure before the weekend event, so you cannot adopt both approaches. You have to choose which procedure to put in place.",What should you do?,Implement the overnight procedure required by the board president and keep to the bylaws.,Implement the overnight procedure recommended by the security consultant for the building’s current layout.,community organization/museum,Choose between the board president's bylaws-based procedure and the consultant's security recommendation.,"The volunteers have time to train on only one overnight routine before the event, making it impossible to fully satisfy both directives.",This option defers to the board president’s institutional role and the bylaws she oversees.,This option defers to the consultant’s specialized knowledge of the building’s security needs.
VP15,Authority: Positional Authority vs Expert Authority,05,"Priya leads a local sports club and must decide how to adjust practice after several athletes report fatigue before a tournament. The club president wants the standard schedule preserved because it was already approved for the season, but the team’s conditioning coach says the workload should be reduced based on training data and injury risk. There is only one practice session left before travel, so Priya cannot make multiple changes and test them separately. She must choose which guidance to follow for the last session.",What should Priya do?,"You lead a local sports club and must decide how to adjust practice after several athletes report fatigue before a tournament. The club president wants the standard schedule preserved because it was already approved for the season, but the team’s conditioning coach says the workload should be reduced based on training data and injury risk. There is only one practice session left before travel, so you cannot make multiple changes and test them separately. You must choose which guidance to follow for the last session.",What should you do?,Keep the approved practice schedule the club president set for the season.,Reduce the practice workload according to the conditioning coach’s recommendation based on training data.,recreation/sports club,Choose whether to keep the president-approved practice schedule or adopt the coach's data-driven adjustment.,"Only one practice remains before travel, so Priya cannot both preserve the approved plan and fully respond to the coach's analysis.","This option follows the club president’s approved schedule, emphasizing position-based authority.","This option follows the conditioning coach’s training-based judgment, emphasizing expertise."
VP15,Authority: Positional Authority vs Expert Authority,06,"Harriet runs a small architecture firm and must choose which design to present to a city client by the afternoon deadline. The firm partner wants the version that matches the client’s original brief exactly, while the senior structural engineer says a revised support plan is necessary because the first version leaves little margin in the foundation. There is time to prepare only one presentation package before the meeting, so Harriet cannot circulate both alternatives. She has to select one version to present.",What should Harriet do?,"You run a small architecture firm and must choose which design to present to a city client by the afternoon deadline. The firm partner wants the version that matches the client’s original brief exactly, while the senior structural engineer says a revised support plan is necessary because the first version leaves little margin in the foundation. There is time to prepare only one presentation package before the meeting, so you cannot circulate both alternatives. You have to select one version to present.",What should you do?,Present the version approved by the firm partner that matches the client’s original brief.,Present the revised version recommended by the senior structural engineer for the foundation support.,work/architecture,Choose which design version to bring to the client meeting.,"Only one presentation package can be prepared by the deadline, so Harriet must choose between the partner's preferred version and the engineer's revision.",This option prioritizes the firm partner’s role in approving the client-facing brief.,This option prioritizes the senior structural engineer’s technical judgment about the design.
VP15,Authority: Positional Authority vs Expert Authority,07,"Noah moderates a large online forum that is about to publish a rule update for handling spam posts. The site owner wants the text to follow the forum’s existing moderation policy, but a moderator who specializes in abuse detection argues that the new rule should be rewritten to address a pattern the policy misses. Noah can post only one update before the system locks the announcement thread for the day. He has to decide whose version to publish.",What should Noah do?,"You moderate a large online forum that is about to publish a rule update for handling spam posts. The site owner wants the text to follow the forum’s existing moderation policy, but a moderator who specializes in abuse detection argues that the new rule should be rewritten to address a pattern the policy misses. You can post only one update before the system locks the announcement thread for the day. You have to decide whose version to publish.",What should you do?,Publish the rule update in the form requested by the site owner and keep to the existing policy.,Publish the rule update in the form suggested by the abuse-detection moderator to address the missed pattern.,online community/moderation,Choose which spam rule update to publish.,"The announcement thread locks after one post, so Noah cannot iterate on both the owner’s policy and the specialist’s revision.",This option follows the site owner’s position over the moderation team’s technical suggestion.,This option follows the moderator’s specialized knowledge about abuse patterns.
VP15,Authority: Positional Authority vs Expert Authority,08,"Leah is the acting director of a public library branch, and she must decide which books to move to the front display before a month-long summer program begins. The county librarian asks her to use the standard rotation list so all branches stay consistent, while the children’s librarian says the display should be changed to match what local students have actually been checking out. Only one display case can be arranged before opening day, so Leah cannot rotate it twice. She has to pick one approach for the display.",What should Leah do?,"You are the acting director of a public library branch, and you must decide which books to move to the front display before a month-long summer program begins. The county librarian asks you to use the standard rotation list so all branches stay consistent, while the children’s librarian says the display should be changed to match what local students have actually been checking out. Only one display case can be arranged before opening day, so you cannot rotate it twice. You have to pick one approach for the display.",What should you do?,Arrange the front display according to the county librarian’s standard rotation list.,Arrange the front display according to the children’s librarian’s recommendation based on local borrowing patterns.,public service/library,Choose how to set the library display for the summer program.,"The display case can be arranged only once before opening day, so Leah must choose between standardized direction and local expertise.",This option defers to the county librarian’s institutional role in setting the standard rotation.,This option defers to the children’s librarian’s knowledge of local borrowing behavior.
VP15,Authority: Positional Authority vs Expert Authority,09,"Marcus supervises a city maintenance crew after a storm has weakened several streetlights near a transit stop. The transportation director wants the crew to follow the department’s priority list for repairs, but the electrical inspector says one specific pole should be addressed first because his tests show a failing connection. The crew has parts for only one immediate repair before the supply truck returns tomorrow. Marcus must choose which repair order to follow.",What should Marcus do?,"You supervise a city maintenance crew after a storm has weakened several streetlights near a transit stop. The transportation director wants the crew to follow the department’s priority list for repairs, but the electrical inspector says one specific pole should be addressed first because his tests show a failing connection. The crew has parts for only one immediate repair before the supply truck returns tomorrow. You must choose which repair order to follow.",What should you do?,Send the crew to the streetlight repair listed first by the transportation director’s priority list.,Send the crew to the pole identified first by the electrical inspector’s test results.,public services/maintenance,Choose which streetlight repair to authorize first after the storm.,"Parts are available for only one immediate repair, so Marcus cannot fully follow both the department list and the inspector’s findings.","This option follows the transportation director’s official repair ordering, emphasizing positional authority.","This option follows the electrical inspector’s test-based judgment, emphasizing expert authority."
VP15,Authority: Positional Authority vs Expert Authority,10,"Anita coordinates a food bank distribution and notices that the shelf-stable items for the afternoon shift are running low. The program administrator wants her to keep the posted allocation plan so each pickup line gets the same number of boxes, while the warehouse specialist says one line should receive the remaining canned meals because that line includes several families with larger household sizes. The staff can prepare only one loading pattern before the doors open, so Anita cannot re-sort the boxes later. She has to decide which plan to use.",What should Anita do?,"You coordinate a food bank distribution and notice that the shelf-stable items for the afternoon shift are running low. The program administrator wants you to keep the posted allocation plan so each pickup line gets the same number of boxes, while the warehouse specialist says one line should receive the remaining canned meals because that line includes several families with larger household sizes. The staff can prepare only one loading pattern before the doors open, so you cannot re-sort the boxes later. You have to decide which plan to use.",What should you do?,Use the posted allocation plan the program administrator set for equal distribution across the pickup lines.,Use the warehouse specialist’s allocation plan that directs the remaining canned meals to the larger households.,community service/food bank,Choose how to allocate the remaining boxes before distribution begins.,"The boxes can be loaded only once before opening, so Anita must choose between the administrator's posted plan and the specialist's household-based judgment.",This option prioritizes the program administrator’s role in setting and enforcing the posted allocation.,This option prioritizes the warehouse specialist’s knowledge of inventory and household needs.
VP15,Authority: Positional Authority vs Expert Authority,11,"Grace is the editor of a local history newsletter and must decide which of two submitted articles can be printed in the next issue. The publisher wants the article that fits the established editorial theme, while a guest historian argues that the other piece is more accurate because it uses newly verified records. There is room for only one feature article before the print deadline, so Grace cannot include both versions. She has to choose which manuscript will run.",What should Grace do?,"You are the editor of a local history newsletter and must decide which of two submitted articles can be printed in the next issue. The publisher wants the article that fits the established editorial theme, while a guest historian argues that the other piece is more accurate because it uses newly verified records. There is room for only one feature article before the print deadline, so you cannot include both versions. You have to choose which manuscript will run.",What should you do?,Print the article selected by the publisher because it fits the newsletter’s established editorial theme.,Print the article selected by the guest historian because it relies on newly verified records.,media/newsletter,Choose which article to publish in the next issue.,"Only one feature article can fit before the deadline, so Grace must choose between the publisher's thematic direction and the historian's research-based judgment.",This option follows the publisher’s editorial role and thematic authority.,This option follows the guest historian’s expert knowledge of the records.
VP15,Authority: Positional Authority vs Expert Authority,12,"Julian directs a family-owned restaurant and must decide whether to alter the dinner specials after a supplier sends a late delivery update. The owner wants the kitchen to keep the menu exactly as posted for consistency, while the head chef says one special should be changed because the missing ingredient will affect quality. Only one printed menu batch can be used for tonight’s service, so Julian cannot revise the whole set later. He has to choose which guidance to follow.",What should Julian do?,"You direct a family-owned restaurant and must decide whether to alter the dinner specials after a supplier sends a late delivery update. The owner wants the kitchen to keep the menu exactly as posted for consistency, while the head chef says one special should be changed because the missing ingredient will affect quality. Only one printed menu batch can be used for tonight’s service, so you cannot revise the whole set later. You have to choose which guidance to follow.",What should you do?,Keep tonight’s specials exactly as the owner approved on the printed menu.,Change the special recommended by the head chef to fit the available ingredients.,business/restaurant,Choose whether to keep the posted specials or change one based on the chef's advice.,"The printed menus can be used only as-is tonight, so Julian cannot fully satisfy both the owner's consistency request and the chef's quality concern.",This option gives priority to the owner’s formal control over the posted menu.,This option gives priority to the head chef’s expertise about ingredients and quality.
VP15,Authority: Positional Authority vs Expert Authority,13,"Renee manages a residential building and must decide how to respond to a resident report about a noisy air unit on the roof. The property owner wants her to follow the maintenance schedule already approved for the month, while the HVAC technician says the unit should be serviced sooner because he found a worn component during his inspection. The building has budget for only one unscheduled service call this week, so Renee cannot order two separate visits. She must choose which instruction to act on.",What should Renee do?,"You manage a residential building and must decide how to respond to a resident report about a noisy air unit on the roof. The property owner wants you to follow the maintenance schedule already approved for the month, while the HVAC technician says the unit should be serviced sooner because he found a worn component during his inspection. The building has budget for only one unscheduled service call this week, so you cannot order two separate visits. You must choose which instruction to act on.",What should you do?,Follow the maintenance schedule approved by the property owner and defer the service call.,Order the earlier service call recommended by the HVAC technician after his inspection.,property management,Choose whether to honor the approved maintenance schedule or the technician's inspection-based recommendation.,"Only one unscheduled service call fits the budget this week, forcing Renee to choose between the owner's schedule and the technician's expertise.",This option defers to the property owner’s formal authority over the maintenance schedule.,This option defers to the HVAC technician’s knowledge of the equipment problem.
VP15,Authority: Positional Authority vs Expert Authority,14,"Teresa is the organizer of a regional science festival and needs to decide which talk will receive the main auditorium slot after a presenter cancels. The festival chair wants the replacement chosen from the official speaker list, while a physics professor on the program committee says a different presenter is the strongest match for the audience because of their subject knowledge. The auditorium can host only one talk at that hour, and the schedule is already printed for the day. Teresa has to choose one speaker.",What should Teresa do?,"You are the organizer of a regional science festival and need to decide which talk will receive the main auditorium slot after a presenter cancels. The festival chair wants the replacement chosen from the official speaker list, while a physics professor on the program committee says a different presenter is the strongest match for the audience because of their subject knowledge. The auditorium can host only one talk at that hour, and the schedule is already printed for the day. You have to choose one speaker.",What should you do?,Assign the auditorium slot to the replacement chosen from the official speaker list by the festival chair.,Assign the auditorium slot to the presenter recommended by the physics professor for their subject knowledge.,event planning/festival,Choose who gets the main auditorium slot after a cancellation.,"The schedule is already printed and only one talk can fit the slot, so Teresa must choose between the chair's official list and the professor's expertise.",This option follows the festival chair’s position and the official speaker list.,This option follows the physics professor’s subject-based judgment about the best fit.
VP15,Authority: Positional Authority vs Expert Authority,15,"Evan runs a small publishing house and must decide whether to revise a manuscript before sending it to the printer. The publisher wants the text to remain aligned with the house style approved for the series, but the copy editor who specializes in the subject matter says a terminology change is needed for accuracy. The print slot is reserved for that evening, so Evan can make only one final pass through the file. He has to decide which direction to follow.",What should Evan do?,"You run a small publishing house and must decide whether to revise a manuscript before sending it to the printer. The publisher wants the text to remain aligned with the house style approved for the series, but the copy editor who specializes in the subject matter says a terminology change is needed for accuracy. The print slot is reserved for that evening, so you can make only one final pass through the file. You have to decide which direction to follow.",What should you do?,Send the manuscript to print in the form approved by the publisher for the series.,Revise the terminology according to the copy editor’s subject-matter recommendation before printing.,publishing,Choose whether to preserve the publisher-approved house style or apply the specialist copy editor's revision.,"The print slot is fixed for the evening, so Evan cannot keep revising and must choose one final version.",This option defers to the publisher’s formal role in approving the house style.,This option defers to the copy editor’s expertise in the subject matter.
VP15,Authority: Positional Authority vs Expert Authority,16,"Linda coordinates a public art installation and must decide how to mount a large sculpture before the weekend opening. The city arts commissioner wants the piece installed according to the original plan on file, while the structural engineer says the mounting should be shifted because wind exposure is stronger than expected at that corner. The crew has only one lift reservation for the morning, so Linda cannot test both placements. She has to choose which instruction to use.",What should Linda do?,"You coordinate a public art installation and must decide how to mount a large sculpture before the weekend opening. The city arts commissioner wants the piece installed according to the original plan on file, while the structural engineer says the mounting should be shifted because wind exposure is stronger than expected at that corner. The crew has only one lift reservation for the morning, so you cannot test both placements. You have to choose which instruction to use.",What should you do?,Mount the sculpture according to the original plan filed by the city arts commissioner.,Mount the sculpture according to the structural engineer’s revised placement for the wind conditions.,public arts,Choose how to mount the sculpture for the opening.,"Only one lift reservation is available, so Linda cannot carry out both the commissioner’s plan and the engineer’s revised placement.",This option follows the city arts commissioner’s official plan as the governing instruction.,This option follows the structural engineer’s technical judgment about wind exposure.
VP15,Authority: Positional Authority vs Expert Authority,17,"Ben is the coordinator for a large neighborhood repair day and must assign the last available volunteer crew to a house with a damaged porch railing. The neighborhood association president wants the crew sent according to the sign-up roster, while a carpenter volunteering on the project says the porch with the loose steps should be handled first because it presents the most urgent structural concern. There is only enough time for one crew before the trucks leave for the next site. Ben has to decide which assignment to make.",What should Ben do?,"You are the coordinator for a large neighborhood repair day and must assign the last available volunteer crew to a house with a damaged porch railing. The neighborhood association president wants the crew sent according to the sign-up roster, while a carpenter volunteering on the project says the porch with the loose steps should be handled first because it presents the most urgent structural concern. There is only enough time for one crew before the trucks leave for the next site. You have to decide which assignment to make.",What should you do?,Send the last crew according to the neighborhood association president’s sign-up roster.,Send the last crew to the porch identified by the carpenter as the most urgent structural concern.,community volunteering,Choose where to send the last available repair crew.,"Only one crew can be dispatched before the trucks leave, so Ben must choose between the roster and the carpenter’s assessment.",This option follows the association president’s formal role in managing the roster.,This option follows the carpenter’s expertise about which repair is most urgent.
VP15,Authority: Positional Authority vs Expert Authority,18,"Sofia oversees a university lab and must approve one of two protocols for a shared instrument that will be used in the morning. The lab director wants the team to follow the protocol already written into the lab manual, while the senior instrument specialist says a different sequence is needed because the current calibration has drifted. The only maintenance window ends before the first class arrives, so Sofia cannot run both protocols to compare them. She must choose which protocol the staff will use.",What should Sofia do?,"You oversee a university lab and must approve one of two protocols for a shared instrument that will be used in the morning. The lab director wants you to follow the protocol already written into the lab manual, while the senior instrument specialist says a different sequence is needed because the current calibration has drifted. The only maintenance window ends before the first class arrives, so you cannot run both protocols to compare them. You must choose which protocol the staff will use.",What should you do?,Use the protocol already written in the lab manual and approved by the lab director.,Use the revised sequence recommended by the senior instrument specialist for the current calibration.,education/university lab,Choose which instrument protocol to authorize for morning use.,"The maintenance window ends before class starts, so Sofia must choose between the manual and the specialist's revised sequence.",This option defers to the lab director’s formal approval and the written manual.,This option defers to the senior instrument specialist’s technical assessment of calibration drift.
VP15,Authority: Positional Authority vs Expert Authority,19,"Carla leads a nonprofit tutoring program and must decide how to spend the last open slot in an after-school group session. The executive director wants the group to follow the enrollment policy set at the start of the term, while a veteran tutor says the slot should go to a student who has fallen behind in math and could use immediate help. Only one student can be added before the session begins, and the room cannot accommodate more. Carla has to choose which guidance to follow.",What should Carla do?,"You lead a nonprofit tutoring program and must decide how to spend the last open slot in an after-school group session. The executive director wants the group to follow the enrollment policy set at the start of the term, while a veteran tutor says the slot should go to a student who has fallen behind in math and could use immediate help. Only one student can be added before the session begins, and the room cannot accommodate more. You have to choose which guidance to follow.",What should you do?,Fill the last slot according to the executive director’s enrollment policy for the term.,Fill the last slot according to the veteran tutor’s recommendation for the student who needs immediate help.,nonprofit education/tutoring,Choose who gets the final tutoring slot.,"Only one student can be added before the session begins, so Carla cannot satisfy both the enrollment policy and the tutor’s recommendation.",This option follows the executive director’s formal role in setting the enrollment policy.,This option follows the veteran tutor’s expertise about which student needs help most.
VP15,Authority: Positional Authority vs Expert Authority,20,"Nina is the coordinator for a town emergency drill and must choose which message to send to participating households when the drill starts. The town manager wants the notice to match the official script, while the emergency preparedness trainer says the wording should be simplified because several residents misunderstood the earlier draft during practice. The alert system allows only one broadcast message before it is locked for the hour, so Nina cannot send a second correction. She has to decide which message to release.",What should Nina do?,"You are the coordinator for a town emergency drill and must choose which message to send to participating households when the drill starts. The town manager wants the notice to match the official script, while the emergency preparedness trainer says the wording should be simplified because several residents misunderstood the earlier draft during practice. The alert system allows only one broadcast message before it is locked for the hour, so you cannot send a second correction. You have to decide which message to release.",What should you do?,Send the alert using the official script approved by the town manager.,Send the alert using the simplified wording recommended by the emergency preparedness trainer.,public services/emergency drill,Choose which drill message to broadcast to households.,"The alert system permits only one broadcast before locking, so Nina must choose between the official script and the trainer's simplified wording.",This option follows the town manager’s official role and the approved script.,This option follows the trainer’s expertise about how residents understand the message.
VP16,Tradition: Fidelity to Form vs Fidelity to Spirit,01,"Maria runs the annual opening ceremony for her town's harvest fair, a role she inherited from the community council. This year, the original wooden platform is unavailable because it is being repaired, and she must decide how to hold the opening with only the temporary stage and a short setup window. Some council members want the ceremony arranged exactly as it has been for decades, including the same sequence of speaking positions and processional spacing. Others think the fair's welcoming purpose can be preserved even if the stage layout and order are adjusted.",What should Maria do?,"You run the annual opening ceremony for your town's harvest fair, a role you inherited from the community council. This year, the original wooden platform is unavailable because it is being repaired, and you must decide how to hold the opening with only the temporary stage and a short setup window. Some council members want the ceremony arranged exactly as it has been for decades, including the same sequence of speaking positions and processional spacing. Others think the fair's welcoming purpose can be preserved even if the stage layout and order are adjusted.",What should you do?,"Keep the opening ceremony in the traditional sequence and speaking order, even if the temporary stage must be used awkwardly.",Adjust the stage layout and order as needed so the opening still feels like a welcoming start to the fair.,community event,Maria must decide whether to preserve the ceremony's exact format or adapt it to the temporary stage.,The repaired platform and limited setup time make it hard to keep the ceremony identical while also fitting the current space.,"This option prioritizes keeping the established sequence and form unchanged, even under awkward conditions.",This option prioritizes preserving the ceremony's welcoming purpose while allowing changes to the outward format.
VP16,Tradition: Fidelity to Form vs Fidelity to Spirit,02,"Ethan teaches a neighborhood youth drumming class that closes every semester with the same short performance and call-and-response pattern. The usual drum set is unavailable because the room is being repainted, and he has only hand drums and one rehearsal left before the recital. Several parents expect the familiar performance exactly as they have seen it before. Ethan also wants the students to keep the class's original purpose of listening closely and playing together, even if the performance has to be rearranged.",What should Ethan do?,"You teach a neighborhood youth drumming class that closes every semester with the same short performance and call-and-response pattern. The usual drum set is unavailable because the room is being repainted, and you have only hand drums and one rehearsal left before the recital. Several parents expect the familiar performance exactly as they have seen it before. You also want the students to keep the class's original purpose of listening closely and playing together, even if the performance has to be rearranged.",What should you do?,"Keep the recital performance in the familiar pattern and order, using the hand drums to match the usual form as closely as possible.",Revise the recital performance around the hand drums so the students still practice listening closely and playing together.,education,Ethan must choose between preserving the recital's established pattern or adapting it to the available instruments.,The missing drum set and single rehearsal leave little time to preserve the exact arrangement while also fitting the new setup.,This option emphasizes maintaining the familiar performance pattern and order as closely as possible.,This option emphasizes keeping the class's purpose intact even if the recital's outward pattern changes.
VP16,Tradition: Fidelity to Form vs Fidelity to Spirit,03,"Nadia manages a small family bakery that still uses her grandmother's handwritten ledger for the weekly bread count. The ledger is nearly full, and the shop has only one quiet afternoon to prepare before the next market day. Her uncle wants her to copy the old page layout exactly because regular customers know it well. Nadia also knows the bakery's original aim was to keep a careful, honest record of what was baked and sold, even if the record book itself changes.",What should Nadia do?,"You manage a small family bakery that still uses your grandmother's handwritten ledger for the weekly bread count. The ledger is nearly full, and the shop has only one quiet afternoon to prepare before the next market day. Your uncle wants you to copy the old page layout exactly because regular customers know it well. You also know the bakery's original aim was to keep a careful, honest record of what was baked and sold, even if the record book itself changes.",What should you do?,"Continue the ledger with the same page layout and entries, even if that means squeezing the new week into the remaining space.",Move the records into a new format that keeps the bakery's careful tracking accurate and clear.,family business,Nadia must decide whether to preserve the ledger's exact format or move to a new record-keeping layout.,"The ledger is nearly full, so keeping the old format competes with the need for a workable record before market day.",This option prioritizes keeping the handwritten layout and entries exactly as they have been used.,This option prioritizes the bakery's record-keeping purpose even if the format changes.
VP16,Tradition: Fidelity to Form vs Fidelity to Spirit,04,"Priya chairs a local history society that opens each year with a candlelight reading of the same passage from its founding charter. The group has only a short meeting hall booking this year, and the candles cannot be used there because of the venue's rules. Several longtime members want the reading placed in its original spot and performed with the same pauses and responses. Priya also wants the opening to continue conveying the society's founding ideals, even if the lighting and presentation need to change.",What should Priya do?,"You chair a local history society that opens each year with a candlelight reading of the same passage from its founding charter. The group has only a short meeting hall booking this year, and the candles cannot be used there because of the venue's rules. Several longtime members want the reading placed in its original spot and performed with the same pauses and responses. You also want the opening to continue conveying the society's founding ideals, even if the lighting and presentation need to change.",What should you do?,"Hold the reading in the usual place and with the usual pauses, leaving the lighting arrangement as close to the old one as possible.",Relocate and re-stage the reading so the society's founding ideals remain clear within the hall's limits.,community organization,Priya must choose between preserving a ceremonial reading's exact presentation or adapting it to venue limits.,The hall rules and short booking prevent the original candlelight setup from being used as before.,This option stresses keeping the reading's established placement and cadence intact.,This option stresses keeping the founding ideals visible even if the presentation must change.
VP16,Tradition: Fidelity to Form vs Fidelity to Spirit,05,"Alex oversees the annual alumni match for a rowing club that begins with the same boat lineup and shoreline salute every year. A sudden repair leaves only one boat available for a smaller launch area, and the team has a brief window before the tide changes. Older rowers argue that the match should start exactly as it has in the past. Alex also knows the club's purpose is to bring members together in a shared start to the season, even if the launch method is altered.",What should Alex do?,"You oversee the annual alumni match for a rowing club that begins with the same boat lineup and shoreline salute every year. A sudden repair leaves only one boat available for a smaller launch area, and the team has a brief window before the tide changes. Older rowers argue that the match should start exactly as it has in the past. You also know the club's purpose is to bring members together in a shared start to the season, even if the launch method is altered.",What should you do?,"Keep the match launch arranged around the usual boat lineup and shoreline salute, even if the setup is cramped.",Change the launch arrangement so the match still serves as a shared start to the season.,recreation,Alex must decide whether to keep the rowing match's traditional launch form or adapt it to the repaired boat and tide.,The repair and tide window make it impossible to stage the launch exactly as usual without adjustment.,This option prioritizes preserving the familiar lineup and salute in their original form.,This option prioritizes the season-opening purpose of the match over the old launch arrangement.
VP16,Tradition: Fidelity to Form vs Fidelity to Spirit,06,"Mei moderates a long-running online book forum where monthly prompts have always been posted in the same template with the same headings. The forum software will be updated tonight, and she only has time to prepare one final post before access is limited for several hours. Some members want the post to look exactly like the old template so the archive stays consistent. Mei also wants the discussion to keep its original aim of helping readers reflect on the books, even if the post layout changes.",What should Mei do?,"You moderate a long-running online book forum where monthly prompts have always been posted in the same template with the same headings. The forum software will be updated tonight, and you only have time to prepare one final post before access is limited for several hours. Some members want the post to look exactly like the old template so the archive stays consistent. You also want the discussion to keep its original aim of helping readers reflect on the books, even if the post layout changes.",What should you do?,Post the monthly prompt in the old template and headings so the archive matches previous months.,Post the monthly prompt in a new layout that still guides members toward the same discussion purpose.,online community,Mei must choose between using the forum's old post template or adopting a new one for the monthly prompt.,The software update and limited access time make it difficult to preserve the exact format while preparing the prompt.,This option emphasizes keeping the established template and headings unchanged.,This option emphasizes preserving the forum's discussion purpose even if the layout changes.
VP16,Tradition: Fidelity to Form vs Fidelity to Spirit,07,"Carlos manages a public library's weekly storytelling hour, which always ends with the same closing song and finger motions. The library has moved the program into a smaller room because the children's wing is being renovated, and only a few chairs fit near the front. Parents who attend regularly like the event to follow the familiar sequence. Carlos also wants the session to keep its calm, shared ending, even if the room layout forces a different arrangement.",What should Carlos do?,"You manage a public library's weekly storytelling hour, which always ends with the same closing song and finger motions. The library has moved the program into a smaller room because the children's wing is being renovated, and only a few chairs fit near the front. Parents who attend regularly like the event to follow the familiar sequence. You also want the session to keep its calm, shared ending, even if the room layout forces a different arrangement.",What should you do?,"Keep the storytelling hour's closing song and motions in the same sequence, even if the smaller room makes the setup tight.","Rearrange the closing so the storytelling hour still ends with a calm, shared moment in the new room.",public service,Carlos must choose between preserving the storytelling hour's fixed ending or adapting it to the smaller room.,"The renovation has reduced space, so the old arrangement competes with the practical limits of the new room.",This option prioritizes keeping the closing song and motions in their usual sequence and form.,This option prioritizes the session's shared calm ending despite changes in room layout.
VP16,Tradition: Fidelity to Form vs Fidelity to Spirit,08,"Hannah leads a school orchestra's end-of-term assembly performance, and the program has always opened with the same fanfare and seating pattern. The music room's chairs are being stored for floor repairs, so she has only the stage risers and a short rehearsal period left. Some teachers ask for the assembly to look exactly like previous years because students recognize the opening. Hannah also wants the performance to still introduce the year's work with the same ceremonial purpose, even if the arrangement changes.",What should Hannah do?,"You lead a school orchestra's end-of-term assembly performance, and the program has always opened with the same fanfare and seating pattern. The music room's chairs are being stored for floor repairs, so you have only the stage risers and a short rehearsal period left. Some teachers ask for the assembly to look exactly like previous years because students recognize the opening. You also want the performance to still introduce the year's work with the same ceremonial purpose, even if the arrangement changes.",What should you do?,"Use the familiar fanfare and seating pattern for the assembly opening, even if the stage is arranged less comfortably.",Reshape the opening around the available risers so the assembly still serves as the year's formal introduction.,education,Hannah must decide whether to keep the orchestra assembly's traditional opening form or adjust it to the repaired room.,The stored chairs and short rehearsal limit how exactly the opening can match prior years.,This option preserves the fanfare and seating pattern in their established form.,This option preserves the formal introductory purpose while allowing a new arrangement.
VP16,Tradition: Fidelity to Form vs Fidelity to Spirit,09,"Dmitri heads a neighborhood chess club that begins each tournament with the same round of introductions and board setup. The club can only use the room for one hour this Saturday because another group booked the hall afterward, and the setup has to be done quickly. Veteran members want the opening to follow the exact familiar order. Dmitri also wants the tournament to keep its role as a respectful start to play, even if the opening has to be shortened or rearranged.",What should Dmitri do?,"You head a neighborhood chess club that begins each tournament with the same round of introductions and board setup. The club can only use the room for one hour this Saturday because another group booked the hall afterward, and the setup has to be done quickly. Veteran members want the opening to follow the exact familiar order. You also want the tournament to keep its role as a respectful start to play, even if the opening has to be shortened or rearranged.",What should you do?,"Keep the tournament opening in the familiar order of introductions and board setup, even if the hour feels rushed.",Shorten and rearrange the opening so the tournament still begins with a respectful shared start.,community organization,Dmitri must choose whether the chess club tournament opens in its usual order or in a revised one.,The one-hour booking creates a time constraint that makes the exact traditional opening hard to fit.,This option emphasizes preserving the opening's exact order and setup.,This option emphasizes preserving the respectful start to play even if the order changes.
VP16,Tradition: Fidelity to Form vs Fidelity to Spirit,10,"Lena organizes a small museum's annual lantern walk, which has always followed the same route and pause points. A section of the path is blocked for maintenance, and the remaining route can only be completed before dusk if the group keeps moving. Longtime volunteers want the walk mapped exactly as before. Lena also wants visitors to experience the walk's reflective purpose, even if the route and pauses need to shift.",What should Lena do?,"You organize a small museum's annual lantern walk, which has always followed the same route and pause points. A section of the path is blocked for maintenance, and the remaining route can only be completed before dusk if the group keeps moving. Longtime volunteers want the walk mapped exactly as before. You also want visitors to experience the walk's reflective purpose, even if the route and pauses need to shift.",What should you do?,Keep the lantern walk on the usual route and pause points as long as the group can still make the path work.,Reroute the lantern walk so visitors still get the same reflective experience before dusk.,cultural event,Lena must choose between preserving the lantern walk's exact route or adapting it to the maintenance block.,The blocked path and dusk deadline force a choice between the familiar route and a workable pace.,This option prioritizes keeping the established route and pause points unchanged.,This option prioritizes the walk's reflective experience even with a new route.
VP16,Tradition: Fidelity to Form vs Fidelity to Spirit,11,"Tom coordinates a volunteer fire department's annual badge-pinning for new recruits, a ceremony that has long used the same oath and placement order. The hall is available only for a brief evening slot, and the recruits must leave immediately afterward for equipment training. Several senior volunteers want the ceremony to remain exactly as written on the department program. Tom also wants the oath's original meaning to carry through, even if the placement and timing have to be adjusted.",What should Tom do?,"You coordinate a volunteer fire department's annual badge-pinning for new recruits, a ceremony that has long used the same oath and placement order. The hall is available only for a brief evening slot, and the recruits must leave immediately afterward for equipment training. Several senior volunteers want the ceremony to remain exactly as written on the department program. You also want the oath's original meaning to carry through, even if the placement and timing have to be adjusted.",What should you do?,Run the badge-pinning in the exact oath and placement order listed on the department program.,Adjust the ceremony's timing and placement so the oath still carries the same meaning for the recruits.,public service,Tom must decide whether to preserve the department ceremony's written form or adapt it to the brief hall booking.,The short evening slot and training schedule leave little room for the ceremony's full traditional sequence.,This option stresses keeping the oath and placement order exactly as written.,This option stresses preserving the oath's meaning despite changes in timing and placement.
VP16,Tradition: Fidelity to Form vs Fidelity to Spirit,12,"Sofia leads a neighborhood garden club that starts every spring planting day with the same tool handoff and short spoken blessing. The club's shed was damaged in a storm, so the group must work from portable bins and finish before afternoon rain. Some members want the opening to stay exactly the same because it marks the season for them. Sofia also wants the planting day to keep its shared focus on beginning the season together, even if the opening changes.",What should Sofia do?,"You lead a neighborhood garden club that starts every spring planting day with the same tool handoff and short spoken blessing. The club's shed was damaged in a storm, so the group must work from portable bins and finish before afternoon rain. Some members want the opening to stay exactly the same because it marks the season for them. You also want the planting day to keep its shared focus on beginning the season together, even if the opening changes.",What should you do?,"Keep the planting day opening with the same tool handoff and spoken blessing, even if the setup has to be improvised.",Revise the opening so the group still begins the planting season together and on time.,community organization,Sofia must choose whether to preserve the garden club's exact planting-day opening or adapt it to storm damage.,The damaged shed and approaching rain make it hard to keep the old opening while starting work promptly.,This option prioritizes preserving the familiar tool handoff and blessing as they have always been done.,This option prioritizes the shared seasonal start even if the opening form changes.
VP16,Tradition: Fidelity to Form vs Fidelity to Spirit,13,"Jonah manages a regional folk dance group that performs the same entrance pattern at every summer festival. The stage this year is narrower than usual, and the group only has one technical rehearsal before opening night. Several dancers want the entrance spaced exactly as it has always been. Jonah also wants the group to keep presenting its welcoming spirit to the audience, even if the stage pattern has to be altered.",What should Jonah do?,"You manage a regional folk dance group that performs the same entrance pattern at every summer festival. The stage this year is narrower than usual, and the group only has one technical rehearsal before opening night. Several dancers want the entrance spaced exactly as it has always been. You also want the group to keep presenting its welcoming spirit to the audience, even if the stage pattern has to be altered.",What should you do?,Keep the entrance pattern spaced exactly as it has been in past festival performances.,Alter the entrance pattern so the performance still feels welcoming on the narrower stage.,recreation,Jonah must decide whether the folk dance keeps its exact entrance pattern or adapts to the narrower stage.,The smaller stage and single rehearsal create a practical limit on reproducing the old formation.,This option emphasizes preserving the entrance pattern exactly as performed in the past.,This option emphasizes preserving the welcoming spirit despite a changed formation.
VP16,Tradition: Fidelity to Form vs Fidelity to Spirit,14,"Rosa edits a fan newsletter for a theater troupe that has always opened with the same heading and editor's note. The printing deadline moved up after a delivery delay, and she has only enough time to finalize one issue tonight. Longtime readers prefer the old layout because they recognize it immediately. Rosa also wants the newsletter to keep supporting the troupe's original purpose of connecting members and audiences, even if the front page must be redesigned.",What should Rosa do?,"You edit a fan newsletter for a theater troupe that has always opened with the same heading and editor's note. The printing deadline moved up after a delivery delay, and you have only enough time to finalize one issue tonight. Longtime readers prefer the old layout because they recognize it immediately. You also want the newsletter to keep supporting the troupe's original purpose of connecting members and audiences, even if the front page must be redesigned.",What should you do?,"Preserve the newsletter's usual heading and editor's note, even if the rest of the issue has to be rushed.",Redesign the front page so the newsletter still connects members and audiences clearly.,arts organization,Rosa must choose between keeping the newsletter's standard opening or redesigning it under a tighter deadline.,The moved-up deadline leaves little time to preserve the exact front-page format and still finish the issue.,This option prioritizes the established heading and editor's note as they have always appeared.,This option prioritizes the newsletter's connecting purpose over the old front-page layout.
VP16,Tradition: Fidelity to Form vs Fidelity to Spirit,15,"Felix supervises a city shelter's winter meal line, which traditionally begins with the same volunteer greeting and serving order. The shelter has fewer volunteers than usual tonight because of illness, and the line must move quickly before closing time. Some regulars value the familiar greeting and order. Felix also wants the meal line to keep its role as a calm and orderly welcome, even if the process has to be rearranged.",What should Felix do?,"You supervise a city shelter's winter meal line, which traditionally begins with the same volunteer greeting and serving order. The shelter has fewer volunteers than usual tonight because of illness, and the line must move quickly before closing time. Some regulars value the familiar greeting and order. You also want the meal line to keep its role as a calm and orderly welcome, even if the process has to be rearranged.",What should you do?,"Keep the volunteer greeting and serving order the same as usual, even if the line moves more slowly.",Rearrange the greeting and serving order so the meal line still feels calm and orderly.,public service,Felix must decide whether to preserve the shelter meal line's exact routine or adapt it to fewer volunteers.,"Illness has reduced staffing, so maintaining the old order competes with the need to keep the line moving.",This option stresses keeping the established greeting and serving order unchanged.,"This option stresses preserving the calm, orderly role of the meal line despite a new process."
VP16,Tradition: Fidelity to Form vs Fidelity to Spirit,16,"Anika coordinates a university debate society that opens each term with the same formal roll call and seating arrangement. The society has only one meeting room this week because the main hall is being used for exams, and the room's layout is not the usual one. Senior members want the first meeting to match the old format exactly. Anika also wants the society to begin the term with the same sense of disciplined discussion, even if the seating and roll call need to be altered.",What should Anika do?,"You coordinate a university debate society that opens each term with the same formal roll call and seating arrangement. The society has only one meeting room this week because the main hall is being used for exams, and the room's layout is not the usual one. Senior members want the first meeting to match the old format exactly. You also want the society to begin the term with the same sense of disciplined discussion, even if the seating and roll call need to be altered.",What should you do?,"Hold the first meeting with the same roll call and seating arrangement, even if the room feels cramped.",Alter the roll call and seating so the term still begins with disciplined discussion.,education,Anika must choose whether to preserve the debate society's formal opening or adapt it to the only available room.,The exam schedule has forced the society into a room that does not fit the usual arrangement.,This option prioritizes the exact roll call and seating arrangement used before.,This option prioritizes the disciplined discussion purpose over the old arrangement.
VP16,Tradition: Fidelity to Form vs Fidelity to Spirit,17,"Marco leads a sailing club's annual flag ceremony, which has always used the same dock position and salute timing. A storm advisory has closed the main dock, and the ceremony must happen at a smaller pier before boats depart. Club elders want the ceremony placed exactly as the bylaws describe it. Marco also wants the start of the season to keep its shared meaning for the members, even if the ceremony's position and timing change.",What should Marco do?,"You lead a sailing club's annual flag ceremony, which has always used the same dock position and salute timing. A storm advisory has closed the main dock, and the ceremony must happen at a smaller pier before boats depart. Club elders want the ceremony placed exactly as the bylaws describe it. You also want the start of the season to keep its shared meaning for the members, even if the ceremony's position and timing change.",What should you do?,"Place the flag ceremony in the dock position and salute timing described by the bylaws, even if the pier is crowded.",Move and retime the ceremony so the season still begins with the same shared meaning.,recreation,Marco must decide whether the sailing club keeps its exact flag ceremony form or adapts to the storm advisory.,The closed dock and smaller pier make the bylaw version difficult to carry out as written.,This option emphasizes following the documented position and salute timing exactly.,This option emphasizes the ceremony's shared meaning even if its outward form changes.
VP16,Tradition: Fidelity to Form vs Fidelity to Spirit,18,"Tessa manages a heritage choir that sings the same processional chant before every winter concert. The church where they rehearse has only two remaining practice dates, and one of them is shortened because of a service. Several singers want the chant to stay exactly the same, including the old harmonies and pause points. Tessa also wants the concert to open with the same sense of solemn preparation, even if the chant has to be adapted.",What should Tessa do?,"You manage a heritage choir that sings the same processional chant before every winter concert. The church where they rehearse has only two remaining practice dates, and one of them is shortened because of a service. Several singers want the chant to stay exactly the same, including the old harmonies and pause points. You also want the concert to open with the same sense of solemn preparation, even if the chant has to be adapted.",What should you do?,Keep the processional chant in the same harmonies and pause points used in earlier concerts.,Adapt the chant so the concert still opens with a solemn sense of preparation.,arts organization,Tessa must choose between preserving the choir chant's exact musical form or adapting it to limited rehearsal time.,The shortened rehearsal schedule makes it hard to keep the chant unchanged and still prepare it well.,This option prioritizes the old harmonies and pause points as they were originally used.,This option prioritizes the solemn purpose of the opening over the old musical form.
VP16,Tradition: Fidelity to Form vs Fidelity to Spirit,19,"Olivia coordinates a neighborhood repair collective that begins every workshop with the same tool check and spoken reminder. The storage room has been rearranged after flooding, and the group has only a few minutes before the first residents arrive for help. Some longtime volunteers want the opening to match the old checklist exactly. Olivia also wants the workshop to keep its practical spirit of starting together and helping efficiently, even if the opening sequence must change.",What should Olivia do?,"You coordinate a neighborhood repair collective that begins every workshop with the same tool check and spoken reminder. The storage room has been rearranged after flooding, and you have only a few minutes before the first residents arrive for help. Some longtime volunteers want the opening to match the old checklist exactly. You also want the workshop to keep its practical spirit of starting together and helping efficiently, even if the opening sequence must change.",What should you do?,Keep the workshop opening with the same tool check and spoken reminder used before the flooding.,Change the opening sequence so the group still starts together and helps efficiently.,community organization,Olivia must decide whether to keep the repair collective's exact workshop opening or adapt it after flooding.,The flooded storage room and arriving residents create a time and setup constraint.,This option prioritizes the existing checklist and spoken reminder exactly as before.,This option prioritizes the workshop's practical purpose over the original sequence.
VP16,Tradition: Fidelity to Form vs Fidelity to Spirit,20,"Ben runs a small cultural podcast that opens each season with the same theme music and host introduction. The recording studio has been downgraded for repairs, and he has one session left before the upload deadline. Loyal listeners like the familiar opening, and Ben does not want to lose what has made the show recognizable. He also wants the season to keep its original purpose of presenting the culture clearly, even if the opening audio and introduction need to be revised.",What should Ben do?,"You run a small cultural podcast that opens each season with the same theme music and host introduction. The recording studio has been downgraded for repairs, and you have one session left before the upload deadline. Loyal listeners like the familiar opening, and you do not want to lose what has made the show recognizable. You also want the season to keep its original purpose of presenting the culture clearly, even if the opening audio and introduction need to be revised.",What should you do?,"Use the same theme music and host introduction for the new season, even if the recording quality is modest.",Revise the opening audio and introduction so the season still presents the culture clearly.,online media,Ben must choose between preserving the podcast's standard opening or revising it under studio and deadline constraints.,The repaired studio and single session make it difficult to keep the opening exactly the same and still finish on time.,This option prioritizes the familiar theme music and introduction in their established form.,This option prioritizes the podcast's cultural presentation purpose over the original opening audio.
VP17,Care: Comfort vs Protection,01,"Maya is the floor nurse on a medical ward and is checking on Mr. Alvarez, who has been having trouble sleeping after surgery. He asks for the bed alarm to be turned off because it startles him and keeps him awake, and he says the beeping makes him feel worse. Maya also knows that he has tried to get up alone twice that evening and is still unsteady on his feet. The unit is short-staffed, so she cannot stay in his room continuously while also covering the rest of the hall.",What should Maya do?,"You are the floor nurse on a medical ward and are checking on Mr. Alvarez, who has been having trouble sleeping after surgery. He asks for the bed alarm to be turned off because it startles him and keeps him awake, and he says the beeping makes him feel worse. You also know that he has tried to get up alone twice that evening and is still unsteady on his feet. The unit is short-staffed, so you cannot stay in his room continuously while also covering the rest of the hall.",What should you do?,Turn off the bed alarm for the night and check on him more often to reduce his discomfort.,Keep the bed alarm on and explain that it is needed to reduce the chance of a fall.,hospital ward,The nurse must decide whether to remove a noisy precaution or keep it in place for safety.,"The alarm disturbs sleep, but turning it off increases the risk of an unassisted fall when staffing is limited.",This option prioritizes reducing immediate discomfort and sleep disruption by removing the alarm.,This option prioritizes longer-term safety by keeping the alarm active despite the present annoyance.
VP17,Care: Comfort vs Protection,02,"Noah coaches a youth climbing team and is preparing Priya for her first outdoor route of the season. Priya says she has a blistering tightness in her shoes and asks to use the softer pair she wore in the gym, because they will feel much better on the wall. Noah sees that the softer pair has worn soles and less ankle support, and the team is about to climb a longer route with uneven footholds. He has only a few minutes before the group starts, so he has to decide without much time to spare.",What should Noah do?,"You coach a youth climbing team and are preparing Priya for her first outdoor route of the season. Priya says she has a blistering tightness in her shoes and asks to use the softer pair she wore in the gym, because they will feel much better on the wall. You see that the softer pair has worn soles and less ankle support, and the team is about to climb a longer route with uneven footholds. You have only a few minutes before the group starts, so you have to decide without much time to spare.",What should you do?,Let Priya use the softer shoes for this climb and adjust the route briefing to reduce discomfort.,Require Priya to use the stiffer shoes and explain that they are safer for the outdoor route.,sports coaching,The coach must choose between a more comfortable shoe and a safer shoe for climbing.,"The comfortable pair fits better now, but the safer pair is better suited to prevent injury on the route.",This option emphasizes easing present pain and pressure from the shoes.,This option emphasizes protecting safety during the climb even if the shoes feel uncomfortable.
VP17,Care: Comfort vs Protection,03,"Elena manages a small daycare classroom and notices that one child, Sam, is upset by the loud fire drill scheduled for that afternoon. Sam has been asking whether he can sit out in the hallway because the alarm sound makes him cover his ears and cry. Elena also knows that the drill is required for the room’s emergency practice and that Sam needs to learn the routine in case of a real evacuation. She has a limited substitute helper, so spending extra time with Sam will take attention away from the rest of the class.",What should Elena do?,"You manage a small daycare classroom and notice that one child, Sam, is upset by the loud fire drill scheduled for that afternoon. Sam has been asking whether he can sit out in the hallway because the alarm sound makes him cover his ears and cry. You also know that the drill is required for the room’s emergency practice and that Sam needs to learn the routine in case of a real evacuation. You have a limited substitute helper, so spending extra time with Sam will take attention away from the rest of the class.",What should you do?,Let Sam wait in the hallway during the drill and help him settle afterward.,Have Sam join the drill with the class so he learns the evacuation routine.,daycare classroom,The teacher must decide whether to spare a child the distress of a drill or include him for preparedness.,"Skipping the drill is less upsetting now, but participating helps the child learn how to respond in an emergency.",This option prioritizes reducing immediate distress from the loud alarm.,This option prioritizes long-term safety by ensuring the child learns the emergency routine.
VP17,Care: Comfort vs Protection,04,"Jonas runs a small neighborhood food pantry and is sorting the last boxes of donated groceries before opening. One regular client, Mrs. Chen, asks for the freshest bread and the mild soup because her stomach has been sensitive lately and she says the older items are harder for her to eat today. Jonas also knows that several families with young children will arrive later, and the pantry’s policy is to keep the freshest items for people with medical or dietary needs who may come after the first rush. He has only a small amount of stock, so whatever he gives out now cannot be replaced until the next donation truck arrives.",What should Jonas do?,"You run a small neighborhood food pantry and are sorting the last boxes of donated groceries before opening. One regular client, Mrs. Chen, asks for the freshest bread and the mild soup because her stomach has been sensitive lately and she says the older items are harder for her to eat today. You also know that several families with young children will arrive later, and the pantry’s policy is to keep the freshest items for people with medical or dietary needs who may come after the first rush. You have only a small amount of stock, so whatever you give out now cannot be replaced until the next donation truck arrives.",What should you do?,Give Mrs. Chen the freshest bread and mild soup so she can eat comfortably today.,Reserve the freshest items for later arrivals and offer Mrs. Chen the older stock first.,food pantry,The pantry manager must decide whether to help one client feel better now or preserve better items for later needs.,"The freshest food would ease current discomfort, but saving it may better protect others with future needs.",This option prioritizes reducing present discomfort in eating.,This option prioritizes protecting future welfare by reserving the better stock.
VP17,Care: Comfort vs Protection,05,"Tara is a middle-school math teacher who is proctoring a quiz for a student, Ben, whose hearing aid battery died that morning. Ben asks to sit near the hallway door so the room will feel less cramped and the quiz will be quieter, since the usual desk arrangement makes him tense. Tara knows that Ben also has a habit of glancing at nearby papers when he is placed away from the front, and the quiz covers material needed for the next unit. She has one remaining seat near her desk, but moving Ben there would put him closer to classmates and may be more stressful for him right now.",What should Tara do?,"You are a middle-school math teacher who is proctoring a quiz for a student, Ben, whose hearing aid battery died that morning. Ben asks to sit near the hallway door so the room will feel less cramped and the quiz will be quieter, since the usual desk arrangement makes him tense. You know that Ben also has a habit of glancing at nearby papers when he is placed away from the front, and the quiz covers material needed for the next unit. You have one remaining seat near your desk, but moving Ben there would put him closer to classmates and may be more stressful for him right now.",What should you do?,Seat Ben near the hallway door and let him finish the quiz in the quieter spot.,Seat Ben near your desk so you can monitor the quiz and protect its integrity.,school classroom,The teacher must choose between a more comfortable testing location and a more supervised one.,"A quieter seat may ease the student’s stress, but closer monitoring better protects the student’s and class’s longer-term academic fairness.",This option prioritizes reducing immediate discomfort during the quiz.,This option prioritizes protecting long-term fairness and proper oversight.
VP17,Care: Comfort vs Protection,06,"Daniel coordinates a community swim class for older adults and sees that one participant, Rosa, is hesitating because the pool water feels cold today. Rosa asks whether she can skip the deeper end and stay in the warm shallow lane, since the cooler water makes her joints ache. Daniel also knows that the class includes a required practice for entering and exiting deeper water safely, and Rosa has mentioned wanting to swim laps independently later in the season. The lane schedule is full, so he cannot extend the lesson enough to cover everything twice.",What should Daniel do?,"You coordinate a community swim class for older adults and see that one participant, Rosa, is hesitating because the pool water feels cold today. Rosa asks whether she can skip the deeper end and stay in the warm shallow lane, since the cooler water makes her joints ache. You also know that the class includes a required practice for entering and exiting deeper water safely, and Rosa has mentioned wanting to swim laps independently later in the season. The lane schedule is full, so you cannot extend the lesson enough to cover everything twice.",What should you do?,Let Rosa stay in the shallow lane for this session and avoid the colder deeper water.,Ask Rosa to practice the deeper-water drills so she can build safer swimming skills.,community recreation,The instructor must choose between sparing a participant from discomfort and having her practice a useful safety skill.,"The warm shallow lane is easier on her joints, but the deeper-water practice supports future independent safety.",This option prioritizes reducing present physical discomfort.,This option prioritizes building long-term safety and capability.
VP17,Care: Comfort vs Protection,07,"Iris moderates an online support forum for people recovering from injuries and is reviewing a post from a member named Leo. Leo wants to share that he has not been sleeping well and asks whether the group can ignore the usual reminder about reporting pain levels, because the check-in form makes him feel anxious. Iris also knows that several members have recently missed signs of worsening symptoms and that the forum uses the reminders to encourage people to seek medical help when needed. She has only a short window before the daily discussion closes, so she must decide whether to keep the reminder in place or make the thread feel easier to use.",What should Iris do?,"You moderate an online support forum for people recovering from injuries and are reviewing a post from a member named Leo. Leo wants to share that he has not been sleeping well and asks whether the group can ignore the usual reminder about reporting pain levels, because the check-in form makes him feel anxious. You also know that several members have recently missed signs of worsening symptoms and that the forum uses the reminders to encourage people to seek medical help when needed. You have only a short window before the daily discussion closes, so you must decide whether to keep the reminder in place or make the thread feel easier to use.",What should you do?,Remove the pain-level reminder from Leo’s post and keep the discussion as easy as possible.,Keep the reminder in place so members continue to watch for worsening symptoms.,online community,The moderator must choose between reducing anxiety in the forum and preserving a prompt that supports health monitoring.,"Removing the reminder may make posting less stressful, but keeping it helps protect members from overlooking serious symptoms.",This option prioritizes reducing present anxiety and discomfort in sharing.,This option prioritizes protecting future health by maintaining the reminder.
VP17,Care: Comfort vs Protection,08,"Hannah is the supervisor at a warehouse and is deciding whether to assign Marco to the loading dock for the rest of the shift. Marco says the ear protection is irritating his skin and asks to work in the quieter packing area, where he would be more comfortable and less distracted. Hannah knows that the loading dock has the clearest view of incoming trucks and is where a new worker is supposed to learn the safety procedures for moving heavy pallets. Because the team is short one person, she can only move Marco or leave the assignment unchanged.",What should Hannah do?,"You are the supervisor at a warehouse and are deciding whether to assign Marco to the loading dock for the rest of the shift. Marco says the ear protection is irritating his skin and asks to work in the quieter packing area, where he would be more comfortable and less distracted. You know that the loading dock has the clearest view of incoming trucks and is where a new worker is supposed to learn the safety procedures for moving heavy pallets. Because the team is short one person, you can only move Marco or leave the assignment unchanged.",What should you do?,Move Marco to the packing area and let him avoid the irritating ear protection.,Keep Marco on the loading dock so he can follow the safer truck-loading procedures.,workplace,The supervisor must decide whether to ease a worker’s discomfort or keep him in the safer assignment.,"The packing area is more comfortable, but the loading dock is better for safety and procedure compliance.",This option prioritizes reducing immediate physical discomfort.,This option prioritizes protecting long-term safety on the job.
VP17,Care: Comfort vs Protection,09,"Leah is the head librarian and is helping a patron, Omar, who is sensitive to bright light after a migraine. Omar asks to keep the emergency exit sign covered during his study session because the blinking edge light is bothering him and making it hard to concentrate. Leah also knows that the exit sign is part of the room’s required safety setup and must remain visible in case the building needs to be evacuated. She has just enough time to assist Omar before the room fills up, so she has to decide immediately.",What should Leah do?,"You are the head librarian and are helping a patron, Omar, who is sensitive to bright light after a migraine. Omar asks to keep the emergency exit sign covered during his study session because the blinking edge light is bothering him and making it hard to concentrate. You also know that the exit sign is part of the room’s required safety setup and must remain visible in case the building needs to be evacuated. You have just enough time to assist Omar before the room fills up, so you have to decide immediately.",What should you do?,Cover the edge of the light for Omar’s session and keep the room as comfortable as possible.,Leave the exit sign visible and explain that it needs to stay uncovered for safety.,public library,The librarian must choose between easing a patron’s light sensitivity and preserving required emergency visibility.,"Reducing the glare would help Omar now, but keeping the sign visible is necessary for evacuation safety.",This option prioritizes reducing present discomfort and headache triggers.,This option prioritizes protecting long-term safety in an emergency.
VP17,Care: Comfort vs Protection,10,"Benita is the team leader for a volunteer river cleanup and is checking equipment with one participant, Owen. Owen says the gloves are too stiff and asks to use a thinner pair so his hands will not ache during the work, since the coarse debris is already irritating his skin. Benita knows that the riverbank includes broken glass and sharp metal, and the thinner gloves would leave his hands less protected while the team works several hours away from the parking area. She has a limited supply of replacement gloves, so she cannot simply give everyone both types.",What should Benita do?,"You are the team leader for a volunteer river cleanup and are checking equipment with one participant, Owen. Owen says the gloves are too stiff and asks to use a thinner pair so his hands will not ache during the work, since the coarse debris is already irritating his skin. You know that the riverbank includes broken glass and sharp metal, and the thinner gloves would leave his hands less protected while the team works several hours away from the parking area. You have a limited supply of replacement gloves, so you cannot simply give everyone both types.",What should you do?,Give Owen the thinner gloves and let him work with the least hand discomfort possible.,Require Owen to use the thicker gloves so his hands stay protected on the riverbank.,community volunteer work,The leader must choose between comfort and hand protection during cleanup work.,"The thinner gloves feel better now, but the thicker gloves better protect against injury from sharp debris.",This option prioritizes reducing immediate discomfort and irritation.,This option prioritizes protecting long-term safety during the cleanup.
VP17,Care: Comfort vs Protection,11,"Serena is a parent making the bedtime plan for her son, Caleb, after he had a rough day at school. Caleb asks to sleep with his bedroom window open because the room feels stuffy and the closed window makes him restless. Serena knows that a storm is forecast later that night and that the window is on the side of the house where rain can blow in if the weather shifts. She can only check on him once before she goes to bed, so she must choose one arrangement for the night.",What should Serena do?,"You are a parent making the bedtime plan for your son, Caleb, after he had a rough day at school. Caleb asks to sleep with his bedroom window open because the room feels stuffy and the closed window makes him restless. You know that a storm is forecast later that night and that the window is on the side of the house where rain can blow in if the weather shifts. You can only check on him once before you go to bed, so you must choose one arrangement for the night.",What should you do?,"Leave the window open a little so Caleb can sleep in a cooler, less stuffy room.",Keep the window closed so the room stays safer if the storm arrives.,family home,The parent must choose between a more comfortable sleeping environment and a safer one before a storm.,"Fresh air may help Caleb rest now, but closing the window better protects the room if weather worsens.",This option prioritizes reducing present discomfort at bedtime.,This option prioritizes protecting safety and welfare overnight.
VP17,Care: Comfort vs Protection,12,"Adrian manages a small office and is scheduling a printer repair for the afternoon. His assistant, Nia, says the office chair at the front desk has started wobbling and asks to keep using the softer chair with better cushioning because it is easier on her back during long stretches of calls. Adrian also knows that the wobbly chair has become less stable over the past week and could tip if someone leans too far, while the repair technician will not arrive until evening. He has only one replacement chair available, and moving it to the desk means another employee will need the older chair.",What should Adrian do?,"You manage a small office and are scheduling a printer repair for the afternoon. Your assistant, Nia, says the office chair at the front desk has started wobbling and asks to keep using the softer chair with better cushioning because it is easier on her back during long stretches of calls. You also know that the wobbly chair has become less stable over the past week and could tip if someone leans too far, while the repair technician will not arrive until evening. You have only one replacement chair available, and moving it to the desk means another employee will need the older chair.",What should you do?,Keep the softer chair at the desk so Nia can work with less back discomfort.,Move the sturdier chair to the desk so the front station is less likely to tip.,office,The manager must decide whether to leave a more comfortable chair in place or replace it with a safer one.,"The cushioned chair is easier on the back, but the sturdier chair lowers the risk of a fall.",This option prioritizes reducing present physical discomfort during work.,This option prioritizes protecting long-term safety at the workstation.
VP17,Care: Comfort vs Protection,13,"Fatima leads a neighborhood cycling group and is planning the route for a weekend ride with a newer member, Lucas. Lucas says his helmet straps rub his chin and asks to loosen them significantly so he can keep riding without the irritation. Fatima notices that the looser straps would make the helmet shift more in a fall, and the group is crossing a stretch with narrow traffic lanes where proper fit matters. The ride starts in ten minutes, so she has to make the decision before the group leaves.",What should Fatima do?,"You lead a neighborhood cycling group and are planning the route for a weekend ride with a newer member, Lucas. Lucas says his helmet straps rub his chin and asks to loosen them significantly so he can keep riding without the irritation. You notice that the looser straps would make the helmet shift more in a fall, and the group is crossing a stretch with narrow traffic lanes where proper fit matters. The ride starts in ten minutes, so you have to make the decision before the group leaves.",What should you do?,Loosen Lucas’s helmet straps enough to reduce the rubbing for the ride.,Keep Lucas’s helmet fitted tightly so it stays secure in traffic.,recreation group,The ride leader must choose between a more comfortable helmet fit and a more secure one.,"Loosening the straps eases irritation now, but a tighter fit better protects the rider on the road.",This option prioritizes reducing immediate discomfort.,This option prioritizes protecting safety during the ride.
VP17,Care: Comfort vs Protection,14,"Gwen is an art teacher supervising a ceramics class and is helping a student, Theo, who has sensitive hands. Theo asks to skip the final glaze-firing step because the kiln room heat makes him feel dizzy and tired, and he would rather take his piece home unfinished. Gwen knows that unfired clay can break easily and that the class is supposed to deliver the finished work at the end of the month, so skipping the step could leave Theo with a fragile piece that will not hold up. The kiln is already loaded, and there is not enough time to rerun the project if he changes his mind later.",What should Gwen do?,"You are an art teacher supervising a ceramics class and are helping a student, Theo, who has sensitive hands. Theo asks to skip the final glaze-firing step because the kiln room heat makes him feel dizzy and tired, and he would rather take his piece home unfinished. You know that unfired clay can break easily and that the class is supposed to deliver the finished work at the end of the month, so skipping the step could leave Theo with a fragile piece that will not hold up. The kiln is already loaded, and there is not enough time to rerun the project if he changes his mind later.",What should you do?,Let Theo take the piece home unfinished and avoid the kiln room heat.,Have Theo complete the firing so the project is more durable and finished.,education/art class,"The teacher must choose between sparing a student the heat of the kiln room and finishing the project in a safer, more durable way.","Skipping the firing is easier on Theo now, but firing the piece better protects the work from breaking later.",This option prioritizes reducing present discomfort and dizziness.,This option prioritizes protecting the project’s longer-term welfare.
VP17,Care: Comfort vs Protection,15,"Raj is the manager at a small hotel and is deciding how to handle a guest named Mrs. Patel, who says the hallway smoke detector chirps all night and keeps her from sleeping. She asks if Raj can remove the detector from the ceiling just for her room, because the noise is making her anxious and exhausted. Raj knows that the detector is part of the building’s fire-safety system and that the hotel is full enough tonight that moving her to a different room would likely leave another guest with the same problem. He has only one maintenance staff member on duty, so he cannot fix everything immediately.",What should Raj do?,"You are the manager at a small hotel and are deciding how to handle a guest named Mrs. Patel, who says the hallway smoke detector chirps all night and keeps her from sleeping. She asks if you can remove the detector from the ceiling just for her room, because the noise is making her anxious and exhausted. You know that the detector is part of the building’s fire-safety system and that the hotel is full enough tonight that moving her to a different room would likely leave another guest with the same problem. You have only one maintenance staff member on duty, so you cannot fix everything immediately.",What should you do?,"Find a way to quiet the chirping for Mrs. Patel tonight, even if the detector stays in place.",Keep the detector active and leave it in place for fire protection.,hospitality,The manager must decide whether to reduce a guest’s sleep disruption or preserve fire protection.,"The chirping is unpleasant now, but the detector is important for building safety.",This option prioritizes reducing present discomfort and anxiety.,This option prioritizes protecting long-term safety and welfare.
VP17,Care: Comfort vs Protection,16,"Nora is the organizer for a weekend hiking meetup and is checking on a participant, Eli, who says his ankle feels sore from the previous day’s walk. Eli asks to take the easier trail with fewer loose rocks because the steeper path will make every step hurt. Nora also knows that the easier trail runs close to a section where the group has gotten lost before, while the steeper trail is harder on sore joints but has clearer markers and safer footing. There is only one group leader available, so she cannot split the group to use both trails at once.",What should Nora do?,"You are the organizer for a weekend hiking meetup and are checking on a participant, Eli, who says his ankle feels sore from the previous day’s walk. Eli asks to take the easier trail with fewer loose rocks because the steeper path will make every step hurt. You also know that the easier trail runs close to a section where the group has gotten lost before, while the steeper trail is harder on sore joints but has clearer markers and safer footing. There is only one group leader available, so you cannot split the group to use both trails at once.",What should you do?,Choose the easier trail so Eli can hike with less ankle pain.,Choose the better-marked trail so the group has a safer route.,outdoor recreation,The organizer must choose between a less painful trail and a safer one.,"The easier route reduces current soreness, but the better-marked route lowers the chance of getting lost or injured.",This option prioritizes reducing present pain and discomfort.,This option prioritizes protecting long-term safety on the hike.
VP17,Care: Comfort vs Protection,17,"Jill supervises an after-school coding club and is reviewing a student project with Amir, who has been staring at the screen for nearly an hour. Amir asks to turn off the content filter for one afternoon because it blocks a reference site he wants to use and the repeated warnings are frustrating. Jill knows that the filter also blocks a few risky downloads on the club laptops, and several students have clicked unfamiliar links in the past. The club meets in the school lab, and she only has one supervised session left this week to finish the project.",What should Jill do?,"You supervise an after-school coding club and are reviewing a student project with Amir, who has been staring at the screen for nearly an hour. Amir asks to turn off the content filter for one afternoon because it blocks a reference site he wants to use and the repeated warnings are frustrating. You know that the filter also blocks a few risky downloads on the club laptops, and several students have clicked unfamiliar links in the past. The club meets in the school lab, and you only have one supervised session left this week to finish the project.",What should you do?,Turn off the content filter for this session so Amir can work with less frustration.,Keep the content filter on so the club laptops stay better protected.,school club/technology,The supervisor must decide whether to relax a digital safeguard or keep it active for protection.,"Turning off the filter would reduce frustration now, but leaving it on better protects the lab from risky downloads.",This option prioritizes reducing present annoyance and strain.,This option prioritizes protecting long-term safety of the equipment and users.
VP17,Care: Comfort vs Protection,18,"Marta is the coordinator for a senior center craft session and is helping Victor, who has arthritis in his fingers. Victor asks to use the lighter scissors from the supply drawer because the heavier pair hurts his hands and slows him down. Marta knows that the lighter scissors are duller and more likely to slip, especially when cutting thicker fabric for the project the group is making for a fundraiser. She has only a few minutes before the next class arrives, so she cannot replace the tools or extend the session.",What should Marta do?,"You are the coordinator for a senior center craft session and are helping Victor, who has arthritis in his fingers. Victor asks to use the lighter scissors from the supply drawer because the heavier pair hurts his hands and slows him down. You know that the lighter scissors are duller and more likely to slip, especially when cutting thicker fabric for the project the group is making for a fundraiser. You have only a few minutes before the next class arrives, so you cannot replace the tools or extend the session.",What should you do?,Give Victor the lighter scissors so he can work with less hand pain.,Use the sturdier scissors so Victor has better control while cutting.,community center,The coordinator must choose between reducing hand pain and increasing tool safety.,"The lighter scissors are easier on the hands, but the sturdier scissors are less likely to slip.",This option prioritizes reducing present discomfort from arthritis.,This option prioritizes protecting long-term safety during the craft task.
VP17,Care: Comfort vs Protection,19,"Owen works as a lifeguard at a public pool and notices that a child named Lina keeps rubbing her eyes after swimming. Lina asks whether she can leave her goggles off for the rest of open swim because they pinch her nose and leave red marks. Owen also sees that Lina is swimming in a crowded lane where splashing is frequent, and he knows she has a habit of drifting underwater when she cannot see well. The pool is busy, so he cannot closely follow her and the other swimmers at the same time.",What should Owen do?,"You work as a lifeguard at a public pool and notice that a child named Lina keeps rubbing her eyes after swimming. Lina asks whether she can leave her goggles off for the rest of open swim because they pinch her nose and leave red marks. You also see that Lina is swimming in a crowded lane where splashing is frequent, and you know she has a habit of drifting underwater when she cannot see well. The pool is busy, so you cannot closely follow her and the other swimmers at the same time.",What should you do?,Let Lina swim without the goggles and help her settle the irritation afterward.,Have Lina keep the goggles on so she stays better protected in the crowded lane.,public service/recreation,The lifeguard must decide whether to ease a child’s discomfort or keep a protective aid in place.,"Removing the goggles would relieve the marks now, but keeping them on helps protect the child while swimming.",This option prioritizes reducing present discomfort and irritation.,This option prioritizes protecting safety in the pool.
VP17,Care: Comfort vs Protection,20,"Priya is the manager of a small animal shelter and is deciding what to do with a nervous dog named Milo before an adoption meeting. Milo has been pacing in his kennel and the metal gate rattles loudly every time he moves, which seems to make him more upset. A volunteer suggests leaving the gate partially open so Milo feels less trapped, but Priya knows that the open gate would make it easier for him to slip out if he startles during the meeting. The shelter is understaffed that afternoon, so she will not have someone beside the kennel the whole time.",What should Priya do?,"You are the manager of a small animal shelter and are deciding what to do with a nervous dog named Milo before an adoption meeting. Milo has been pacing in his kennel and the metal gate rattles loudly every time he moves, which seems to make him more upset. A volunteer suggests leaving the gate partially open so Milo feels less trapped, but you know that the open gate would make it easier for him to slip out if he startles during the meeting. The shelter is understaffed that afternoon, so you will not have someone beside the kennel the whole time.",What should you do?,Leave the gate partially open so Milo feels less confined during the meeting.,Keep the gate fully closed so Milo stays secured if he startles.,animal shelter,The shelter manager must choose between easing an animal’s confinement stress and keeping him secured.,"A partially open gate may be less upsetting now, but a closed gate better protects the dog from escaping.",This option prioritizes reducing present discomfort and anxiety.,This option prioritizes protecting long-term safety and welfare.
VP18,Privacy: Restricted Access vs Personal Control,01,"Maya, the manager of a small design team, is preparing a shared folder of draft proposals for a client review next week. Some of the drafts include notes about individual team members' ideas and work habits, which the client does not need to see in detail. Maya also knows that each designer wants to decide which of their notes can be used in the final presentation materials, since a few drafts are still being revised. Because she only has one evening to organize the folder before the client accesses it, she must choose how to prepare the files.",What should Maya do?,"You, the manager of a small design team, are preparing a shared folder of draft proposals for a client review next week. Some of the drafts include notes about individual team members' ideas and work habits, which the client does not need to see in detail. You also know that each designer wants to decide which of their notes can be used in the final presentation materials, since a few drafts are still being revised. Because you only have one evening to organize the folder before the client accesses it, you must choose how to prepare the files.",What should you do?,Remove the drafts with personal notes from the shared folder and upload only the cleaned proposal summaries.,Keep the drafts in the folder but set permissions so each designer can choose which notes are visible in the final presentation materials.,workplace,A manager must decide how to prepare shared project files before a client review.,"There is only one evening to prepare the folder, so limiting access to sensitive notes competes with letting each designer control how their information is used.",This option primarily limits access to the personal notes by keeping them out of the shared folder.,This option primarily gives each designer control over which notes are visible and how they are used in the final materials.
VP18,Privacy: Restricted Access vs Personal Control,02,"Elena, a school librarian, is updating the online reading log used by students and parents. The log includes comments from students about books they are borrowing, and some comments mention personal details that should not be broadly accessible. At the same time, older students have asked to approve which of their comments appear in the public reading showcase on the library website. Because the showcase opens tomorrow and she can only make one privacy-related update tonight, Elena must decide how to handle the log.",What should Elena do?,"You, a school librarian, are updating the online reading log used by students and parents. The log includes comments from students about books they are borrowing, and some comments mention personal details that should not be broadly accessible. At the same time, older students have asked to approve which of their comments appear in the public reading showcase on the library website. Because the showcase opens tomorrow and you can only make one privacy-related update tonight, you must decide how to handle the log.",What should you do?,Hide the reading log from the public site and keep it available only to library staff.,Leave the log available to the site editors but let each student choose which comments are shown in the public showcase.,education,A librarian must decide how to handle a reading log before it becomes public.,"She can either block broader access to the comments or let students control which comments are shared publicly, but not fully implement both tonight.",This option emphasizes restricting access by keeping the log visible only to staff.,This option emphasizes personal control by letting each student decide which comments are shown.
VP18,Privacy: Restricted Access vs Personal Control,03,"Noah, the administrator of a neighborhood forum, is revising the rules for a volunteer-run discussion board. Several members post neighborhood safety tips that sometimes include names, addresses, and other details that should not be widely accessible. Other members want to decide when their own posts can be republished in the weekly email digest and which parts should be included. Noah has to finalize the settings before the next digest goes out, and he does not have time to review every post individually.",What should Noah do?,"You, the administrator of a neighborhood forum, are revising the rules for a volunteer-run discussion board. Several members post neighborhood safety tips that sometimes include names, addresses, and other details that should not be widely accessible. Other members want to decide when their own posts can be republished in the weekly email digest and which parts should be included. You have to finalize the settings before the next digest goes out, and you do not have time to review every post individually.",What should you do?,Restrict the board to logged-in members and keep the posts out of the weekly email digest.,Keep the board open to the digest team but let each member choose when and how their post is reused.,online community,A forum administrator must set sharing rules for posts before a digest is published.,"He must either narrow access to the posts or preserve members' control over reuse, without enough time to manage both for every post.",This option prioritizes restricted access by keeping the posts out of the broader digest circulation.,This option prioritizes personal control by allowing members to decide reuse timing and format.
VP18,Privacy: Restricted Access vs Personal Control,04,"Priya, a family doctor, is preparing discharge instructions for a patient portal after a clinic visit. The instructions include medication changes and a short note about the patient's private concerns, which should not be broadly accessible in the portal. The patient also wants to decide which parts of the note can be shared with a caregiver and when that access should expire. Priya can set the portal rules once before the end of the day, but she cannot call every caregiver for separate consent checks.",What should Priya do?,"You, a family doctor, are preparing discharge instructions for a patient portal after a clinic visit. The instructions include medication changes and a short note about the patient's private concerns, which should not be broadly accessible in the portal. The patient also wants to decide which parts of the note can be shared with a caregiver and when that access should expire. You can set the portal rules once before the end of the day, but you cannot call every caregiver for separate consent checks.",What should you do?,Keep the note out of the portal and provide only the basic discharge instructions there.,Place the note in the portal with settings that let the patient choose what a caregiver can see and for how long.,healthcare,A doctor must decide how to post discharge notes in a patient portal.,"There is time to either keep the note inaccessible to others or let the patient manage caregiver access, but not both in a detailed way.",This option emphasizes preventing access by leaving the private note out of the portal.,This option emphasizes the patient's control over who sees the note and for how long.
VP18,Privacy: Restricted Access vs Personal Control,05,"Sofia, who runs a small photography portfolio site, is uploading event albums for clients to review. Some images include backstage areas and planning notes that clients should not be able to browse freely. At the same time, several clients want to choose which photos can be used in promotional galleries and when those photos become public. Sofia has time to set up only one access system before the weekend, so she must decide how the albums will be managed.",What should Sofia do?,"You, who run a small photography portfolio site, are uploading event albums for clients to review. Some images include backstage areas and planning notes that clients should not be able to browse freely. At the same time, several clients want to choose which photos can be used in promotional galleries and when those photos become public. You have time to set up only one access system before the weekend, so you must decide how the albums will be managed.",What should you do?,Lock the albums so only clients with direct links can open the files.,Keep the albums editable by clients so they can approve which photos move into public galleries.,creative work / online service,A photographer must choose how to manage client albums before the weekend.,She can either tightly restrict access to the files or give clients direct control over which images are reused publicly.,This option prioritizes restricted access by locking the albums to direct links only.,This option prioritizes personal control by letting clients approve public reuse of their photos.
VP18,Privacy: Restricted Access vs Personal Control,06,"Diego, the coordinator of a community food pantry, is revising the sign-in sheet for volunteers and visitors. The sheet sometimes records addresses and notes about household needs, which should not be easily visible to everyone in the building. Some donors also want to decide which of their contact details can be used in follow-up messages and when staff may share them with partner agencies. Diego must choose a system before the next distribution day, and he has only a short window to update the forms.",What should Diego do?,"You, the coordinator of a community food pantry, are revising the sign-in sheet for volunteers and visitors. The sheet sometimes records addresses and notes about household needs, which should not be easily visible to everyone in the building. Some donors also want to decide which of their contact details can be used in follow-up messages and when staff may share them with partner agencies. You must choose a system before the next distribution day, and you have only a short window to update the forms.",What should you do?,Store the sheet in a staff-only file cabinet and stop collecting extra household notes.,Keep the sheet available for coordination but let donors select which contact details staff may use and share.,community organization,A pantry coordinator must decide how to handle sign-in information before distribution day.,"He can either remove broader access to sensitive notes or preserve donors' control over their contact information, but not fully do both quickly.",This option emphasizes restricted access by moving the sheet to staff-only storage.,This option emphasizes personal control by letting donors choose how their contact details are used.
VP18,Privacy: Restricted Access vs Personal Control,07,"Hannah, the coach of a recreational swim team, is setting up a team app for meet schedules and video clips. Some clips show athletes changing near the pool deck and should not be accessible to everyone with the app link. At the same time, older swimmers want to decide which clips can be used in the team's public highlights reel and when those clips are released. Hannah has to choose the app settings before the next meet, and she cannot review every clip one by one.",What should Hannah do?,"You, the coach of a recreational swim team, are setting up a team app for meet schedules and video clips. Some clips show athletes changing near the pool deck and should not be accessible to everyone with the app link. At the same time, older swimmers want to decide which clips can be used in the team's public highlights reel and when those clips are released. You have to choose the app settings before the next meet, and you cannot review every clip one by one.",What should you do?,Limit the app to team members and keep the video clips out of the public highlights reel.,Keep the app open for team editing and let swimmers choose which clips can appear in the highlights reel.,recreation / sports,A coach must set app permissions for team clips before the next meet.,"She can either keep sensitive clips inaccessible or let swimmers control public reuse of clips, but not process every clip individually.",This option prioritizes restricted access by limiting the app and excluding clips from public viewing.,This option prioritizes personal control by letting swimmers decide which clips are reused.
VP18,Privacy: Restricted Access vs Personal Control,08,"Avery, who manages a volunteer translation project, is preparing shared notes for a set of documents. Some notes identify client names and source materials that the clients do not want widely accessible, while other contributors want to decide which of their annotations are used in the final published glossary. Avery has one afternoon to prepare the release package, and the team expects the files to be ready by the end of the day. She must choose a sharing method that fits both the deadline and the privacy concerns.",What should Avery do?,"You, who manage a volunteer translation project, are preparing shared notes for a set of documents. Some notes identify client names and source materials that the clients do not want widely accessible, while other contributors want to decide which of their annotations are used in the final published glossary. You have one afternoon to prepare the release package, and the team expects the files to be ready by the end of the day. You must choose a sharing method that fits both the deadline and the privacy concerns.",What should you do?,Keep the notes inside the project drive and remove the identifying client references before sharing.,Share the notes with the team drive and let each contributor approve which annotations appear in the glossary.,collaborative work,A project manager must decide how to release shared translation notes.,"The deadline allows either stronger limits on access or stronger contributor control over reuse, but not a full review of every note.",This option prioritizes restricted access by removing identifying references before sharing.,This option prioritizes personal control by letting contributors approve how their annotations are used.
VP18,Privacy: Restricted Access vs Personal Control,09,"Lena, the editor of a student newspaper, is deciding how to post interviews on the paper's website. Some interview recordings contain off-the-record remarks that should not be accessible to the whole campus, but interviewees also want to decide which clips can be quoted in the headline story and when those clips go live. Lena has to publish the issue tonight and cannot get fresh approval from every source before the deadline. She must choose how to handle the recordings.",What should Lena do?,"You, the editor of a student newspaper, are deciding how to post interviews on the paper's website. Some interview recordings contain off-the-record remarks that should not be accessible to the whole campus, but interviewees also want to decide which clips can be quoted in the headline story and when those clips go live. You have to publish the issue tonight and cannot get fresh approval from every source before the deadline. You must choose how to handle the recordings.",What should you do?,Keep the recordings off the website and publish only the written quotes already cleared for print.,Upload the recordings to a staff page and let each interviewee set which clips may be quoted and when.,media / education,A newspaper editor must decide how to publish interview recordings before deadline.,"She can either keep the recordings inaccessible to campus readers or give sources control over clip reuse, but not both quickly.",This option emphasizes restricted access by leaving the recordings off the public site.,This option emphasizes personal control by letting interviewees choose clip use and timing.
VP18,Privacy: Restricted Access vs Personal Control,10,"Marcus, who coordinates a volunteer disaster-relief hotline, is organizing caller notes for the next shift. The notes include addresses, family details, and case updates that should not be broadly accessible to everyone on the volunteer list. Several callers have also asked to decide which notes can be passed to partner agencies and at what stage they can be shared. Marcus has only a few hours before the next shift begins, so he must set the note-handling procedure now.",What should Marcus do?,"You, who coordinate a volunteer disaster-relief hotline, are organizing caller notes for the next shift. The notes include addresses, family details, and case updates that should not be broadly accessible to everyone on the volunteer list. Several callers have also asked to decide which notes can be passed to partner agencies and at what stage they can be shared. You have only a few hours before the next shift begins, so you must set the note-handling procedure now.",What should you do?,Move the caller notes to a closed file and keep them accessible only to the shift leads.,Keep the notes in the shared system and let callers approve which details can be passed to partner agencies.,public service / hotline,A hotline coordinator must set how caller notes are handled before the next shift.,"He can either close off access to the notes or let callers manage agency sharing, but there is not enough time for both.",This option prioritizes restricted access by limiting the notes to shift leads only.,This option prioritizes personal control by letting callers decide what details are shared.
VP18,Privacy: Restricted Access vs Personal Control,11,"Nina, who runs a small online book club, is preparing a shared discussion archive after a season of meetings. The archive includes member comments that mention personal reading habits and home schedules, which members do not want broadly accessible. Some members also want to decide which of their comments can be reused in a public newsletter and when those quotes appear. Nina can set only one archive policy before the next meeting, and she does not have time to edit every comment.",What should Nina do?,"You, who run a small online book club, are preparing a shared discussion archive after a season of meetings. The archive includes member comments that mention personal reading habits and home schedules, which members do not want broadly accessible. Some members also want to decide which of their comments can be reused in a public newsletter and when those quotes appear. You can set only one archive policy before the next meeting, and you do not have time to edit every comment.",What should you do?,Keep the archive in a members-only folder and exclude it from the newsletter.,Leave the archive available to the newsletter editor and let members choose which comments can be quoted.,online community,A book club host must choose an archive policy for member comments.,"She can either keep the archive inaccessible to outsiders or let members control newsletter reuse, but not fully manage every comment.",This option emphasizes restricted access by placing the archive in a members-only folder.,This option emphasizes personal control by letting members choose quote permissions.
VP18,Privacy: Restricted Access vs Personal Control,12,"Owen, the principal of a small charter school, is reviewing a set of parent feedback forms before a board meeting. The forms sometimes include family circumstances that parents do not want circulated widely among staff. At the same time, some parents want to decide which comments can be included in the public annual report and how they are summarized. Owen must choose a reporting process before the meeting package is finalized, and there is not enough time to send every parent a separate draft.",What should Owen do?,"You, the principal of a small charter school, are reviewing a set of parent feedback forms before a board meeting. The forms sometimes include family circumstances that parents do not want circulated widely among staff. At the same time, some parents want to decide which comments can be included in the public annual report and how they are summarized. You must choose a reporting process before the meeting package is finalized, and there is not enough time to send every parent a separate draft.",What should you do?,Keep the forms in a locked administrative file and summarize them without direct quotations.,Share the forms with the report editor and let each parent approve which comments are used in the annual report.,education administration,A school principal must decide how to handle parent feedback forms for a board report.,"He can either protect the forms from broader access or let parents manage report reuse, but not do a full review for everyone.",This option prioritizes restricted access by storing the forms in a locked file.,This option prioritizes personal control by letting parents approve which comments appear in the report.
VP18,Privacy: Restricted Access vs Personal Control,13,"Camila, who administers a local fitness app for her running group, is adjusting the privacy settings for workout logs. The logs can reveal where members run and at what times, which some members want kept from general access. Others want to choose which of their logs appear in the group's monthly recap and when those entries become visible. Camila has to finalize the settings before the recap is generated, and she cannot inspect every log manually.",What should Camila do?,"You, who administer a local fitness app for your running group, are adjusting the privacy settings for workout logs. The logs can reveal where members run and at what times, which some members want kept from general access. Others want to choose which of their logs appear in the group's monthly recap and when those entries become visible. You have to finalize the settings before the recap is generated, and you cannot inspect every log manually.",What should you do?,Restrict the logs to the members' page and keep them out of the monthly recap.,Keep the logs available to the recap tool and let each member choose which entries are shown.,recreation / digital app,An app administrator must decide how to handle workout logs before the monthly recap is generated.,"She can either restrict access to the logs or let members control recap visibility, but not process each log individually.",This option emphasizes restricted access by keeping logs on the members' page only.,This option emphasizes personal control by letting members select which logs are shown.
VP18,Privacy: Restricted Access vs Personal Control,14,"Jamal, the director of a makerspace, is preparing safety incident reports for a shared drive. The reports include names of members and equipment use details that should not be open to every workspace participant. At the same time, members involved in the incidents want to decide which parts of their reports can be used in a training bulletin and when those parts are released. Jamal has to set the policy before the next monthly meeting, and he can only revise the system once this week.",What should Jamal do?,"You, the director of a makerspace, are preparing safety incident reports for a shared drive. The reports include names of members and equipment use details that should not be open to every workspace participant. At the same time, members involved in the incidents want to decide which parts of their reports can be used in a training bulletin and when those parts are released. You have to set the policy before the next monthly meeting, and you can only revise the system once this week.",What should you do?,Store the reports in a restricted folder and keep them out of the training bulletin.,Store the reports in the shared system and let each member decide which parts appear in the training bulletin.,community workspace,A makerspace director must set how incident reports are stored and reused.,"He can either keep reports inaccessible to most participants or let members control bulletin use, but only one system update is possible now.",This option prioritizes restricted access by placing reports in a restricted folder.,This option prioritizes personal control by letting each member decide what is reused.
VP18,Privacy: Restricted Access vs Personal Control,15,"Rosa, a museum program coordinator, is assembling visitor stories for a digital exhibit. Some stories mention private family details that should not be broadly accessible in the exhibit interface. Other contributors want to choose which excerpts can be highlighted on the exhibit page and when those excerpts are posted. Rosa must lock in the display settings before the exhibit launches, and she does not have time to clear every excerpt separately.",What should Rosa do?,"You, a museum program coordinator, are assembling visitor stories for a digital exhibit. Some stories mention private family details that should not be broadly accessible in the exhibit interface. Other contributors want to choose which excerpts can be highlighted on the exhibit page and when those excerpts are posted. You must lock in the display settings before the exhibit launches, and you do not have time to clear every excerpt separately.",What should you do?,Keep the stories in a curator-only file and post only the exhibit labels.,Keep the stories in the exhibit system and let each contributor approve which excerpts are highlighted.,cultural institution,A program coordinator must decide how visitor stories are handled for a digital exhibit.,"She can either block broader access to the stories or let contributors control exhibit excerpts, but not both in detail.",This option emphasizes restricted access by keeping the stories curator-only.,This option emphasizes personal control by letting contributors approve highlights.
VP18,Privacy: Restricted Access vs Personal Control,16,"Ben, who oversees a neighborhood childcare co-op, is updating the parent sign-in records. The records include pickup notes and contact details that should not be easily visible to all members. Some parents also want to decide which parts of their notes can be used in a shared weekly update and when that information is posted. Ben has to finalize the record system before Monday morning, and he cannot meet individually with every family.",What should Ben do?,"You, who oversee a neighborhood childcare co-op, are updating the parent sign-in records. The records include pickup notes and contact details that should not be easily visible to all members. Some parents also want to decide which parts of their notes can be used in a shared weekly update and when that information is posted. You have to finalize the record system before Monday morning, and you cannot meet individually with every family.",What should you do?,Keep the records in a staff-only binder and leave out the shared weekly update.,Keep the records in the system and let each parent choose which notes may appear in the weekly update.,family / community service,A co-op coordinator must decide how to store sign-in records before Monday.,"He can either restrict access to the records or allow parents to control weekly reuse, but not do both fully on time.",This option prioritizes restricted access by keeping records in a staff-only binder.,This option prioritizes personal control by letting each parent set what appears in the update.
VP18,Privacy: Restricted Access vs Personal Control,17,"Anika, the administrator of a professional mentoring network, is preparing a roster of mentor notes for the new quarter. The notes include job histories and candid feedback that should not be open to all members of the network. At the same time, mentors want to decide which comments can be reused in the public success stories page and when those comments go live. Anika has to publish the roster this afternoon, and there is no time to request separate approval for every comment.",What should Anika do?,"You, the administrator of a professional mentoring network, are preparing a roster of mentor notes for the new quarter. The notes include job histories and candid feedback that should not be open to all members of the network. At the same time, mentors want to decide which comments can be reused in the public success stories page and when those comments go live. You have to publish the roster this afternoon, and there is no time to request separate approval for every comment.",What should you do?,Keep the notes in a closed roster file and exclude them from the public page.,Keep the notes in the roster system and let each mentor choose which comments can be used publicly.,professional network,A network administrator must decide how to handle mentor notes for publication.,"She can either close off access to the notes or give mentors control over public reuse, but not manage both within the deadline.",This option emphasizes restricted access by keeping notes in a closed file.,This option emphasizes personal control by letting mentors choose public use.
VP18,Privacy: Restricted Access vs Personal Control,18,"Trevor, who runs a small livestream gaming community, is organizing clips from recent sessions. Some clips show private voice-chat exchanges that should not be widely accessible to casual viewers. Other players want to decide which clips can be trimmed into highlight reels and when those reels are posted. Trevor has one evening to schedule the weekend upload, and he cannot contact every player for clip-by-clip approval.",What should Trevor do?,"You, who run a small livestream gaming community, are organizing clips from recent sessions. Some clips show private voice-chat exchanges that should not be widely accessible to casual viewers. Other players want to decide which clips can be trimmed into highlight reels and when those reels are posted. You have one evening to schedule the weekend upload, and you cannot contact every player for clip-by-clip approval.",What should you do?,Keep the clips on a members-only channel and skip the public highlight reel.,Keep the clips in the editing queue and let each player choose which clips enter the highlight reel.,online community / recreation,A community host must decide how to handle gaming clips before the weekend upload.,"He can either keep the clips inaccessible to casual viewers or let players control highlight use, but not do both thoroughly.",This option prioritizes restricted access by moving clips to a members-only channel.,This option prioritizes personal control by letting players choose highlight inclusion.
VP18,Privacy: Restricted Access vs Personal Control,19,"Farah, a city records clerk, is organizing public meeting transcripts for online posting. The transcripts contain residents' names and comments that some people do not want broadly accessible on the city website. At the same time, a few speakers want to decide which of their remarks can be excerpted in the meeting summary and when those excerpts are posted. Farah must finish the upload before the end of the business day, and she does not have time to check every speaker's preferences individually.",What should Farah do?,"You, a city records clerk, are organizing public meeting transcripts for online posting. The transcripts contain residents' names and comments that some people do not want broadly accessible on the city website. At the same time, a few speakers want to decide which of their remarks can be excerpted in the meeting summary and when those excerpts are posted. You must finish the upload before the end of the business day, and you do not have time to check every speaker's preferences individually.",What should you do?,Keep the transcripts behind the clerk's login and post only the summary.,Keep the transcripts available to the summary editor and let each speaker choose which remarks are excerpted.,public records / government,A clerk must decide how to post meeting transcripts online.,"She can either limit access to the transcripts or let speakers control excerpting, but not fully accommodate both by deadline.",This option emphasizes restricted access by keeping transcripts behind login.,This option emphasizes personal control by letting speakers choose excerpted remarks.
VP18,Privacy: Restricted Access vs Personal Control,20,"Iris, who coordinates a local art collective, is compiling artist statements for a printed catalog and a members-only archive. Some statements mention unfinished work and private studio details that should not be broadly accessible. Several artists also want to decide which statements can be adapted for the public catalog and when those versions are released. Iris has to send the catalog to the printer today, and she cannot confirm each artist's preference before the deadline.",What should Iris do?,"You, who coordinate a local art collective, are compiling artist statements for a printed catalog and a members-only archive. Some statements mention unfinished work and private studio details that should not be broadly accessible. Several artists also want to decide which statements can be adapted for the public catalog and when those versions are released. You have to send the catalog to the printer today, and you cannot confirm each artist's preference before the deadline.",What should you do?,Keep the statements in the members-only archive and use only brief catalog descriptions.,Keep the statements in the catalog workflow and let each artist choose which statements are adapted for print.,arts organization,A coordinator must decide how to handle artist statements for a catalog and archive.,"She can either keep the statements inaccessible to the public or let artists manage how they are used, but not complete both processes now.",This option prioritizes restricted access by limiting the statements to a members-only archive.,This option prioritizes personal control by letting artists choose print adaptation.
VP19,Forgiveness: Letting Go vs Reconciliation,01,"Maya manages a small graphic design team, and one of her designers, Eliot, publicly took credit for a concept Maya had developed during a rushed client presentation. Eliot later apologized in private and asked to work things out, but Maya still has to decide how to handle the relationship before the next project begins. She could close the matter without restoring close collaboration, or she could schedule a conversation aimed at rebuilding trust and working together again. Because the team must assign the next project this week, she has limited time to address both concerns fully.",What should Maya do?,"You manage a small graphic design team, and one of your designers, Eliot, publicly took credit for a concept you had developed during a rushed client presentation. Eliot later apologized in private and asked to work things out, but you still have to decide how to handle the relationship before the next project begins. You could close the matter without restoring close collaboration, or you could schedule a conversation aimed at rebuilding trust and working together again. Because the team must assign the next project this week, you have limited time to address both concerns fully.",What should you do?,"Set clear boundaries with Eliot, accept the apology, and move forward without reopening the working relationship.","Meet with Eliot to discuss what happened, set conditions for trust, and try to rebuild the working relationship.",workplace,A team manager must choose between ending the conflict privately or pursuing a renewed working relationship after a colleague’s misconduct.,"The next project must be assigned soon, leaving little time for both boundary-setting and a longer trust-rebuilding process.",This option emphasizes releasing resentment and moving on without requiring that the relationship be restored.,This option emphasizes actively rebuilding trust and the working relationship after the wrongdoing.
VP19,Forgiveness: Letting Go vs Reconciliation,02,"After a heated argument, Jonah’s brother admitted he had broken a family heirloom that belonged to their mother and apologized for lying about it. Jonah now controls the family photos and belongings in the attic, including whether his brother is invited to help sort them before the house is sold. He could forgive the incident and keep the relationship distant, or he could invite his brother to work together on the attic cleanup as a step toward repairing trust. Because the sale deadline is near, he has only one weekend to decide how to proceed.",What should Jonah do?,"After a heated argument, your brother admitted he had broken a family heirloom that belonged to your mother and apologized for lying about it. You now control the family photos and belongings in the attic, including whether he is invited to help sort them before the house is sold. You could forgive the incident and keep the relationship distant, or you could invite him to work together on the attic cleanup as a step toward repairing trust. Because the sale deadline is near, you have only one weekend to decide how to proceed.",What should you do?,"Tell your brother the apology is accepted, keep the cleanup task separate, and leave the relationship at a distance.","Invite your brother to help sort the attic items, talk through the damage, and try to rebuild trust while finishing the sale preparations.",family,A sibling must decide whether to keep distance after betrayal or include the other sibling in a shared task to rebuild the relationship.,"The house sale deadline leaves only one weekend, so the decision has to balance emotional repair with practical preparation.",This option focuses on letting go of anger without restoring the sibling relationship.,This option focuses on rebuilding trust through a shared family task and conversation.
VP19,Forgiveness: Letting Go vs Reconciliation,03,"Leila coaches a weekend youth soccer team, and one parent, Darren, spread a false rumor that Leila favored certain players when selecting the lineup. Darren later apologized and asked whether they could start over, but Leila still controls whether his child stays on the team roster for the tournament. She could accept the apology and leave their relationship limited to necessary logistics, or she could meet with Darren to discuss the incident and rebuild enough trust to cooperate again. With the tournament approaching, she has to decide before final travel plans are submitted.",What should Leila do?,"You coach a weekend youth soccer team, and one parent, Darren, spread a false rumor that you favored certain players when selecting the lineup. Darren later apologized and asked whether you could start over, but you still control whether his child stays on the team roster for the tournament. You could accept the apology and leave your relationship limited to necessary logistics, or you could meet with Darren to discuss the incident and rebuild enough trust to cooperate again. With the tournament approaching, you have to decide before final travel plans are submitted.",What should you do?,"Accept Darren’s apology, keep communication strictly about team logistics, and avoid further personal contact.","Meet with Darren to address the rumor, clarify expectations, and try to rebuild enough trust to work together during the tournament.",sports,A coach must choose between distancing herself from a parent after harm or repairing the working relationship before a tournament.,The tournament timeline leaves little room to both protect boundaries and spend time rebuilding confidence.,This option releases resentment while not requiring a restored relationship beyond basic coordination.,This option seeks renewed trust and cooperation after the wrongdoing.
VP19,Forgiveness: Letting Go vs Reconciliation,04,"Priya moderates a neighborhood online discussion group, and one longtime member, Alex, posted a misleading claim that damaged another member’s reputation. Alex removed the post and apologized, then asked whether Priya would be willing to let him remain an active moderator. Priya could treat the apology as sufficient and keep Alex on only limited, impersonal duties, or she could work with him on a trust-restoration plan before allowing him back into a stronger role. Because the group has a moderation review meeting tonight, she must decide quickly.",What should Priya do?,"You moderate a neighborhood online discussion group, and one longtime member, Alex, posted a misleading claim that damaged another member’s reputation. Alex removed the post and apologized, then asked whether you would be willing to let him remain an active moderator. You could treat the apology as sufficient and keep Alex on only limited, impersonal duties, or you could work with him on a trust-restoration plan before allowing him back into a stronger role. Because the group has a moderation review meeting tonight, you must decide quickly.",What should you do?,"Accept the apology, limit Alex to routine tasks, and keep the relationship focused on group rules rather than rebuilding closeness.","Discuss a trust-restoration plan with Alex, review expectations together, and try to rebuild the working relationship before the review meeting.",online community,A moderator must choose between keeping distance after a harmful post or rebuilding a moderator relationship.,An imminent review meeting makes it hard to both reset boundaries and conduct a fuller trust-repair process.,This option prioritizes releasing anger without restoring the relationship beyond functional limits.,This option prioritizes restoring trust and the working relationship after the wrongdoing.
VP19,Forgiveness: Letting Go vs Reconciliation,05,"Thomas runs a small independent bookstore, and his accountant, Nia, missed a filing deadline that led to a fee. Nia apologized and offered to correct the records, but Thomas must decide whether she should continue handling the books for the store. He could accept the apology and move the accounting to another person without further discussion, or he could keep Nia in place while working through the error and rebuilding confidence in her work. Because quarterly tax documents are due next week, he cannot spend long weighing both paths.",What should Thomas do?,"You run a small independent bookstore, and your accountant, Nia, missed a filing deadline that led to a fee. Nia apologized and offered to correct the records, but you must decide whether she should continue handling the books for the store. You could accept the apology and move the accounting to another person without further discussion, or you could keep Nia in place while working through the error and rebuilding confidence in her work. Because quarterly tax documents are due next week, you cannot spend long weighing both paths.",What should you do?,"Accept Nia’s apology, reassign the accounting work, and keep the relationship limited to the present mistake.","Keep Nia on the books, review the error with her, and work toward restoring trust in her handling of the accounting.",business,A shop owner must choose between ending a working relationship after a mistake or repairing it before a filing deadline.,The tax deadline creates pressure to act now rather than spend time on both accountability and relationship repair.,This option expresses letting go of the grievance without rebuilding the professional relationship.,This option expresses seeking to rebuild trust and continue the relationship.
VP19,Forgiveness: Letting Go vs Reconciliation,06,"Elena volunteers at a community food pantry, and another volunteer, Marcus, repeatedly ignored her instructions during a busy distribution shift. Marcus later apologized and asked if he could keep serving on her team, but Elena still assigns roles for the next month’s shifts. She could accept the apology and keep Marcus on simple, separate tasks, or she could meet with him to rebuild trust and continue working side by side. Because the pantry is short on volunteers next month, she needs to decide before the schedule is posted.",What should Elena do?,"You volunteer at a community food pantry, and another volunteer, Marcus, repeatedly ignored your instructions during a busy distribution shift. Marcus later apologized and asked if he could keep serving on your team, but you still assign roles for the next month’s shifts. You could accept the apology and keep Marcus on simple, separate tasks, or you could meet with him to rebuild trust and continue working side by side. Because the pantry is short on volunteers next month, you need to decide before the schedule is posted.",What should you do?,"Accept Marcus’s apology, assign him only basic tasks, and keep the working relationship at a distance.","Meet with Marcus about the shift problems, set expectations for future work, and try to rebuild trust before the schedule is posted.",community service,A volunteer coordinator must choose between limiting contact after repeated frustration or rebuilding a cooperative volunteering relationship.,The upcoming schedule posting leaves little time to both protect the workflow and repair the relationship.,This option releases resentment while not requiring a renewed working relationship.,This option prioritizes repairing trust and the working relationship.
VP19,Forgiveness: Letting Go vs Reconciliation,07,"Daniel teaches an adult evening class, and one student, Rosa, copied part of another student’s work in a draft submission. Rosa admitted it and apologized, then asked whether Daniel would let her continue in the class project group. Daniel could accept the apology, let the matter rest, and keep her separate from the other students, or he could meet with her and the group to rebuild enough trust for continued collaboration. Because the project deadline is in three days, he must decide how to respond now.",What should Daniel do?,"You teach an adult evening class, and one student, Rosa, copied part of another student’s work in a draft submission. Rosa admitted it and apologized, then asked whether you would let her continue in the class project group. You could accept the apology, let the matter rest, and keep her separate from the other students, or you could meet with her and the group to rebuild enough trust for continued collaboration. Because the project deadline is in three days, you must decide how to respond now.",What should you do?,"Accept Rosa’s apology, keep her work separate from the group, and move forward without trying to restore the broader relationship.","Meet with Rosa and the group, address the copying incident, and try to rebuild trust so she can continue collaborating.",education,An instructor must choose between distancing a student after academic misconduct or rebuilding the class relationship.,The approaching project deadline limits the time available for both accountability and relationship repair.,This option emphasizes letting go of resentment while not restoring the relationship.,This option emphasizes rebuilding trust and the relationship after the wrongdoing.
VP19,Forgiveness: Letting Go vs Reconciliation,08,"Hassan supervises a small delivery route, and his driver, Ben, damaged a package after ignoring Hassan’s instructions. Ben apologized and asked to stay on Hassan’s route, but Hassan still decides which driver will cover the busiest shifts next month. He could accept the apology and keep Ben on only the simplest stops, or he could place Ben back on the route and work on restoring confidence through closer oversight. Because next month’s schedule must be finalized today, Hassan cannot delay the decision.",What should Hassan do?,"You supervise a small delivery route, and your driver, Ben, damaged a package after ignoring your instructions. Ben apologized and asked to stay on your route, but you still decide which driver will cover the busiest shifts next month. You could accept the apology and keep Ben on only the simplest stops, or you could place Ben back on the route and work on restoring confidence through closer oversight. Because next month’s schedule must be finalized today, you cannot delay the decision.",What should you do?,"Accept Ben’s apology, assign him to the simplest stops, and avoid rebuilding a closer working relationship.","Keep Ben on the route, review the mistake with him, and try to restore trust through closer oversight.",workplace logistics,A route supervisor must choose whether to keep distance after a mistake or reintegrate the driver and rebuild trust.,"The route schedule has to be finalized today, leaving little time for both a clean break and a trust-building process.",This option expresses letting go of resentment without restoring the relationship.,This option expresses seeking to rebuild trust and the working relationship.
VP19,Forgiveness: Letting Go vs Reconciliation,09,"Nora leads a community theater group, and the set designer, Owen, excluded her from a planning meeting and later admitted it was deliberate. Owen apologized and asked whether he could keep working on the production, but Nora must decide whether to assign him the remaining set tasks. She could accept the apology and keep their contact limited to essential messages, or she could meet with him to rebuild trust before the opening night rush. Since rehearsals begin tomorrow, she has limited time to handle the issue.",What should Nora do?,"You lead a community theater group, and the set designer, Owen, excluded you from a planning meeting and later admitted it was deliberate. Owen apologized and asked whether he could keep working on the production, but you must decide whether to assign him the remaining set tasks. You could accept the apology and keep your contact limited to essential messages, or you could meet with him to rebuild trust before the opening night rush. Since rehearsals begin tomorrow, you have limited time to handle the issue.",What should you do?,"Accept Owen’s apology, limit contact to essential messages, and continue the production without trying to restore closeness.","Meet with Owen before rehearsals, address the exclusion, and try to rebuild trust so the production can continue smoothly.",arts/community,A theater leader must choose between distancing a collaborator after exclusion or repairing the relationship before rehearsals.,"Rehearsals begin tomorrow, so there is little time to both protect boundaries and rebuild trust.",This option prioritizes releasing anger without requiring a restored relationship.,This option prioritizes rebuilding trust and the relationship through direct discussion.
VP19,Forgiveness: Letting Go vs Reconciliation,10,"Clara organizes a local book club, and one member, Devin, circulated spoilers from a shared novel before the discussion meeting. Devin apologized and asked if Clara would still let him host next month’s meeting at his apartment. Clara could accept the apology and keep him as a regular attendee without rebuilding a closer connection, or she could let him host and use that event to restore trust. Because the next meeting is in two days, she has to decide immediately.",What should Clara do?,"You organize a local book club, and one member, Devin, circulated spoilers from a shared novel before the discussion meeting. Devin apologized and asked if you would still let him host next month’s meeting at his apartment. You could accept the apology and keep him as a regular attendee without rebuilding a closer connection, or you could let him host and use that event to restore trust. Because the next meeting is in two days, you have to decide immediately.",What should you do?,"Accept Devin’s apology, keep him as a regular attendee, and leave the relationship at a polite distance.","Let Devin host the next meeting, discuss the spoilers with him, and try to rebuild trust through shared planning.",social group,A club organizer must choose between maintaining distance after a social breach or using a shared event to repair the relationship.,"The next meeting is imminent, so there is little time for both a reset of boundaries and a trust-building plan.",This option releases resentment without requiring the relationship to be restored.,This option seeks rebuilding trust and the relationship after the wrongdoing.
VP19,Forgiveness: Letting Go vs Reconciliation,11,"Imani manages a hospital volunteer desk, and one volunteer, Seth, shared a patient’s room number in a casual conversation against policy. Seth apologized and asked whether he could remain on the schedule, but Imani controls the assignments for the next two weeks. She could accept the apology and remove him from direct contact while keeping the incident closed, or she could keep him scheduled and work with him to rebuild trust in handling sensitive information. Because the volunteer schedule is being published this afternoon, she must choose now.",What should Imani do?,"You manage a hospital volunteer desk, and one volunteer, Seth, shared a patient’s room number in a casual conversation against policy. Seth apologized and asked whether he could remain on the schedule, but you control the assignments for the next two weeks. You could accept the apology and remove him from direct contact while keeping the incident closed, or you could keep him scheduled and work with him to rebuild trust in handling sensitive information. Because the volunteer schedule is being published this afternoon, you must choose now.",What should you do?,"Accept Seth’s apology, remove him from direct contact, and move on without rebuilding the working relationship.","Keep Seth on the schedule, review the mistake with him, and try to rebuild trust around handling sensitive information.",public service/healthcare,A volunteer coordinator must choose between limiting future contact after a policy breach or rebuilding trust in a sensitive setting.,The schedule publication deadline leaves no time to both separate duties and restore confidence fully.,This option emphasizes letting go of resentment without restoring the relationship.,This option emphasizes actively rebuilding trust and the relationship.
VP19,Forgiveness: Letting Go vs Reconciliation,12,"Victor chairs a tenant association, and one committee member, Anya, sent a harsh email that unfairly blamed him for a delayed repair. Anya later apologized and asked whether Victor would still include her in the next meeting about building issues. Victor could accept the apology and keep their interaction minimal, or he could invite her back into the process and work on rebuilding trust before the meeting with the landlord. Because the landlord’s meeting is tomorrow, Victor has to settle on a plan quickly.",What should Victor do?,"You chair a tenant association, and one committee member, Anya, sent a harsh email that unfairly blamed you for a delayed repair. Anya later apologized and asked whether you would still include her in the next meeting about building issues. You could accept the apology and keep your interaction minimal, or you could invite her back into the process and work on rebuilding trust before the meeting with the landlord. Because the landlord’s meeting is tomorrow, you have to settle on a plan quickly.",What should you do?,"Accept Anya’s apology, keep the interaction minimal, and handle the meeting without restoring the relationship.","Invite Anya into the preparation for the meeting, discuss the email directly, and try to rebuild trust before speaking with the landlord.",housing/community,A tenant leader must choose between maintaining distance after an unfair accusation or repairing the committee relationship.,"The landlord meeting is imminent, making it hard to both contain the conflict and rebuild trust first.",This option focuses on releasing resentment without requiring restored cooperation.,This option focuses on rebuilding trust and the relationship through joint preparation.
VP19,Forgiveness: Letting Go vs Reconciliation,13,"Grace runs a small music school, and one instructor, Felix, ignored her schedule and canceled a recital rehearsal without telling her. Felix apologized and asked whether he could stay on for the final concert, but Grace still decides who will oversee the event next weekend. She could accept the apology and keep Felix on a restricted role without further repair, or she could work with him to restore trust and keep him fully involved. Because the concert is approaching, she cannot spend long on the decision.",What should Grace do?,"You run a small music school, and one instructor, Felix, ignored your schedule and canceled a recital rehearsal without telling you. Felix apologized and asked whether he could stay on for the final concert, but you still decide who will oversee the event next weekend. You could accept the apology and keep Felix on a restricted role without further repair, or you could work with him to restore trust and keep him fully involved. Because the concert is approaching, you cannot spend long on the decision.",What should you do?,"Accept Felix’s apology, place him in a restricted role, and leave the relationship at a professional distance.","Keep Felix fully involved, review the scheduling problem with him, and try to rebuild trust before the concert.",education/arts,A school director must choose between limiting an instructor after a scheduling breach or repairing the collaboration before a concert.,"The concert is near, so there is limited time to both manage the harm and rebuild trust.",This option lets go of resentment while not restoring the relationship.,This option seeks trust restoration and a renewed working relationship.
VP19,Forgiveness: Letting Go vs Reconciliation,14,"Omar leads a neighborhood repair crew, and one regular helper, Tessa, took tools home without asking and returned them late. Tessa apologized and asked whether she could still help on the next project, but Omar has to decide who will be assigned first when supplies are limited. He could accept the apology and keep her on separate, simple tasks, or he could keep her in the main group and rebuild trust through closer coordination. Because the next repair starts at the end of the week, he must make the assignment today.",What should Omar do?,"You lead a neighborhood repair crew, and one regular helper, Tessa, took tools home without asking and returned them late. Tessa apologized and asked whether she could still help on the next project, but you have to decide who will be assigned first when supplies are limited. You could accept the apology and keep her on separate, simple tasks, or you could keep her in the main group and rebuild trust through closer coordination. Because the next repair starts at the end of the week, you must make the assignment today.",What should you do?,"Accept Tessa’s apology, assign her simple tasks, and keep the relationship limited to the project at hand.","Keep Tessa in the main group, review the tool problem with her, and try to rebuild trust through closer coordination.",community work,A crew leader must choose between keeping distance after a minor misuse of tools or rebuilding a closer working relationship.,Limited supplies and an imminent project force a quick choice between separation and renewed cooperation.,This option emphasizes letting go of anger without restoring the relationship.,This option emphasizes rebuilding trust and the relationship.
VP19,Forgiveness: Letting Go vs Reconciliation,15,"Sara coordinates a volunteer reading program at a library, and one mentor, Paul, corrected a child harshly during a session in front of others. Paul apologized and asked whether he could continue mentoring if Sara gave him another chance. Sara could accept the apology and keep him on a narrower schedule without trying to restore a closer partnership, or she could schedule a meeting to rebuild trust before the next session. Because the program resumes this weekend, she has only one day to respond.",What should Sara do?,"You coordinate a volunteer reading program at a library, and one mentor, Paul, corrected a child harshly during a session in front of others. Paul apologized and asked whether he could continue mentoring if you gave him another chance. You could accept the apology and keep him on a narrower schedule without trying to restore a closer partnership, or you could schedule a meeting to rebuild trust before the next session. Because the program resumes this weekend, you have only one day to respond.",What should you do?,"Accept Paul’s apology, reduce his schedule, and leave the relationship at a functional distance.","Schedule a meeting with Paul, discuss the incident, and try to rebuild trust before the next session.",library/volunteer program,A program coordinator must choose between limiting a mentor after a public mistake or repairing the mentorship relationship.,"The program resumes very soon, leaving little time for both caution and relationship repair.",This option focuses on accepting the apology while not restoring the relationship fully.,This option focuses on rebuilding trust and continued collaboration.
VP19,Forgiveness: Letting Go vs Reconciliation,16,"Benita manages an online study forum, and one contributor, Kai, shared answers to a graded quiz in the group chat. Kai apologized and asked whether Benita would let him stay in the forum as an active helper, but Benita still controls membership approvals for the next study cycle. She could accept the apology and keep him as a passive participant, or she could reopen contact with him and work toward restoring trust before the next cycle starts. Because registration closes tonight, Benita has to decide now.",What should Benita do?,"You manage an online study forum, and one contributor, Kai, shared answers to a graded quiz in the group chat. Kai apologized and asked whether you would let him stay in the forum as an active helper, but you still control membership approvals for the next study cycle. You could accept the apology and keep him as a passive participant, or you could reopen contact with him and work toward restoring trust before the next cycle starts. Because registration closes tonight, you have to decide now.",What should you do?,"Accept Kai’s apology, keep him as a passive participant, and avoid trying to restore a closer relationship.","Reopen contact with Kai, discuss the quiz-sharing issue, and try to rebuild trust before the next cycle starts.",online education,A forum manager must choose between limiting involvement after cheating or rebuilding trust before the next study cycle.,"Registration closes tonight, so there is little time to both protect the group and repair the relationship.",This option expresses letting go without requiring a restored relationship.,This option expresses seeking reconciliation through renewed trust.
VP19,Forgiveness: Letting Go vs Reconciliation,17,"Aiden supervises a small landscaping crew, and his partner on the job, Marisol, took a client call and promised changes Aiden had not approved. Marisol later apologized and asked whether they could continue splitting jobs as usual, but Aiden still decides the staffing for the next week. He could accept the apology and keep their contact limited to task updates, or he could work with Marisol to rebuild trust before the next client visit. Because the next site check is on Monday, the choice cannot be delayed.",What should Aiden do?,"You supervise a small landscaping crew, and your partner on the job, Marisol, took a client call and promised changes you had not approved. Marisol later apologized and asked whether you could continue splitting jobs as usual, but you still decide the staffing for the next week. You could accept the apology and keep your contact limited to task updates, or you could work with Marisol to rebuild trust before the next client visit. Because the next site check is on Monday, the choice cannot be delayed.",What should you do?,"Accept Marisol’s apology, keep contact limited to task updates, and move ahead without restoring the working partnership.","Work with Marisol on the client issue, clarify expectations, and try to rebuild trust before the next site check.",workplace/service,A crew supervisor must choose between limiting collaboration after an overstep or restoring a working partnership before a client visit.,The upcoming site check forces a quick decision between separation and relationship repair.,This option prioritizes releasing resentment without rebuilding the relationship.,This option prioritizes rebuilding trust and cooperation.
VP19,Forgiveness: Letting Go vs Reconciliation,18,"Marta leads a parents’ committee for a school fundraiser, and one member, Owen, spent donated supplies on an unrelated event without permission. Owen apologized and asked whether he could stay involved in planning the fundraiser, but Marta must decide how to handle the committee before printing materials tomorrow. She could accept the apology and keep Owen away from further planning while leaving the issue closed, or she could keep him involved and try to rebuild trust through direct discussion. The printing deadline leaves little room for a longer response.",What should Marta do?,"You lead a parents’ committee for a school fundraiser, and one member, Owen, spent donated supplies on an unrelated event without permission. Owen apologized and asked whether he could stay involved in planning the fundraiser, but you must decide how to handle the committee before printing materials tomorrow. You could accept the apology and keep Owen away from further planning while leaving the issue closed, or you could keep him involved and try to rebuild trust through direct discussion. The printing deadline leaves little room for a longer response.",What should you do?,"Accept Owen’s apology, keep him out of further planning, and leave the relationship at a practical distance.","Keep Owen involved in planning, discuss the misuse of supplies, and try to rebuild trust before the materials are printed.",school/community,A committee leader must choose between separation after misuse of supplies or rebuilding a planning relationship.,The next-day printing deadline limits the time available for both guarding the fundraiser and restoring trust.,This option releases anger without requiring restoration of the relationship.,This option seeks restoration of trust and continued collaboration.
VP19,Forgiveness: Letting Go vs Reconciliation,19,"Joseph manages a small software support team, and one technician, Petra, deleted a shared file during a rushed update. Petra admitted the mistake and apologized, then asked whether Joseph would still let her handle part of the next release. Joseph could accept the apology and reassign her to isolated tasks, or he could keep her on the release and work through the error to rebuild trust. Because the release is scheduled for the end of the week, he has to choose a response now.",What should Joseph do?,"You manage a small software support team, and one technician, Petra, deleted a shared file during a rushed update. Petra admitted the mistake and apologized, then asked whether you would still let her handle part of the next release. You could accept the apology and reassign her to isolated tasks, or you could keep her on the release and work through the error to rebuild trust. Because the release is scheduled for the end of the week, you have to choose a response now.",What should you do?,"Accept Petra’s apology, reassign her to isolated tasks, and move forward without restoring the working relationship.","Keep Petra on the release, review the mistake with her, and try to rebuild trust through shared responsibility.",technology/workplace,A manager must choose between isolating a technician after an error or rebuilding trust before a release.,The release deadline leaves limited time to both stabilize the project and repair the working relationship.,This option emphasizes letting go while not restoring the relationship.,This option emphasizes seeking trust and relationship repair.
VP19,Forgiveness: Letting Go vs Reconciliation,20,"Lena coordinates a hiking club, and a longtime member, Chris, revealed a private route plan to outsiders after being asked not to share it. Chris apologized and asked whether he could still join the planning trips, but Lena decides who will lead the next outing. She could accept the apology and keep Chris on the guest list without rebuilding a closer connection, or she could invite him into planning and work to restore trust before the outing. Because permits and headcounts must be submitted tonight, she has to make the choice now.",What should Lena do?,"You coordinate a hiking club, and a longtime member, Chris, revealed a private route plan to outsiders after being asked not to share it. Chris apologized and asked whether he could still join the planning trips, but you decide who will lead the next outing. You could accept the apology and keep Chris on the guest list without rebuilding a closer connection, or you could invite him into planning and work to restore trust before the outing. Because permits and headcounts must be submitted tonight, you have to make the choice now.",What should you do?,"Accept Chris’s apology, keep him on the guest list, and avoid reopening the relationship beyond basic participation.","Invite Chris into the planning trips, discuss the disclosure with him, and try to rebuild trust before the outing.",recreation/outdoors,A club organizer must choose between limited participation after a breach of confidence or active relationship repair before an outing.,"Permits and headcounts are due tonight, so there is little time for both boundary-setting and trust rebuilding.",This option centers on letting go of anger without restoring the relationship.,This option centers on rebuilding trust and the relationship after wrongdoing.
VP20,Cooperation: Division of Labor vs Joint Participation,01,"Maya manages a neighborhood food drive that must be packed and labeled before the vans arrive that afternoon. Two volunteers can handle inventory and label sorting quickly, while the rest can either be assigned to separate stations or work together at the tables. She wants the boxes finished on time, but she also knows several new volunteers need practice with the full packing process so they can help again next month. The room only has enough space for one of the two work setups.",What should Maya do?,"You manage a neighborhood food drive that must be packed and labeled before the vans arrive that afternoon. Two volunteers can handle inventory and label sorting quickly, while the rest can either be assigned to separate stations or work together at the tables. You want the boxes finished on time, but you also know several new volunteers need practice with the full packing process so they can help again next month. The room only has enough space for one of the two work setups.",What should you do?,Assign each volunteer to a separate packing station based on task area so the work can move faster.,Have the volunteers pack and label the boxes together at the same tables so everyone takes part in the full process.,Community service,A volunteer coordinator must choose how the team will organize packing for a food drive.,"The available space and time allow either a specialized station setup or a shared table setup, but not both in full.",This option emphasizes dividing roles by task area so different people handle distinct parts of the job efficiently.,This option emphasizes everyone participating together in the main packing process rather than splitting into separate tasks.
VP20,Cooperation: Division of Labor vs Joint Participation,02,"Ethan is leading a seven-person class project on local water use, and the final presentation is due in two days. One student is especially good with charts, another with speaking, and another with checking sources, which could make the work move quickly if they split duties. At the same time, the instructor wants every student to understand the whole project and answer questions during the presentation. Ethan only has one more meeting before everyone becomes unavailable.",What should Ethan do?,"You are leading a seven-person class project on local water use, and the final presentation is due in two days. One student is especially good with charts, another with speaking, and another with checking sources, which could make the work move quickly if they split duties. At the same time, the instructor wants every student to understand the whole project and answer questions during the presentation. You only have one more meeting before everyone becomes unavailable.",What should you do?,Assign each student a separate part of the project that matches their strongest area before the deadline.,Keep the group together for the main drafting and rehearsal so everyone works through the project side by side.,Education,A student team leader must choose between splitting project responsibilities or having everyone work through the project together.,"There is only one remaining meeting, so the group must either divide tasks for speed or stay together for shared understanding.",This option prioritizes role specialization by giving each student a distinct part that fits their strengths.,This option prioritizes joint participation in the core work so all students remain involved in the main process.
VP20,Cooperation: Division of Labor vs Joint Participation,03,"Noah supervises the opening week of a small café, and the morning rush has been causing delays. He can assign one worker to espresso drinks, one to register, and one to pastry prep, which would likely keep the line moving smoothly. However, the owner also wants the staff to learn the full workflow so anyone can step in when someone is absent. With only three workers on the busiest morning, Noah has to choose a single setup for the shift.",What should Noah do?,"You supervise the opening week of a small café, and the morning rush has been causing delays. You can assign one worker to espresso drinks, one to register, and one to pastry prep, which would likely keep the line moving smoothly. However, the owner also wants the staff to learn the full workflow so anyone can step in when someone is absent. With only three workers on the busiest morning, you have to choose a single setup for the shift.",What should you do?,"Assign one worker to espresso, one to the register, and one to pastry prep for the whole shift.","Have the three workers rotate through making drinks, ringing orders, and preparing pastries together during the shift.",Workplace,A café supervisor must decide whether to keep workers in fixed roles or rotate them through the main tasks.,"The busiest morning leaves no extra staff, so the shift can be organized either for efficiency or for shared involvement, but not both fully.",This option expresses division of labor by giving each worker one specialized station.,This option expresses joint participation by having everyone take part in the core tasks together through rotation.
VP20,Cooperation: Division of Labor vs Joint Participation,04,"Leila directs a weekend family reunion meal, and the kitchen is small enough that only one cooking plan will fit comfortably. Her cousin can handle grilling, her aunt is best at salads, and her brother can manage drinks, which would let the meal come together quickly. But several relatives have asked to cook together so they can share recipes and spend time in the kitchen. Leila must settle on a single plan before the shopping trip ends.",What should Leila do?,"You direct a weekend family reunion meal, and the kitchen is small enough that only one cooking plan will fit comfortably. Your cousin can handle grilling, your aunt is best at salads, and your brother can manage drinks, which would let the meal come together quickly. But several relatives have asked to cook together so they can share recipes and spend time in the kitchen. You must settle on a single plan before the shopping trip ends.",What should you do?,Assign each relative a separate dish or station so the meal can be prepared efficiently.,Have the relatives prepare the main dishes together in the kitchen so everyone takes part in the cooking.,Family,A family meal organizer must choose between assigning separate kitchen roles or cooking the main dishes together.,The small kitchen and limited planning time force a choice between efficient specialization and shared participation.,This option emphasizes splitting the meal into separate responsibilities matched to each person.,This option emphasizes taking part together in the core cooking rather than dividing the work into separate stations.
VP20,Cooperation: Division of Labor vs Joint Participation,05,"Priya runs a volunteer cleanup at a city park, and the crew has only one morning before a public event uses the area. One team can gather litter by zones while another handles bag removal and sorting, which would cover more ground quickly. Priya also knows the newer volunteers learn faster when they walk the route together and see the whole cleanup process. The group has enough gloves and bags for only one style of organization.",What should Priya do?,"You run a volunteer cleanup at a city park, and the crew has only one morning before a public event uses the area. One team can gather litter by zones while another handles bag removal and sorting, which would cover more ground quickly. You also know the newer volunteers learn faster when they walk the route together and see the whole cleanup process. The group has enough gloves and bags for only one style of organization.",What should you do?,"Divide the volunteers into separate teams for collecting litter, hauling bags, and sorting recyclables.",Keep the volunteers moving through the park together so everyone handles the cleanup route and bagging process jointly.,Community organization,A cleanup organizer must choose between zone-based task splitting and a shared route-based cleanup.,Limited supplies and one morning of work mean the group can either divide into specialized teams or stay together for the main cleanup process.,This option prioritizes organized role division across separate cleanup tasks.,This option prioritizes joint participation by having everyone work through the cleanup process together.
VP20,Cooperation: Division of Labor vs Joint Participation,06,"Jonas moderates a small online forum that plans monthly game nights, and the next event must be finalized tonight. One member can draft the schedule, another can set up the video room, and another can post reminders, which would let the details get finished quickly. However, the regulars have said they want to help shape the actual event flow together so the night feels like a shared project. Jonas only has one planning call left before the announcement goes out.",What should Jonas do?,"You moderate a small online forum that plans monthly game nights, and the next event must be finalized tonight. One member can draft the schedule, another can set up the video room, and another can post reminders, which would let the details get finished quickly. However, the regulars have said they want to help shape the actual event flow together so the night feels like a shared project. You only have one planning call left before the announcement goes out.",What should you do?,"Split the planning tasks so one member drafts the schedule, another handles the room setup, and another posts reminders.",Keep the members working together on the event plan during the call so everyone helps shape the main decisions.,Online community,A forum moderator must choose between assigning planning roles or planning the event together in one call.,"The final call is the only time available, so the group must either divide preparation work or jointly handle the core planning.",This option expresses division of labor by distributing different planning responsibilities to different members.,This option expresses joint participation by having members take part together in the key planning process.
VP20,Cooperation: Division of Labor vs Joint Participation,07,"Clara coordinates a school science fair booth, and only four students can fit behind the display table at once. One student is strong at explaining the model, another at keeping the materials organized, and another at handling visitors’ questions, which would make the booth run smoothly. Still, the teacher wants all of them to understand the exhibit in case judges ask follow-up questions. Clara must choose how the students will run the booth during the fair.",What should Clara do?,"You coordinate a school science fair booth, and only four students can fit behind the display table at once. One student is strong at explaining the model, another at keeping the materials organized, and another at handling visitors’ questions, which would make the booth run smoothly. Still, the teacher wants all of them to understand the exhibit in case judges ask follow-up questions. You must choose how the students will run the booth during the fair.",What should you do?,Assign each student a separate booth role based on the part of the exhibit they handle best.,Have the students present the model and answer questions together so everyone participates in the core demonstration.,Education,A science fair coordinator must decide whether students will use separate booth roles or present jointly.,The small booth and judge expectations create a choice between efficient role division and shared involvement in the demonstration.,This option emphasizes specialization by giving each student a separate function at the booth.,This option emphasizes joint participation by having the students work through the demonstration together.
VP20,Cooperation: Division of Labor vs Joint Participation,08,"Hannah leads a volunteer crew assembling emergency supply kits after a storm, and the shipment has to be sorted before evening. One group could handle water, another batteries, and another first-aid items, which would let the kits be completed faster. But several volunteers are new and need to learn the full assembly process if they are to help with future deliveries. There is only enough floor space to set up one assembly arrangement.",What should Hannah do?,"You lead a volunteer crew assembling emergency supply kits after a storm, and the shipment has to be sorted before evening. One group could handle water, another batteries, and another first-aid items, which would let the kits be completed faster. But several volunteers are new and need to learn the full assembly process if they are to help with future deliveries. There is only enough floor space to set up one assembly arrangement.",What should you do?,"Set up separate stations for water, batteries, and first-aid items so each volunteer group focuses on one part.",Have the volunteers assemble the kits together at shared tables so everyone works through the whole process.,Disaster relief,A supply kit leader must choose between station-based assembly and shared-table assembly.,"Limited floor space means the team can either split into specialized stations or work together at shared tables, but not both.",This option prioritizes dividing the assembly into specialized stations for each task area.,This option prioritizes joint participation in the main assembly process.
VP20,Cooperation: Division of Labor vs Joint Participation,09,"Marcus supervises a public library’s literacy workshop, and he has only one afternoon room booking. One librarian is better at selecting books, another at leading reading aloud, and another at tracking attendance, which could keep the workshop organized. At the same time, the library director wants patrons to see the staff model the reading activity together. Marcus has to pick the setup for the workshop before the room opens.",What should Marcus do?,"You supervise a public library’s literacy workshop, and you have only one afternoon room booking. One librarian is better at selecting books, another at leading reading aloud, and another at tracking attendance, which could keep the workshop organized. At the same time, the library director wants patrons to see the staff model the reading activity together. You have to pick the setup for the workshop before the room opens.",What should you do?,Assign each librarian a separate workshop task so the program runs through its parts efficiently.,Have the librarians lead the reading workshop together so everyone participates in the main activity.,Public service,A library supervisor must choose between dividing workshop responsibilities and leading the workshop jointly.,"Only one room booking is available, so the team must choose either efficient role division or shared participation in the main activity.",This option expresses specialization by separating the workshop into distinct roles.,This option expresses joint participation by having the librarians share the core reading activity.
VP20,Cooperation: Division of Labor vs Joint Participation,10,"Talia organizes a neighborhood garden workday, and the raised beds need planting before a dry spell arrives. One neighbor can handle seedlings, another can carry mulch, and another can water, which would get the beds finished quickly. Yet several participants want to learn the full gardening routine by doing the planting together rather than only one piece. There are only enough tools for one structured setup in the small garden shed.",What should Talia do?,"You organize a neighborhood garden workday, and the raised beds need planting before a dry spell arrives. One neighbor can handle seedlings, another can carry mulch, and another can water, which would get the beds finished quickly. Yet several participants want to learn the full gardening routine by doing the planting together rather than only one piece. There are only enough tools for one structured setup in the small garden shed.",What should you do?,"Assign each neighbor a separate gardening role for seedlings, mulch, or watering.",Have the neighbors plant and water the beds together so everyone takes part in the main work.,Community garden,A garden organizer must choose between separate task assignments and doing the planting work together.,Limited tools and time before dry weather create a choice between efficiency and shared participation in the core task.,This option prioritizes role division by assigning each person a different gardening function.,This option prioritizes joint participation by having everyone work through the planting process together.
VP20,Cooperation: Division of Labor vs Joint Participation,11,"Owen leads a student robotics club preparing for a regional demo, and the robot must be tested tonight. One member is strong at coding, another at wiring, and another at documenting the build, which would help the team move quickly. But the club advisor wants everyone to understand the robot well enough to explain it during the demo. Owen only has the evening lab slot to decide how the team will work.",What should Owen do?,"You lead a student robotics club preparing for a regional demo, and the robot must be tested tonight. One member is strong at coding, another at wiring, and another at documenting the build, which would help the team move quickly. But the club advisor wants everyone to understand the robot well enough to explain it during the demo. You only have the evening lab slot to decide how the team will work.",What should you do?,"Give each member a separate part of the robot work so the coding, wiring, and documentation are handled by different people.",Keep the team together for the testing and debugging so everyone works through the robot setup jointly.,Extracurricular club,A robotics leader must decide whether to divide technical tasks or test the robot together.,"The evening lab slot is limited, so the team can either specialize by role or stay together for the core testing process.",This option expresses division of labor by assigning each member a distinct technical area.,This option expresses joint participation by keeping everyone involved in the core testing and debugging.
VP20,Cooperation: Division of Labor vs Joint Participation,12,"Serena manages a small theater group rehearsing a scene with only one rehearsal left before opening night. One actor can handle blocking notes, another can call cues, and another can organize props, which would help the rehearsal stay efficient. At the same time, the director wants the whole cast to work through the scene together so timing and reactions stay coordinated. Serena has only the studio booking to make the decision.",What should Serena do?,"You manage a small theater group rehearsing a scene with only one rehearsal left before opening night. One actor can handle blocking notes, another can call cues, and another can organize props, which would help the rehearsal stay efficient. At the same time, the director wants the whole cast to work through the scene together so timing and reactions stay coordinated. You have only the studio booking to make the decision.",What should you do?,"Assign separate rehearsal duties for blocking notes, cues, and props so each actor focuses on a specific area.",Have the cast rehearse the scene together so everyone takes part in the full run-through.,Arts/rehearsal,A theater manager must choose between a role-divided rehearsal and a group run-through.,"With only one rehearsal slot left, the cast can either split responsibilities or work jointly through the scene.",This option emphasizes efficient role division across the rehearsal tasks.,This option emphasizes joint participation in the core scene rehearsal.
VP20,Cooperation: Division of Labor vs Joint Participation,13,"Ben oversees a makerspace team building simple stools for a charity sale, and the materials are already cut to size. One person can drill, another can sand, and another can assemble, which would likely finish the batch quickly. However, the team also wants newer members to learn the whole build process by taking part in it directly. The workbench area only fits one arrangement of people and tools at a time.",What should Ben do?,"You oversee a makerspace team building simple stools for a charity sale, and the materials are already cut to size. One person can drill, another can sand, and another can assemble, which would likely finish the batch quickly. However, the team also wants newer members to learn the whole build process by taking part in it directly. The workbench area only fits one arrangement of people and tools at a time.",What should you do?,"Set up separate work roles for drilling, sanding, and assembly so the stools move through production faster.",Have the team build the stools together at the same workbench so everyone shares the main construction steps.,Makerspace,A workshop leader must choose between separate production roles and shared construction work.,The limited bench space forces a choice between an efficient assembly line and a joint build process.,This option prioritizes dividing the build into specialized roles.,This option prioritizes taking part together in the core construction process.
VP20,Cooperation: Division of Labor vs Joint Participation,14,"Isabel heads a parent committee planning a school fair raffle, and the tickets must be sorted before the next meeting. One parent can manage ticket numbers, another can collect payments, and another can organize prize entries, which would keep the job moving quickly. But the committee chair also wants everyone to understand how the raffle works so they can explain it to families at the fair. Isabel only has one short planning session to decide the workflow.",What should Isabel do?,"You head a parent committee planning a school fair raffle, and the tickets must be sorted before the next meeting. One parent can manage ticket numbers, another can collect payments, and another can organize prize entries, which would keep the job moving quickly. But the committee chair also wants everyone to understand how the raffle works so they can explain it to families at the fair. You only have one short planning session to decide the workflow.",What should you do?,"Assign each parent a separate raffle task so the tickets, payments, and prize entries are handled by different people.",Have the parents sort the raffle tickets and prize entries together so everyone works through the process jointly.,School community,A committee leader must decide whether parents will divide raffle tasks or work through the raffle process together.,"The short planning session allows either task separation or shared participation, but not both in full.",This option expresses division of labor by assigning separate raffle responsibilities.,This option expresses joint participation by having parents do the core raffle work together.
VP20,Cooperation: Division of Labor vs Joint Participation,15,"Drew coordinates a hiking club’s trail maintenance day, and a fallen branch has blocked part of the path. One member is best with the saw, another with clearing brush, and another with hauling debris, which would make the cleanup faster. Yet the club also wants newer members to learn the maintenance routine by doing it with the experienced hikers. The trailhead storage cabinet has enough tools for only one work layout.",What should Drew do?,"You coordinate a hiking club’s trail maintenance day, and a fallen branch has blocked part of the path. One member is best with the saw, another with clearing brush, and another with hauling debris, which would make the cleanup faster. Yet the club also wants newer members to learn the maintenance routine by doing it with the experienced hikers. The trailhead storage cabinet has enough tools for only one work layout.",What should you do?,"Assign separate trail roles for cutting, brush clearing, and hauling debris so the work is handled efficiently.",Have the hikers clear the trail together so everyone takes part in the main maintenance process.,Recreation club,A hiking club leader must choose between specialized trail roles and shared maintenance work.,The available tools and limited time at the trailhead make it necessary to choose one way of organizing the crew.,This option prioritizes dividing the work by distinct maintenance roles.,This option prioritizes joint participation in the core trail-clearing process.
VP20,Cooperation: Division of Labor vs Joint Participation,16,"Nina manages a church outreach team preparing welcome kits for new residents, and the kits must be ready by Sunday. One person can fold flyers, another can pack snacks, and another can label envelopes, which would help the team finish quickly. Still, several volunteers want to be part of the packing itself so they can understand the whole outreach effort. The small fellowship hall only allows one packing arrangement.",What should Nina do?,"You manage a church outreach team preparing welcome kits for new residents, and the kits must be ready by Sunday. One person can fold flyers, another can pack snacks, and another can label envelopes, which would help the team finish quickly. Still, several volunteers want to be part of the packing itself so they can understand the whole outreach effort. The small fellowship hall only allows one packing arrangement.",What should you do?,"Assign separate roles for folding flyers, packing snacks, and labeling envelopes so the kits are assembled efficiently.",Have the volunteers pack the welcome kits together so everyone shares the main assembly work.,Faith community outreach,An outreach coordinator must choose between separate kit-prep roles and shared assembly.,"The fellowship hall can support only one setup, so the team must choose between efficiency and joint participation.",This option expresses division of labor by assigning different volunteers to different kit tasks.,This option expresses joint participation by keeping the volunteers together in the packing process.
VP20,Cooperation: Division of Labor vs Joint Participation,17,"Felix leads a remote work sprint for a small design team, and the client wants a draft by the end of the day. One designer can handle layout, another can write copy, and another can check spacing, which would make the draft come together quickly. But the team manager also wants everyone to understand the full draft so revisions can happen smoothly later. Felix has only one video meeting before the deadline.",What should Felix do?,"You lead a remote work sprint for a small design team, and the client wants a draft by the end of the day. One designer can handle layout, another can write copy, and another can check spacing, which would make the draft come together quickly. But the team manager also wants everyone to understand the full draft so revisions can happen smoothly later. You have only one video meeting before the deadline.",What should you do?,"Assign separate parts of the draft to the layout, copy, and spacing roles so each designer works independently.",Keep the team in the video meeting to build the draft together so everyone works through the main edits jointly.,Remote work,A team lead must choose between independent role assignments and a shared drafting session.,The single meeting before the deadline creates a choice between efficient task division and joint work on the core draft.,This option prioritizes specialization by giving each designer a different part of the draft.,This option prioritizes joint participation by having the designers work through the draft together.
VP20,Cooperation: Division of Labor vs Joint Participation,18,"Alicia supervises a public health table at a weekend fair, and visitors are starting to arrive. One staff member can handle sign-in forms, another can hand out brochures, and another can answer common questions, which would let the table move efficiently. However, the health department wants all three staff members to learn the conversation script by working the table together for future events. Alicia only has the fair shift to decide how the table will run.",What should Alicia do?,"You supervise a public health table at a weekend fair, and visitors are starting to arrive. One staff member can handle sign-in forms, another can hand out brochures, and another can answer common questions, which would let the table move efficiently. However, the health department wants all three staff members to learn the conversation script by working the table together for future events. You only have the fair shift to decide how the table will run.",What should you do?,"Assign one staff member to sign-in, one to brochures, and one to questions so each task is covered separately.","Have the staff work the table together so everyone takes part in the sign-in, brochure, and question process.",Public service outreach,A supervisor must choose whether staff will split table duties or cover the public health table together.,"The fair shift is the only chance to run the table, so the staff can either divide functions or participate jointly in the core interaction.",This option emphasizes division of labor through separate table roles.,This option emphasizes joint participation in the main public-facing process.
VP20,Cooperation: Division of Labor vs Joint Participation,19,"Gwen leads a neighborhood movie-night committee, and the equipment setup must be finished before guests arrive. One neighbor can manage the projector, another can arrange seating, and another can confirm the snack table, which would keep preparation orderly. But the committee also wants newcomers to learn the full setup so they can help at future movie nights. The community room has room for only one setup pattern.",What should Gwen do?,"You lead a neighborhood movie-night committee, and the equipment setup must be finished before guests arrive. One neighbor can manage the projector, another can arrange seating, and another can confirm the snack table, which would keep preparation orderly. But the committee also wants newcomers to learn the full setup so they can help at future movie nights. The community room has room for only one setup pattern.",What should you do?,"Assign each neighbor a separate setup job for the projector, seating, or snacks so the preparation stays efficient.",Have the neighbors set up the movie night together so everyone works through the main preparation steps.,Neighborhood organization,A committee leader must decide whether to separate setup jobs or prepare the event together.,The single room setup forces a choice between efficient specialization and shared involvement in the main preparation.,This option prioritizes role division across the movie-night setup tasks.,This option prioritizes joint participation in the core setup process.
VP20,Cooperation: Division of Labor vs Joint Participation,20,"Rahul manages a small campus tutoring center, and a review session must be prepared before afternoon appointments begin. One tutor is strongest at examples, another at handouts, and another at tracking questions, which could make the session run efficiently. Still, the director wants all tutors to stay engaged with the full review so any one of them can lead it later in the week. Rahul has only one prep block before the first student arrives.",What should Rahul do?,"You manage a small campus tutoring center, and a review session must be prepared before afternoon appointments begin. One tutor is strongest at examples, another at handouts, and another at tracking questions, which could make the session run efficiently. Still, the director wants all tutors to stay engaged with the full review so any one of them can lead it later in the week. You have only one prep block before the first student arrives.",What should you do?,"Assign separate preparation tasks for examples, handouts, and question tracking so each tutor focuses on one area.",Have the tutors prepare the review session together so everyone takes part in the main planning work.,Education support,A tutoring center manager must choose between specialized preparation and joint preparation for a review session.,"The single prep block means the tutors can either divide the work or prepare the session together, but not fully do both.",This option expresses division of labor by assigning each tutor a separate preparation area.,This option expresses joint participation by having all tutors work together on the core planning.
